PC1,PC2,PC3,cluster,democratic_connection_profile,Democracy satisfaction,Party trust,Political efficacy,Social trust,Income feeling,Left-right placement,Voting participation
0.5693609510830767,0.7458666381296403,0.0223674994395293,1,Connected Democratic Core,8.0,5.0,2.75,3.3333333333333335,1.0,5.0,1
0.6905917847436335,-0.7257625304929596,-0.5771535072367918,1,Connected Democratic Core,7.0,3.0,2.75,7.333333333333333,2.0,3.0,1
1.37996589638956,0.29113841053404127,0.6449925494677287,1,Connected Democratic Core,8.0,7.0,2.0,6.666666666666667,1.0,5.0,1
2.195786299612087,0.6220991034197882,1.1636303152122545,1,Connected Democratic Core,8.0,7.0,3.25,7.333333333333333,1.0,6.0,1
1.6504203926461305,-1.0068212188418453,-0.22302900202789694,1,Connected Democratic Core,9.0,7.0,3.25,4.666666666666667,2.0,3.0,1
0.4598109784213707,-0.1735643952125294,0.3829455552592217,1,Connected Democratic Core,5.0,5.0,2.75,7.0,2.0,5.0,1
-2.9980774121734313,1.3006807602662631,-0.030530530635834274,0,Disappointed Democratic Participants,2.0,0.0,2.0,2.6666666666666665,2.0,7.0,1
0.9623514815017031,0.4419090203108647,-0.3752832039591757,1,Connected Democratic Core,7.0,5.0,3.0,4.666666666666667,1.0,4.0,1
2.294420149619621,-0.00018002542015154073,0.25711527532965517,1,Connected Democratic Core,9.0,7.0,3.0,6.666666666666667,1.0,4.0,1
0.23872243426327885,-0.06411234865655464,0.20463604436975813,1,Connected Democratic Core,6.0,5.0,3.0,4.666666666666667,2.0,5.0,1
-0.6471436678582109,0.8339063234291209,1.5337169501978525,0,Disappointed Democratic Participants,5.0,4.0,2.25,6.0,2.0,8.0,1
2.714532863828509,-0.1757993512750354,-0.2963258798939735,1,Connected Democratic Core,9.0,6.0,3.75,7.0,1.0,3.0,1
0.7632459714394088,0.026901370336628025,0.9709211648290589,1,Connected Democratic Core,6.0,6.0,3.0,6.333333333333333,2.0,6.0,1
1.0782873734072511,1.269063623365854,1.138296353549998,1,Connected Democratic Core,6.0,5.0,3.25,6.666666666666667,1.0,7.0,1
-0.7147258106974078,-0.41869076430406116,-1.0515195686796621,0,Disappointed Democratic Participants,3.0,3.0,2.25,6.0,2.0,3.0,1
-0.9690661454045097,-2.2149368688514888,-2.181524327331359,0,Disappointed Democratic Participants,1.0,5.0,2.0,5.666666666666667,3.0,0.0,1
0.8718923833503603,0.8463061360157483,-0.01571190358616313,1,Connected Democratic Core,7.0,3.0,3.25,6.0,1.0,5.0,1
0.1596307568171647,0.28674046399486314,-0.20380271797479066,1,Connected Democratic Core,8.0,1.0,4.0,4.0,2.0,5.0,1
0.4999136388931248,-0.2060015353060737,-0.3927501081591472,1,Connected Democratic Core,4.0,5.0,3.75,5.0,2.0,4.0,1
1.2529288742932343,-0.7314973940118622,0.26055728560764413,1,Connected Democratic Core,7.0,7.0,2.75,6.333333333333333,2.0,4.0,1
-0.061652744390063574,-0.1862035770771122,0.3731721259985903,0,Disappointed Democratic Participants,3.0,5.0,2.0,8.333333333333334,2.0,5.0,1
1.709399761649234,-0.5905825755513074,-0.7330343094704928,1,Connected Democratic Core,8.0,7.0,2.0,6.666666666666667,1.0,2.0,1
0.23567320799053312,0.7491577852099606,0.03354232444638993,1,Connected Democratic Core,8.0,2.0,2.0,6.666666666666667,1.0,5.0,1
0.02277862461850921,0.9334840966659004,-0.20312368251226892,0,Disappointed Democratic Participants,7.0,2.0,2.5,5.333333333333333,1.0,5.0,1
0.3786965119082501,-0.44406279296086726,-0.1425722460096284,1,Connected Democratic Core,8.0,3.0,2.5,6.333333333333333,2.0,4.0,1
-1.9263250509423337,-3.04039349932902,0.376863296451232,2,Disengaged Non-voters,5.0,1.0,2.5,5.666666666666667,3.0,3.0,0
-2.0639630846832313,-1.7610241279653447,-2.7653004000220944,0,Disappointed Democratic Participants,0.0,0.0,2.0,6.666666666666667,3.0,0.0,1
1.661864150089765,-1.235488853344903,-0.7400566231858434,1,Connected Democratic Core,8.0,6.0,3.25,6.0,2.0,2.0,1
-0.8547656369888353,1.0280276824449583,-0.36987574858458955,0,Disappointed Democratic Participants,4.0,2.0,1.75,6.0,1.0,5.0,1
-2.0123918034407806,-1.744271224830575,1.2512281261996865,2,Disengaged Non-voters,5.0,1.0,1.5,7.0,2.0,5.0,0
-2.5609829272889497,0.38205091962595816,-0.5475022389798776,0,Disappointed Democratic Participants,3.0,1.0,1.0,4.333333333333333,2.0,5.0,1
-1.4241889386240933,0.31345612950760604,-0.3843344613765722,0,Disappointed Democratic Participants,5.0,2.0,2.25,3.3333333333333335,2.0,5.0,1
1.2781095805111615,-0.43532111973774557,0.6985686978426103,1,Connected Democratic Core,9.0,7.0,3.0,4.666666666666667,2.0,5.0,1
0.692027983556942,-1.7398157987923395,-1.8794992440968732,1,Connected Democratic Core,9.0,4.0,2.0,5.333333333333333,2.0,0.0,1
-0.6217537419007093,0.7329081757698012,-0.08020181607354349,0,Disappointed Democratic Participants,7.0,5.0,1.25,3.0,1.0,5.0,1
0.7588312982729027,1.443755030780554,0.9023015078153286,1,Connected Democratic Core,6.0,4.0,3.5,5.666666666666667,1.0,7.0,1
-0.46365448157774947,1.3883409616113676,0.048569071620394554,0,Disappointed Democratic Participants,7.0,0.0,2.5,5.666666666666667,1.0,6.0,1
0.39727210111340355,-1.2790464513484447,0.8787494142130151,1,Connected Democratic Core,8.0,5.0,2.25,7.333333333333333,3.0,5.0,1
2.666464642723312,-0.014640356543036569,0.29971795018695324,1,Connected Democratic Core,9.0,8.0,3.5,6.0,1.0,4.0,1
-0.9086158343268316,-0.35602375723378676,-1.1346370898344342,0,Disappointed Democratic Participants,2.0,3.0,2.25,6.0,2.0,3.0,1
-2.326903714446627,-1.1911636531128873,1.4155479094845729,2,Disengaged Non-voters,2.0,1.0,2.25,6.666666666666667,2.0,6.0,0
0.9748372389992925,0.6345772366962239,0.2070202885818217,1,Connected Democratic Core,8.0,5.0,2.75,5.0,1.0,5.0,1
0.3812702564437968,-0.9191472637864012,0.3939828158292408,1,Connected Democratic Core,6.0,8.0,1.0,7.0,2.0,4.0,1
-1.5259586972445214,-2.199128089776042,0.9995353720670231,2,Disengaged Non-voters,5.0,3.0,1.5,6.666666666666667,2.0,4.0,0
-1.516885387910668,-2.9732820959707866,1.944082789387723,2,Disengaged Non-voters,5.0,5.0,1.5,7.0,3.0,5.0,0
0.5835789949302527,0.8598570307013758,0.7374647007676659,1,Connected Democratic Core,8.0,4.0,2.0,6.666666666666667,1.0,6.0,1
0.40081242900521635,-1.1905735799749233,-0.9209709863979074,1,Connected Democratic Core,9.0,4.0,1.75,5.666666666666667,2.0,2.0,1
-1.4794409020528647,-0.7184888606762696,0.8557122769483975,2,Disengaged Non-voters,3.0,3.0,2.5,4.666666666666667,1.0,5.0,0
1.0703597316524598,0.6371495904846746,0.23245247489138787,1,Connected Democratic Core,8.0,4.0,2.75,6.333333333333333,1.0,5.0,1
-1.293168440958549,2.0823614401780612,0.011965220788315233,0,Disappointed Democratic Participants,1.0,1.0,3.25,4.666666666666667,1.0,7.0,1
1.7144060283425293,0.28426650342664006,-0.11042602090713745,1,Connected Democratic Core,8.0,5.0,3.25,6.333333333333333,1.0,4.0,1
0.8823745607108209,0.7103794200363729,0.9380997934709249,1,Connected Democratic Core,6.0,7.0,2.0,6.666666666666667,1.0,6.0,1
0.22116466142593716,-0.06486164157515419,-0.6658402070189088,1,Connected Democratic Core,8.0,4.0,1.0,6.333333333333333,1.0,3.0,1
-0.9237177928441727,1.9751168785478075,0.8887151192961399,0,Disappointed Democratic Participants,8.0,2.0,2.5,2.0,1.0,8.0,1
0.3724632376243941,-0.39401876213603626,-0.18943037055993137,1,Connected Democratic Core,6.0,4.0,2.75,6.333333333333333,2.0,4.0,1
1.2580164809980277,0.6245266142392312,0.2687118714958572,1,Connected Democratic Core,7.0,5.0,3.0,6.333333333333333,1.0,5.0,1
-0.4769118368656424,0.9064972272180684,-0.278077918992989,0,Disappointed Democratic Participants,9.0,3.0,2.0,2.0,1.0,5.0,1
0.05829898566132231,0.08322397087358267,-1.6037646646779928,0,Disappointed Democratic Participants,3.0,3.0,2.25,7.0,1.0,2.0,1
2.0815255662475973,0.18414628603578834,0.02044926837099635,1,Connected Democratic Core,8.0,7.0,3.5,5.333333333333333,1.0,4.0,1
2.685816832991861,0.09584976380006421,0.1999469642472253,1,Connected Democratic Core,9.0,6.0,3.75,7.333333333333333,1.0,4.0,1
2.4376632043352098,-0.08290182765563088,1.265157708961242,1,Connected Democratic Core,9.0,5.0,4.5,8.0,2.0,6.0,1
1.5965236555915554,-1.0313483780408625,-0.16476757012166404,1,Connected Democratic Core,7.0,7.0,3.0,6.666666666666667,2.0,3.0,1
1.036637434122516,0.03394962658182667,0.10611703046923145,1,Connected Democratic Core,8.0,6.0,1.5,7.0,1.0,4.0,1
0.865129618104509,-0.8989196579063347,-0.39426500014229177,1,Connected Democratic Core,8.0,5.0,2.5,6.0,2.0,3.0,1
1.6702207623820027,0.10974953353818868,-0.70198591894599,1,Connected Democratic Core,6.0,5.0,3.5,6.666666666666667,1.0,3.0,1
2.523197347287928,-0.5729588296284813,0.9938590230090653,1,Connected Democratic Core,9.0,8.0,4.0,6.333333333333333,2.0,5.0,1
0.615645342849016,1.366611486968255,0.9819888779622982,1,Connected Democratic Core,6.0,4.0,3.0,6.333333333333333,1.0,7.0,1
0.8718923833503603,0.8463061360157483,-0.01571190358616313,1,Connected Democratic Core,7.0,3.0,3.25,6.0,1.0,5.0,1
2.6380149309179415,-0.3000310094491516,-0.16820958039965322,1,Connected Democratic Core,9.0,7.0,3.25,7.0,1.0,3.0,1
-2.481195988790938,0.49549695643207253,-0.6457024201225574,0,Disappointed Democratic Participants,1.0,1.0,1.5,5.0,2.0,5.0,1
0.3396180615823942,1.030200523436796,-0.23739031471987648,1,Connected Democratic Core,3.0,3.0,3.25,7.0,1.0,5.0,1
0.8459972071506585,-0.20692526575092182,-0.4356716157742919,1,Connected Democratic Core,8.0,5.0,1.25,7.333333333333333,1.0,3.0,1
1.6725710815211887,0.395381467333808,0.5324759337240923,1,Connected Democratic Core,10.0,6.0,2.75,5.333333333333333,1.0,5.0,1
1.6826873109497145,0.009661471888526686,-0.608269669845384,1,Connected Democratic Core,10.0,3.0,3.0,6.666666666666667,1.0,3.0,1
1.6778852322060755,-1.6106460263087605,-1.0920373870210112,1,Connected Democratic Core,7.0,6.0,2.75,7.666666666666667,2.0,1.0,1
1.035410426531956,0.9588427363846053,0.6818671944822841,1,Connected Democratic Core,6.0,5.0,3.0,6.666666666666667,1.0,6.0,1
-1.7399470376335517,1.1906862695562161,-1.4581863631783583,0,Disappointed Democratic Participants,3.0,0.0,2.25,3.3333333333333335,1.0,4.0,1
-1.252338862925615,-1.680469450555589,1.2220575139598917,2,Disengaged Non-voters,4.0,4.0,3.0,4.333333333333333,2.0,5.0,0
1.286732511834676,0.3528774991641316,-0.22756097264534178,1,Connected Democratic Core,7.0,5.0,3.0,6.0,1.0,4.0,1
-0.4225147958083062,0.8129271482466676,-0.08769393952360632,0,Disappointed Democratic Participants,5.0,3.0,1.5,6.666666666666667,1.0,5.0,1
-0.3400299076451598,1.4441545435771672,0.7952482602601817,0,Disappointed Democratic Participants,7.0,2.0,2.0,6.0,1.0,7.0,1
-1.84361136653735,-0.010938219339550569,-0.7974307110647484,0,Disappointed Democratic Participants,2.0,1.0,1.25,7.0,2.0,4.0,1
2.143673391896769,-0.18433189934984276,-0.33377346148520837,1,Connected Democratic Core,8.0,6.0,3.0,7.333333333333333,1.0,3.0,1
0.5494474882610715,-2.699458877864701,-0.7232411881506648,2,Disengaged Non-voters,5.0,6.0,2.5,6.333333333333333,1.0,0.0,0
0.003402222146991828,-0.12606056243495942,0.2734962042218248,0,Disappointed Democratic Participants,7.0,3.0,2.25,6.666666666666667,2.0,5.0,1
-0.9596054304935235,0.04807028359497996,-0.8218288498487621,0,Disappointed Democratic Participants,4.0,2.0,2.75,4.333333333333333,2.0,4.0,1
0.20354472899014903,0.05398467770495634,0.8920590933672915,1,Connected Democratic Core,7.0,4.0,2.25,7.0,2.0,6.0,1
-1.2080253496646258,0.1183441966836646,-0.11775233606627326,0,Disappointed Democratic Participants,4.0,3.0,1.75,5.333333333333333,2.0,5.0,1
1.746105536805467,0.26611525692973226,-0.10116961540928217,1,Connected Democratic Core,9.0,5.0,3.25,5.666666666666667,1.0,4.0,1
-2.218777805087358,-0.26327107658339016,-0.4935041310051818,0,Disappointed Democratic Participants,1.0,1.0,2.75,4.666666666666667,3.0,5.0,1
-0.27949149189058914,-0.38029342992416026,-0.2638085099796246,0,Disappointed Democratic Participants,5.0,4.0,2.0,6.333333333333333,2.0,4.0,1
-0.45464327480869016,0.11775404074166333,0.7708228293972952,0,Disappointed Democratic Participants,4.0,5.0,1.75,7.0,2.0,6.0,1
0.8669674281517361,0.7606462497477816,0.07256071083467248,1,Connected Democratic Core,7.0,4.0,3.0,5.666666666666667,1.0,5.0,1
1.7042084874193324,-0.11920269383805938,0.3194386796781481,1,Connected Democratic Core,8.0,9.0,2.0,5.666666666666667,1.0,4.0,1
0.26117583209604883,0.8393981743205748,-0.07829179029594457,1,Connected Democratic Core,5.0,5.0,2.6666666666666665,4.666666666666667,1.0,5.0,1
-0.010367642232860219,0.7660296770302383,-0.820786928084677,0,Disappointed Democratic Participants,4.0,4.0,3.0,4.0,1.0,4.0,1
2.1051887621575442,0.7051866358993043,1.0499255144818527,1,Connected Democratic Core,8.0,7.0,3.5,6.333333333333333,1.0,6.0,1
-2.339970719869264,0.44772220451957534,-0.6201751696500288,0,Disappointed Democratic Participants,5.0,0.0,1.5,3.3333333333333335,2.0,5.0,1
1.4662989679192835,-1.5620236319456184,-1.1935726550085315,1,Connected Democratic Core,8.0,6.0,2.75,6.0,2.0,1.0,1
-1.4368596751414622,1.1590026103766073,-0.6168912818649068,0,Disappointed Democratic Participants,4.0,3.0,1.75,2.6666666666666665,1.0,5.0,1
-0.9706252206728034,0.3337640113772119,-0.3071382588748151,0,Disappointed Democratic Participants,2.0,2.0,2.75,6.333333333333333,2.0,5.0,1
-1.468502084312697,1.0172885108257368,0.4615821164157947,0,Disappointed Democratic Participants,3.0,1.0,2.75,5.333333333333333,2.0,7.0,1
-1.5544655368584213,-2.016639133197544,0.7692126433611932,2,Disengaged Non-voters,5.0,3.0,2.25,4.666666666666667,2.0,4.0,0
0.5326309637238742,-1.0598857331091587,-0.2326482938273155,1,Connected Democratic Core,7.0,6.0,1.5,7.0,2.0,3.0,1
1.1340442765394894,0.33656360754466547,-0.2246478454003155,1,Connected Democratic Core,7.0,5.0,2.75,6.0,1.0,4.0,1
-1.7401562288563002,1.2798464280528177,-0.7315907903313295,0,Disappointed Democratic Participants,3.0,0.0,1.5,5.666666666666667,1.0,5.0,1
-1.2537942421519745,-1.267186723728065,0.7104814017202482,2,Disengaged Non-voters,5.0,2.0,1.5,7.0,1.0,4.0,0
-2.8962456760703876,-1.4245602767770937,0.7866354940174478,2,Disengaged Non-voters,3.0,1.0,1.75,4.333333333333333,2.0,5.0,0
-0.5370660604070425,-0.017040439913876812,0.11017428915730666,0,Disappointed Democratic Participants,5.0,3.0,2.0,6.666666666666667,2.0,5.0,1
-0.9008458408051183,-0.3381755856129959,-1.19065655571963,0,Disappointed Democratic Participants,3.0,4.0,2.5,3.6666666666666665,2.0,3.0,1
-0.717975607354974,-0.11514886490103833,-0.5928484435909108,0,Disappointed Democratic Participants,2.0,4.0,2.5,5.666666666666667,2.0,4.0,1
1.5707920224219138,-0.5391032345265242,-2.3475896109305316,1,Connected Democratic Core,6.0,1.0,3.5,8.666666666666666,1.0,0.0,1
-0.32083171952802675,-0.6226221144597874,-0.8231152594828375,0,Disappointed Democratic Participants,4.0,6.0,2.25,4.0,2.0,3.0,1
1.3708112470442084,0.5841174874556401,0.3148988348221709,1,Connected Democratic Core,8.0,5.0,3.0,6.0,1.0,5.0,1
-0.2670057343929996,-0.1876252135388012,0.318494982561373,0,Disappointed Democratic Participants,6.0,4.0,1.75,6.666666666666667,2.0,5.0,1
-1.4889673941271337,-1.606713747241196,1.1557869348408198,2,Disengaged Non-voters,3.0,2.0,2.75,6.666666666666667,2.0,5.0,0
0.49143936739237476,-2.2838919285448527,2.085966906941318,2,Disengaged Non-voters,8.0,5.0,2.75,8.0,2.0,5.0,0
-0.3729290643951298,0.42690407792526935,-1.2752026034804236,0,Disappointed Democratic Participants,7.0,1.0,2.0,5.0,1.0,3.0,1
-1.586197593354533,1.9210922900991205,0.12681886671595083,0,Disappointed Democratic Participants,2.0,3.0,2.5,2.6666666666666665,1.0,7.0,1
2.0097233973129054,0.23473467262624045,0.78688852629151,1,Connected Democratic Core,8.0,7.0,2.5,8.0,1.0,5.0,1
0.04808220729142148,-0.3049872409893031,-0.3371526018737652,1,Connected Democratic Core,6.0,4.0,2.75,5.0,2.0,4.0,1
-2.642691581961086,-1.806348725531248,-2.0576438126922385,2,Disengaged Non-voters,3.0,0.0,1.75,2.3333333333333335,1.0,0.0,0
-3.219993547916257,-1.367662820847788,-0.09001934032741452,2,Disengaged Non-voters,0.0,0.0,2.5,4.0,2.0,4.0,0
-2.1281560554298458,0.602695929694853,-0.7566482310691459,0,Disappointed Democratic Participants,1.0,2.0,2.5,3.0,2.0,5.0,1
-0.10002870333108943,-0.4677906710695686,-0.16919261730596014,0,Disappointed Democratic Participants,6.0,5.0,2.0,5.333333333333333,2.0,4.0,1
-0.8477049247192504,-1.6704646282749764,2.8622384789802413,2,Disengaged Non-voters,7.0,5.0,1.5,7.333333333333333,2.0,7.0,0
-1.9927400935276725,0.6619913018863609,-0.7803161353309198,0,Disappointed Democratic Participants,0.0,1.0,2.75,4.666666666666667,2.0,5.0,1
-0.4140303323048181,1.5878304473600118,-0.16176510545563946,0,Disappointed Democratic Participants,3.0,2.0,3.5,4.666666666666667,1.0,6.0,1
0.0038504016143155423,0.8800200696019738,-0.10568972675654059,0,Disappointed Democratic Participants,4.0,3.0,2.25,7.333333333333333,1.0,5.0,1
-0.4033202537728357,0.30935140732937944,-1.14932827000714,0,Disappointed Democratic Participants,8.0,1.0,1.5,5.333333333333333,1.0,3.0,1
0.5831742365957753,1.0955872154572226,1.2283889743920569,1,Connected Democratic Core,8.0,7.0,2.25,3.6666666666666665,1.0,7.0,1
0.7273167973465706,0.11567731658626641,-0.782036175394523,1,Connected Democratic Core,5.0,4.0,2.25,7.666666666666667,1.0,3.0,1
0.5409062360046138,-0.1958222754992127,0.41987611308768014,1,Connected Democratic Core,5.0,5.0,2.75,7.333333333333333,2.0,5.0,1
0.793775261064756,-2.344896667836334,0.4868815990336545,2,Disengaged Non-voters,7.0,7.0,2.25,6.333333333333333,1.0,2.0,0
1.9402810883960453,-0.060835240086735645,-0.4936652255419237,1,Connected Democratic Core,7.0,6.0,3.25,6.666666666666667,1.0,3.0,1
-0.4194745864626999,-1.5960863577803035,1.9994583861278024,2,Disengaged Non-voters,8.0,3.0,3.25,5.333333333333333,2.0,6.0,0
0.42345783706417767,-0.14181454224206516,-1.3676747547803607,1,Connected Democratic Core,7.0,4.0,2.0,5.0,1.0,2.0,1
-1.6146665140897813,1.3429453591579843,-0.8296959073110471,0,Disappointed Democratic Participants,5.0,0.0,2.0,3.3333333333333335,1.0,5.0,1
-0.266658103867051,0.04452421118996487,0.06517551081775848,0,Disappointed Democratic Participants,6.0,2.0,2.5,6.666666666666667,2.0,5.0,1
-0.6082354384270166,-2.5012321470982366,0.6415742162805899,2,Disengaged Non-voters,4.0,4.0,2.5,7.333333333333333,2.0,3.0,0
-0.8536963061481793,-0.20291702518137392,-0.5821546514821146,0,Disappointed Democratic Participants,9.0,2.0,2.0,2.6666666666666665,2.0,4.0,1
-0.36173241705289466,1.0480324894384472,-0.33944260647017294,0,Disappointed Democratic Participants,3.0,3.0,2.5,6.0,1.0,5.0,1
-3.597596154705676,-1.4067283107754422,0.6845832022671513,2,Disengaged Non-voters,3.0,1.0,1.0,3.3333333333333335,2.0,5.0,0
-1.8246639346032787,0.3352820857593972,-0.40627742338008527,0,Disappointed Democratic Participants,2.0,2.0,1.75,5.333333333333333,2.0,5.0,1
-1.4811970330330346,0.9137804529369794,0.6058741967218262,0,Disappointed Democratic Participants,2.0,1.0,2.25,7.333333333333333,2.0,7.0,1
-1.5477840831072414,-1.060602531985442,0.4368848369331309,2,Disengaged Non-voters,4.0,2.0,2.0,5.333333333333333,1.0,4.0,0
0.2881181833835845,-0.06821898244633008,0.2323101967003614,1,Connected Democratic Core,5.0,5.0,3.0,5.666666666666667,2.0,5.0,1
-0.3363667318151882,0.30599406645820354,-0.25117786628786987,0,Disappointed Democratic Participants,5.0,2.0,3.5,4.666666666666667,2.0,5.0,1
-0.48953047736440025,0.9358801013165536,1.4425312085319906,0,Disappointed Democratic Participants,5.0,3.0,2.75,6.333333333333333,2.0,8.0,1
1.8648864670341043,1.0254581453375458,1.4446630906355313,1,Connected Democratic Core,9.0,7.0,3.5,5.0,1.0,7.0,1
0.9529876409336034,0.824048255729065,0.02121865424229534,1,Connected Democratic Core,7.0,3.0,3.25,6.333333333333333,1.0,5.0,1
-0.47923238749982755,2.11328050588942,0.8868000487119544,0,Disappointed Democratic Participants,2.0,1.0,3.25,7.666666666666667,1.0,8.0,1
1.8765965435090157,0.2397507428532735,-0.03656490525022046,1,Connected Democratic Core,8.0,5.0,3.25,7.0,1.0,4.0,1
1.000545580006682,-0.8396242857148267,-0.4179329044040655,1,Connected Democratic Core,7.0,4.0,2.75,7.666666666666667,2.0,3.0,1
-1.4115455328934263,1.1201902071533538,1.159832375708231,0,Disappointed Democratic Participants,3.0,2.0,2.25,6.333333333333333,2.0,8.0,1
-0.427678739251506,-0.3679735285548338,-0.3468309669714343,0,Disappointed Democratic Participants,8.0,4.0,2.0,3.3333333333333335,2.0,4.0,1
-1.3396154842306578,0.1912524693563196,-1.0440833580435025,0,Disappointed Democratic Participants,3.0,3.0,3.0,2.0,2.0,4.0,1
-0.7337303704400077,-0.29703145991839575,-1.2050680544835486,0,Disappointed Democratic Participants,3.0,3.0,2.75,4.666666666666667,2.0,3.0,1
-2.394490423408204,-0.8476579835874489,2.571664714455664,2,Disengaged Non-voters,8.0,0.0,1.5,5.333333333333333,2.0,8.0,0
-0.010206846899223845,-1.5292538224187162,-2.1190193050023076,1,Connected Democratic Core,4.0,3.0,1.75,8.0,2.0,0.0,1
1.1353718045545986,0.4936159684868889,0.39907013701121463,1,Connected Democratic Core,6.0,7.0,2.5,6.0,1.0,5.0,1
0.20487225700525827,0.21103703864717976,1.5157770757788214,1,Connected Democratic Core,6.0,6.0,2.0,7.0,2.0,7.0,1
-1.8781075174342647,2.2811480827568857,-0.26730346102764185,0,Disappointed Democratic Participants,0.0,0.0,3.25,4.0,1.0,7.0,1
1.343770374748618,1.2449683882017293,1.1815701896312854,1,Connected Democratic Core,7.0,5.0,3.5,6.333333333333333,1.0,7.0,1
1.8413617104273572,0.8257273786993977,0.8884629456280894,1,Connected Democratic Core,9.0,5.0,3.5,6.333333333333333,1.0,6.0,1
-0.5541049303743384,0.8858354209193225,-1.0140249615008357,0,Disappointed Democratic Participants,4.0,3.0,2.75,3.3333333333333335,1.0,4.0,1
0.442856567049305,-1.3908487023786926,-2.290468513876166,1,Connected Democratic Core,7.0,3.0,3.0,4.333333333333333,2.0,0.0,1
0.6312995855095005,0.46654861124061076,0.3947403424303536,1,Connected Democratic Core,8.0,4.0,1.5,7.666666666666667,1.0,5.0,1
-2.1635433194981095,-1.6926929140044191,1.1512636630092141,2,Disengaged Non-voters,4.0,3.0,1.75,4.666666666666667,2.0,5.0,0
0.900893942148163,0.31037353099445514,-0.9875978790147759,1,Connected Democratic Core,4.0,4.0,3.25,6.666666666666667,1.0,3.0,1
1.6300609741017198,0.6100662831163461,0.3113145463531554,1,Connected Democratic Core,7.0,6.0,3.5,5.666666666666667,1.0,5.0,1
-0.540315857064609,0.28650145948914607,0.5688454142460578,0,Disappointed Democratic Participants,4.0,4.0,2.25,6.333333333333333,2.0,6.0,1
-1.3621795522781215,-0.3763316391033926,-1.2118332923361914,0,Disappointed Democratic Participants,5.0,3.0,1.75,3.0,2.0,3.0,1
-0.41233281773332425,-0.6395608496433207,-1.562875072808769,0,Disappointed Democratic Participants,2.0,3.0,2.75,6.333333333333333,2.0,2.0,1
-1.603999357709542,0.1688039459242483,-0.22563088230662243,0,Disappointed Democratic Participants,4.0,3.0,1.5,4.333333333333333,2.0,5.0,1
0.2704219427262163,-0.08226359515346245,0.21389244986761335,1,Connected Democratic Core,7.0,5.0,3.0,4.0,2.0,5.0,1
1.1010172400614429,0.19766249309934977,-0.8576222333097007,1,Connected Democratic Core,7.0,3.0,3.0,6.666666666666667,1.0,3.0,1
0.41840500213747656,0.6508749226965506,0.15807433547169464,1,Connected Democratic Core,7.0,4.0,2.0,6.333333333333333,1.0,5.0,1
0.6734442439781382,1.3482189595818432,0.2247109613766773,1,Connected Democratic Core,3.0,4.0,4.0,6.0,1.0,6.0,1
-0.6196272853085952,-0.47314450379478457,-1.0237503521860964,0,Disappointed Democratic Participants,6.0,3.0,2.25,4.0,2.0,3.0,1
0.6032682561496261,0.0028376413412925915,-1.5263783338503107,1,Connected Democratic Core,8.0,3.0,2.75,4.0,1.0,2.0,1
-0.3712346969241947,1.10886214163128,-0.4162168493721163,0,Disappointed Democratic Participants,3.0,3.0,2.75,5.333333333333333,1.0,5.0,1
0.706370760031636,0.405174603282157,-0.3417827971385198,1,Connected Democratic Core,6.0,5.0,2.5,5.666666666666667,1.0,4.0,1
-2.9805903627388113,1.4038855314699967,0.7144827890439428,0,Disappointed Democratic Participants,0.0,0.0,1.25,6.666666666666667,2.0,8.0,1
-0.3891401288043109,1.1839776874207493,0.2919609766421645,0,Disappointed Democratic Participants,5.0,3.0,2.0,6.0,1.0,6.0,1
-1.8779430064406397,-1.8275813443877615,1.2475454246428888,2,Disengaged Non-voters,7.0,6.0,2.0,0.0,2.0,5.0,0
-2.8785546526594916,0.8567839542150459,-1.1396941468936603,0,Disappointed Democratic Participants,2.0,0.0,2.5,1.0,2.0,5.0,1
0.03706241711214155,-0.019293513207071164,0.17753798910018165,0,Disappointed Democratic Participants,4.0,4.0,2.75,7.0,2.0,5.0,1
-0.5815004644022896,0.1310736849265564,-0.08000487328401892,0,Disappointed Democratic Participants,4.0,4.0,2.6666666666666665,4.666666666666667,2.0,5.0,1
-0.993246416528796,0.23405951240211287,-0.2372833912867277,0,Disappointed Democratic Participants,4.0,3.0,2.5,4.333333333333333,2.0,5.0,1
-0.8141554706982138,-1.0346416922298207,0.48750087392491703,0,Disappointed Democratic Participants,5.0,5.0,1.75,6.0,3.0,5.0,1
-1.095230583618445,0.0779350699000735,-0.0715653727399595,0,Disappointed Democratic Participants,5.0,3.0,1.75,5.0,2.0,5.0,1
0.13687670647683015,0.1010727920667736,0.8436301640199407,1,Connected Democratic Core,7.0,3.0,2.25,7.666666666666667,2.0,6.0,1
2.51142608828894,-0.3165861819581218,-0.931830775238103,1,Connected Democratic Core,5.0,7.0,4.0,7.333333333333333,1.0,2.0,1
-0.8759972022649245,1.5818084590870425,0.5459907609588275,0,Disappointed Democratic Participants,8.0,2.0,2.0,3.0,1.0,7.0,1
-0.2667394153617228,-0.7446649815200158,-0.6457053921664325,0,Disappointed Democratic Participants,6.0,3.0,1.5,7.333333333333333,2.0,3.0,1
0.7188565175292253,0.5978428196675161,0.2405206954024776,1,Connected Democratic Core,7.0,5.0,2.25,6.0,1.0,5.0,1
-0.9867276142837855,-0.08026800836891164,-0.6660383980238385,0,Disappointed Democratic Participants,3.0,3.0,2.25,5.333333333333333,2.0,4.0,1
1.0953777863642176,-0.33703825722433545,0.5740366868173055,1,Connected Democratic Core,10.0,5.0,3.0,5.0,2.0,5.0,1
-1.912196654420035,1.1530424160902508,-0.6289066771465753,0,Disappointed Democratic Participants,3.0,2.0,1.0,4.333333333333333,1.0,5.0,1
-1.8885580382854423,-1.7776178013613768,1.2713117419924447,2,Disengaged Non-voters,5.0,3.0,1.75,5.0,2.0,5.0,0
-0.4275210910184284,0.24609233270555494,0.6150323775723716,0,Disappointed Democratic Participants,5.0,4.0,2.25,6.0,2.0,6.0,1
-1.2431894308267362,0.2938510908078196,-0.39259615913840656,0,Disappointed Democratic Participants,5.0,5.0,2.75,0.0,2.0,5.0,1
0.14341972092480956,0.7357998100535083,0.03802625648846399,1,Connected Democratic Core,6.0,4.0,2.0,6.0,1.0,5.0,1
-1.7623069177313582,-0.12235625812283536,-1.4870957260833189,0,Disappointed Democratic Participants,2.0,1.0,2.0,5.0,2.0,3.0,1
1.9843037028504031,-1.1566823921814113,0.0014674721878803073,1,Connected Democratic Core,9.0,7.0,3.0,6.666666666666667,2.0,3.0,1
2.0001397774301077,-0.18561060445407282,1.324567986064709,1,Connected Democratic Core,8.0,7.0,3.75,7.0,2.0,6.0,1
2.072265393204605,-1.2611183685103529,-0.6436764484643867,1,Connected Democratic Core,8.0,5.0,3.5,8.0,2.0,2.0,1
0.4561943423079781,-0.39492819857329386,0.6063489086511958,1,Connected Democratic Core,7.0,6.0,2.0,6.333333333333333,2.0,5.0,1
1.5425505817985738,-0.8807522057902873,-0.3574885797750463,1,Connected Democratic Core,8.0,6.0,3.5,5.333333333333333,2.0,3.0,1
-1.684690224530693,-2.5473143871023,-0.259592441525674,2,Disengaged Non-voters,6.0,2.0,2.0,4.0,2.0,2.0,0
1.1560788536249578,-0.8911221087425364,-0.38859288311345214,1,Connected Democratic Core,8.0,6.0,3.0,5.0,2.0,3.0,1
2.8622961439250716,-0.24514534592353607,-0.21096639271816425,1,Connected Democratic Core,9.0,7.0,3.75,6.666666666666667,1.0,3.0,1
1.5440165491168831,-0.4023902616226964,0.7395055037398982,1,Connected Democratic Core,7.0,6.0,3.25,7.666666666666667,2.0,5.0,1
-1.7563399624787797,0.38463947903354834,-0.4760372268052105,0,Disappointed Democratic Participants,4.0,1.0,2.0,4.333333333333333,2.0,5.0,1
0.6124992137165571,-0.15725050359306322,0.38003242801419534,1,Connected Democratic Core,5.0,5.0,3.0,7.0,2.0,5.0,1
1.8364367552287328,0.740067492431431,0.976735560048925,1,Connected Democratic Core,9.0,6.0,3.25,6.0,1.0,6.0,1
1.4900434753239018,-0.2517940893721214,0.546784494086516,1,Connected Democratic Core,8.0,5.0,3.75,6.333333333333333,2.0,5.0,1
-0.05805031393345669,0.39870220897136893,-1.2042546150685327,0,Disappointed Democratic Participants,7.0,1.0,2.25,5.666666666666667,1.0,3.0,1
0.07818789722479914,-0.23116534388405466,-1.3127484097189681,1,Connected Democratic Core,8.0,4.0,1.25,4.666666666666667,1.0,2.0,1
0.22825949434952206,0.05655638192100697,-1.5859230149062715,1,Connected Democratic Core,4.0,4.0,2.5,5.333333333333333,1.0,2.0,1
0.11711567464143023,-0.46288724438217144,-0.8848625667703036,1,Connected Democratic Core,2.0,3.0,3.0,8.333333333333334,2.0,3.0,1
-0.3683517397224542,0.28041453946447,-1.1101557461576448,0,Disappointed Democratic Participants,7.0,2.0,1.5,5.333333333333333,1.0,3.0,1
-0.129990950688175,0.4359952757732883,0.4142431474078998,0,Disappointed Democratic Participants,7.0,2.0,3.25,5.0,2.0,6.0,1
0.9977809616543731,-0.2577358016555515,2.1199843789742725,1,Connected Democratic Core,8.0,8.0,1.25,8.666666666666666,2.0,7.0,1
-0.6024828916436586,0.3622233668397559,0.43448090066187106,0,Disappointed Democratic Participants,7.0,3.0,2.5,4.0,2.0,6.0,1
-2.281072690877658,0.3827859185369672,-0.5157267744174823,0,Disappointed Democratic Participants,4.0,0.0,1.25,5.0,2.0,5.0,1
-3.1241900934243145,-0.033271199746910465,3.2011530385433433,2,Disengaged Non-voters,5.0,0.0,1.75,5.0,2.0,10.0,0
2.4029231189542806,-0.1583831036891367,-0.33735774995422385,1,Connected Democratic Core,7.0,7.0,3.5,7.0,1.0,3.0,1
1.3787768076776508,0.45539563281718554,0.4945506681596129,1,Connected Democratic Core,9.0,3.0,2.25,9.0,1.0,5.0,1
0.3324661008502808,1.3766621094252478,0.9202972950482627,1,Connected Democratic Core,7.0,4.0,2.75,5.0,1.0,7.0,1
-4.326021938359088,-0.06609862522319095,0.7467399226112365,0,Disappointed Democratic Participants,0.0,0.0,1.75,3.3333333333333335,4.0,8.0,1
2.578074901872381,-0.6564305743549603,-1.371989089331144,1,Connected Democratic Core,8.0,6.0,3.75,6.333333333333333,1.0,1.0,1
1.0872601623165554,-0.5870358535738924,0.8833756244461156,1,Connected Democratic Core,9.0,6.0,2.0,7.333333333333333,2.0,5.0,1
2.7636622939175375,0.3771337829164038,0.6955486471644351,1,Connected Democratic Core,8.0,7.0,4.0,7.333333333333333,1.0,5.0,1
0.8148545204364182,-0.04578475302184949,-1.4248430658627904,1,Connected Democratic Core,7.0,3.0,2.75,5.666666666666667,1.0,2.0,1
-1.484814036718813,-1.8102293789811696,1.323170822347598,2,Disengaged Non-voters,6.0,4.0,2.25,3.6666666666666665,2.0,5.0,0
-0.3721016264094006,-2.221544201969835,1.9100534995341043,2,Disengaged Non-voters,8.0,5.0,2.0,6.333333333333333,2.0,5.0,0
-0.3005086486974571,-2.182972430063685,1.8702098144606196,2,Disengaged Non-voters,8.0,5.0,2.25,6.0,2.0,5.0,0
2.415675195483147,-0.5227546552849922,-0.7192546321410319,1,Connected Democratic Core,8.0,6.0,3.0,8.0,1.0,2.0,1
0.07890236720657372,0.5258897836084989,-1.3308001097658055,0,Disappointed Democratic Participants,5.0,2.0,3.0,5.0,1.0,3.0,1
0.8316512835754062,0.557433692883925,0.2867076587287914,1,Connected Democratic Core,8.0,5.0,2.25,5.666666666666667,1.0,5.0,1
-1.5084768650563742,0.17137629971269902,-0.20019869599705614,0,Disappointed Democratic Participants,4.0,2.0,1.5,5.666666666666667,2.0,5.0,1
-1.549868664200309,0.9402878983708971,2.254288077549899,0,Disappointed Democratic Participants,0.0,3.0,3.25,7.333333333333333,3.0,10.0,1
1.4501500060748962,-0.3085171077751787,0.5958845846578561,1,Connected Democratic Core,9.0,5.0,3.5,6.0,2.0,5.0,1
-1.2009497256709183,-0.05299405785519541,-1.5264223873940275,0,Disappointed Democratic Participants,3.0,1.0,3.0,4.0,2.0,3.0,1
2.4065205461377954,-0.22977557836339343,-1.0493483467865898,1,Connected Democratic Core,8.0,4.0,4.0,7.333333333333333,1.0,2.0,1
1.9939686342278722,0.05285207760888301,0.17466891539887203,1,Connected Democratic Core,9.0,6.0,2.75,7.0,1.0,4.0,1
2.201105453570065,-0.7276301295000421,-1.3263191497676066,1,Connected Democratic Core,8.0,6.0,3.0,6.666666666666667,1.0,1.0,1
-2.11269580871628,-0.8548956209388868,0.921908511179613,2,Disengaged Non-voters,8.0,0.0,1.0,4.666666666666667,1.0,5.0,0
-1.5048602289429818,0.39274010307346346,-0.4236020493890302,0,Disappointed Democratic Participants,2.0,1.0,2.25,6.333333333333333,2.0,5.0,1
-0.058664263490682544,0.7235925522238176,0.013265231402887061,0,Disappointed Democratic Participants,7.0,4.0,1.75,5.0,1.0,5.0,1
0.9877641447577934,0.6498628731084269,0.22416711180854149,1,Connected Democratic Core,7.0,4.0,2.6666666666666665,7.0,1.0,5.0,1
1.9020627776880974,0.2716435271811967,-0.07416662430266815,1,Connected Democratic Core,7.0,6.0,3.5,6.333333333333333,1.0,4.0,1
-1.3599991149780375,0.8590854325567518,-0.13289090886808416,0,Disappointed Democratic Participants,1.0,1.0,3.25,5.666666666666667,2.0,6.0,1
0.12122249233317192,0.6931214043575833,0.105544093892552,0,Disappointed Democratic Participants,5.0,4.0,1.75,7.333333333333333,1.0,5.0,1
1.9831580352713407,0.2493856468945134,-0.03723606647420959,1,Connected Democratic Core,7.0,6.0,3.5,6.666666666666667,1.0,4.0,1
1.41693799057707,0.5907964750338663,0.3126568688011338,1,Connected Democratic Core,9.0,4.0,3.0,6.333333333333333,1.0,5.0,1
-0.8876647937388051,0.010777216793060552,-2.4403266123251948,0,Disappointed Democratic Participants,4.0,1.0,1.75,5.0,1.0,1.0,1
0.03317946196747205,0.316382451413379,1.3651417172199611,0,Disappointed Democratic Participants,6.0,6.0,2.25,5.666666666666667,2.0,7.0,1
1.110090549395296,-0.5764915130953949,0.08692518401099929,1,Connected Democratic Core,7.0,5.0,3.0,7.0,2.0,4.0,1
-1.4721187204260893,0.7959247074649726,0.684985469807769,0,Disappointed Democratic Participants,5.0,2.0,2.0,4.666666666666667,2.0,7.0,1
-0.16829057289079466,-0.020715149668760133,0.12286084566296442,0,Disappointed Democratic Participants,7.0,3.0,2.5,5.333333333333333,2.0,5.0,1
-2.784688109617505,0.7629108003675285,-0.9960732278116182,0,Disappointed Democratic Participants,0.0,1.0,2.25,2.6666666666666665,2.0,5.0,1
-1.1900851460064166,2.191942124083904,0.7079735140597145,0,Disappointed Democratic Participants,2.0,1.0,2.75,6.0,1.0,8.0,1
-0.8928235199355324,-3.437423078293448,-0.7547162520291664,2,Disengaged Non-voters,6.0,3.0,1.5,6.666666666666667,2.0,0.0,0
-1.964657221178128,0.42247625202868866,-0.5476563764410904,0,Disappointed Democratic Participants,3.0,2.0,2.0,3.3333333333333335,2.0,5.0,1
2.364971127277609,-0.382944104402419,-0.8820595234427736,1,Connected Democratic Core,7.0,6.0,3.5,7.333333333333333,1.0,2.0,1
0.6074271698599788,0.34268268331053114,1.417194274825859,1,Connected Democratic Core,8.0,3.0,2.75,8.0,2.0,7.0,1
0.5216974883123574,0.6712954481057922,0.12748705589606507,1,Connected Democratic Core,8.0,4.0,2.25,5.333333333333333,1.0,5.0,1
1.2586148677070383,-1.5563209241679052,-1.9941244076754394,1,Connected Democratic Core,4.0,6.0,3.5,6.0,2.0,0.0,1
-2.002427352418752,1.761035651333554,-0.5073437061802001,0,Disappointed Democratic Participants,0.0,2.0,2.25,3.6666666666666665,1.0,6.0,1
0.7080459185726937,0.7943763889531466,0.028615713529395806,1,Connected Democratic Core,5.0,5.0,3.0,5.666666666666667,1.0,5.0,1
-0.10133702241632092,-0.3320867539767709,-0.3043233562770986,0,Disappointed Democratic Participants,4.0,5.0,2.5,5.666666666666667,2.0,4.0,1
1.4551755102148956,0.5510739858009551,0.3817455110022697,1,Connected Democratic Core,6.0,6.0,3.0,7.0,1.0,5.0,1
0.1973959133015235,-2.0161314594695754,-0.704013849660257,1,Connected Democratic Core,8.0,3.0,2.0,7.666666666666667,3.0,2.0,1
0.637679919934484,0.13892577068105347,0.8180438402491614,1,Connected Democratic Core,7.0,5.0,3.25,5.333333333333333,2.0,6.0,1
1.3580591705153422,0.9484890390514957,0.6967957170089789,1,Connected Democratic Core,7.0,6.0,3.5,5.0,1.0,6.0,1
-0.08051386155637158,0.9130635712566587,-0.17253640293663938,0,Disappointed Democratic Participants,6.0,2.0,2.25,6.333333333333333,1.0,5.0,1
-0.4000320392555143,0.591322063996399,-0.6308249082151083,0,Disappointed Democratic Participants,3.0,4.0,1.75,6.333333333333333,1.0,4.0,1
0.1738109103025155,0.8533524806493981,-0.0878480769848193,1,Connected Democratic Core,5.0,4.0,2.5,5.666666666666667,1.0,5.0,1
0.01875222689754789,0.29155221733824493,1.3766400887388535,0,Disappointed Democratic Participants,6.0,7.0,2.25,4.666666666666667,2.0,7.0,1
-0.8137541985198542,-1.171682808270544,1.4252309883364271,2,Disengaged Non-voters,4.0,6.0,1.75,5.666666666666667,1.0,5.0,0
1.0367187456171876,0.8231388192918075,0.8169979334534224,1,Connected Democratic Core,8.0,5.0,2.5,6.333333333333333,1.0,6.0,1
2.0528095354109492,0.45579540111088795,0.5167221125121954,1,Connected Democratic Core,8.0,7.0,3.5,5.666666666666667,1.0,5.0,1
0.5499845486115591,-0.31367802097121955,0.4989873861736229,1,Connected Democratic Core,8.0,6.0,2.5,4.666666666666667,2.0,5.0,1
0.020821584197959386,-0.7546351161785623,-0.6546382511522559,1,Connected Democratic Core,5.0,7.0,2.25,3.6666666666666665,2.0,3.0,1
-0.06346545071043025,-0.6216025226755881,-2.3297920147025275,0,Disappointed Democratic Participants,2.0,0.0,4.0,7.0,2.0,1.0,1
-0.02696975830083673,0.04914304500417181,0.8879577811354996,0,Disappointed Democratic Participants,5.0,5.0,2.0,7.333333333333333,2.0,6.0,1
-0.21257950637642906,1.6321717704071297,0.5919285226609659,0,Disappointed Democratic Participants,5.0,3.0,3.0,4.666666666666667,1.0,7.0,1
-0.6677612550602481,0.7547824933819214,-0.09327099238948358,0,Disappointed Democratic Participants,9.0,2.0,1.0,4.666666666666667,1.0,5.0,1
-2.39599928436143,-1.5296965643949785,1.740964214837312,2,Disengaged Non-voters,3.0,5.0,1.25,4.333333333333333,2.0,6.0,0
-2.232068389505359,-3.289912721894904,1.4727563849038405,2,Disengaged Non-voters,8.0,0.0,3.0,4.333333333333333,4.0,5.0,0
-0.1665148654083616,1.1424178433103964,0.3673928970961293,0,Disappointed Democratic Participants,3.0,5.0,2.25,6.0,1.0,6.0,1
-1.1827463467670678,-4.5718277082866825,0.6189609176003941,2,Disengaged Non-voters,5.0,6.0,2.75,4.666666666666667,4.0,2.0,0
-2.4829282751405244,0.5741747802456961,-0.7784961289096965,0,Disappointed Democratic Participants,2.0,2.0,2.0,2.0,2.0,5.0,1
0.2848491777961405,-0.05743336107832843,0.20239407834872108,1,Connected Democratic Core,7.0,4.0,3.0,5.0,2.0,5.0,1
-2.4798880372780916,-2.1428529892181096,-0.016678408917621047,2,Disengaged Non-voters,5.0,3.0,1.75,1.6666666666666667,2.0,3.0,0
0.7513170642073428,-0.3307918432534015,-1.9166319779619154,1,Connected Democratic Core,5.0,5.0,2.75,4.666666666666667,1.0,1.0,1
-1.5733418493005586,-0.27068315146107647,-1.315705590507711,0,Disappointed Democratic Participants,3.0,2.0,1.75,4.666666666666667,2.0,3.0,1
-0.8199789833745008,-0.5640295854380989,-0.9157176684845342,0,Disappointed Democratic Participants,6.0,2.0,1.5,6.0,2.0,3.0,1
-1.1145256745952907,-0.19242039649080553,1.115935416978325,0,Disappointed Democratic Participants,5.0,3.0,2.5,5.666666666666667,3.0,7.0,1
2.294210958396872,0.08898013307644999,0.983710848176684,1,Connected Democratic Core,9.0,7.0,2.25,9.0,1.0,5.0,1
1.1738564057769973,-0.0878883033254232,0.34070576670348685,1,Connected Democratic Core,6.0,5.0,4.0,6.0,2.0,5.0,1
2.0245448026253574,-0.8678099490495877,-0.30095209012707413,1,Connected Democratic Core,8.0,5.0,4.0,7.0,2.0,3.0,1
-0.877340293128249,-0.43120109700986864,-1.1230436541525797,0,Disappointed Democratic Participants,6.0,4.0,2.25,2.0,2.0,3.0,1
0.25163716229831457,0.8418802217307165,-0.08083363750800118,1,Connected Democratic Core,7.0,3.0,2.5,5.333333333333333,1.0,5.0,1
2.2433684508881346,-0.09251889926634428,0.3476298557715276,1,Connected Democratic Core,8.0,9.0,2.75,6.0,1.0,4.0,1
2.0167990213066127,0.06339641808738046,-0.6217815250362442,1,Connected Democratic Core,7.0,5.0,3.75,6.666666666666667,1.0,3.0,1
-4.121962043648728,-0.883676168508236,0.8801614263516565,2,Disengaged Non-voters,0.0,0.0,1.25,4.333333333333333,2.0,6.0,0
-0.928462743779283,-0.11307022913409244,0.16734260023973635,0,Disappointed Democratic Participants,5.0,4.0,1.25,6.0,2.0,5.0,1
2.1563683406171066,-0.08082384146108508,-0.4780655417912398,1,Connected Democratic Core,9.0,6.0,3.5,5.333333333333333,1.0,3.0,1
-1.2585444103335575,-1.088074213124958,-1.9556385050800116,0,Disappointed Democratic Participants,3.0,3.0,1.0,6.0,2.0,1.0,1
3.0561861675544955,-0.3078123529938104,-0.12784887156339203,1,Connected Democratic Core,10.0,7.0,3.75,6.666666666666667,1.0,3.0,1
0.3358387739628325,-0.4615274019070952,-0.1104141616369509,1,Connected Democratic Core,5.0,5.0,2.5,6.666666666666667,2.0,4.0,1
0.40624766623595854,0.39759985300493633,-1.1661358722533088,1,Connected Democratic Core,9.0,0.0,2.75,5.666666666666667,1.0,3.0,1
-0.9503694696535008,0.5442803993833619,0.21914576778098638,0,Disappointed Democratic Participants,4.0,3.0,2.75,4.333333333333333,2.0,6.0,1
-3.1887695497073447,-0.7396141408668796,1.610033012745275,2,Disengaged Non-voters,1.0,1.0,2.0,5.0,2.0,7.0,0
-3.9837080746298783,-2.0756557229739934,0.7027759322896101,2,Disengaged Non-voters,1.0,0.0,1.6666666666666667,4.333333333333333,3.0,5.0,0
-0.20113574893279437,1.403504135904072,0.07490090150301927,0,Disappointed Democratic Participants,4.0,2.0,3.0,6.0,1.0,6.0,1
-3.811799057162932,-1.0866980822267047,0.31278645633735386,2,Disengaged Non-voters,0.0,1.0,2.0,2.3333333333333335,2.0,5.0,0
-2.2788456853441685,-0.049335553719451544,-1.585141769764786,0,Disappointed Democratic Participants,0.0,0.0,1.5,6.666666666666667,2.0,3.0,1
2.0358035810492123,-0.058262886298284924,-0.4682330392323576,1,Connected Democratic Core,7.0,5.0,3.25,8.0,1.0,3.0,1
-1.0631592324265897,1.2409877868896908,-0.6924773397800844,0,Disappointed Democratic Participants,6.0,2.0,2.5,1.6666666666666667,1.0,5.0,1
-0.4462593317297512,-0.18928813088999433,-0.5027164829593205,0,Disappointed Democratic Participants,5.0,3.0,2.5,5.333333333333333,2.0,4.0,1
-1.2658813786022767,0.6046163335546897,0.8771303824001241,0,Disappointed Democratic Participants,7.0,4.0,1.75,2.6666666666666665,2.0,7.0,1
-2.0273144088187003,-0.7444609494365265,-3.2211655097394405,0,Disappointed Democratic Participants,1.0,0.0,2.25,3.6666666666666665,2.0,0.0,1
-1.7337758944313157,0.9522235874932604,-0.30828729251252135,0,Disappointed Democratic Participants,2.0,1.0,3.25,3.3333333333333335,2.0,6.0,1
-0.31885547017759946,1.3582533764196965,0.11698655259754116,0,Disappointed Democratic Participants,3.0,3.0,2.75,6.0,1.0,6.0,1
-1.204618272346367,-2.073777870016354,0.8793331556225794,2,Disengaged Non-voters,4.0,4.0,2.5,5.333333333333333,2.0,4.0,0
3.543105343579903,-0.20921020998514386,-0.15958499633625572,1,Connected Democratic Core,10.0,5.0,4.5,8.666666666666666,1.0,3.0,1
2.941982561998534,-1.2136447798624235,-1.5086347202854267,1,Connected Democratic Core,10.0,6.0,3.0,7.666666666666667,1.0,0.0,1
-4.082051393403165,-1.061361823357509,0.2682416966500382,2,Disengaged Non-voters,0.0,0.0,1.6666666666666667,3.0,2.0,5.0,0
1.1064445545618815,0.32726029077123875,0.5705316714287727,1,Connected Democratic Core,10.0,5.0,1.6666666666666667,6.666666666666667,1.0,5.0,1
-2.751256314804981,0.666081730056997,-0.8540231135266239,0,Disappointed Democratic Participants,0.0,0.0,1.75,5.0,2.0,5.0,1
-3.303453882763804,1.2680529770273308,-0.02470427614578158,0,Disappointed Democratic Participants,2.0,0.0,1.5,2.6666666666666665,2.0,7.0,1
0.9321179403570752,0.9384222109753636,0.7124544740579136,1,Connected Democratic Core,5.0,5.0,2.75,7.666666666666667,1.0,6.0,1
0.23406379809593164,-0.706812002905736,-0.6712917159372116,1,Connected Democratic Core,6.0,5.0,2.5,5.0,2.0,3.0,1
2.134171112025469,-0.12350224715701004,-0.4105477043871515,1,Connected Democratic Core,8.0,6.0,3.25,6.666666666666667,1.0,3.0,1
-1.098004870021986,-0.26472295717471983,-1.3036901952260427,0,Disappointed Democratic Participants,4.0,3.0,2.5,3.0,2.0,3.0,1
0.5964589226703693,-0.0748496086642272,0.24342594840897142,1,Connected Democratic Core,9.0,3.0,3.25,5.0,2.0,5.0,1
2.259737163530394,-0.23552664750143557,-0.25767037980725416,1,Connected Democratic Core,7.0,7.0,3.0,7.666666666666667,1.0,3.0,1
-2.3126341276097806,-1.7803992802981419,0.44218619342187476,2,Disengaged Non-voters,5.0,0.0,2.0,5.0,2.0,4.0,0
1.184748344745027,0.19675305666209222,-0.06184295409857362,1,Connected Democratic Core,8.0,5.0,2.25,6.666666666666667,1.0,4.0,1
-0.31451191650302646,-2.150776570859645,1.8793711557955124,2,Disengaged Non-voters,5.0,5.0,2.25,8.333333333333334,2.0,5.0,0
0.752516712494375,0.7046098688954043,0.14456248028083457,1,Connected Democratic Core,4.0,6.0,2.75,6.333333333333333,1.0,5.0,1
0.17364825879634604,-0.4170116413337286,-0.18427527729386795,1,Connected Democratic Core,5.0,5.0,2.5,6.0,2.0,4.0,1
-3.21394525265218,-0.3794921544182582,0.30658545627555184,2,Disengaged Non-voters,2.0,0.0,1.5,3.6666666666666665,1.0,5.0,0
-0.9011586995529743,1.578388462847947,0.5965665921642529,0,Disappointed Democratic Participants,3.0,4.0,2.0,5.0,1.0,7.0,1
0.25445798841843464,-0.1749860316742183,0.32826841182200445,1,Connected Democratic Core,8.0,4.0,2.5,5.333333333333333,2.0,5.0,1
1.612259209746711,-1.142222061058526,-0.04113520266941798,1,Connected Democratic Core,9.0,6.0,2.5,7.333333333333333,2.0,3.0,1
-1.092318225484089,-1.7607433483571502,2.1277288230833356,2,Disengaged Non-voters,8.0,3.0,1.75,6.333333333333333,2.0,6.0,0
-0.38262132655930053,0.8696501666497248,-0.13679403009494642,0,Disappointed Democratic Participants,4.0,3.0,1.75,7.0,1.0,5.0,1
-0.8123368695808643,0.33216793738927436,0.46573934146148976,0,Disappointed Democratic Participants,7.0,2.0,2.0,5.333333333333333,2.0,6.0,1
-2.3237923570922607,-1.8160151357412777,0.4836006832924074,2,Disengaged Non-voters,3.0,2.0,2.0,4.666666666666667,2.0,4.0,0
1.3200258673439997,-0.06526115437176745,-0.5587869594637618,1,Connected Democratic Core,7.0,6.0,2.5,6.0,1.0,3.0,1
-0.5161771509006365,0.1613418828748458,-0.09247428721792,0,Disappointed Democratic Participants,4.0,3.0,2.75,5.666666666666667,2.0,5.0,1
0.2756945569676154,-0.07246854759356454,-1.4530342419561701,1,Connected Democratic Core,7.0,3.0,2.0,5.333333333333333,1.0,2.0,1
1.6503738529295513,0.35270306163788306,0.5999937711281804,1,Connected Democratic Core,9.0,6.0,2.5,6.666666666666667,1.0,5.0,1
1.41528204096589,0.4943509673978979,0.43084560157360985,1,Connected Democratic Core,7.0,6.0,2.75,6.666666666666667,1.0,5.0,1
0.15014771439256844,0.3323121307858821,-1.1173243230956758,1,Connected Democratic Core,5.0,4.0,2.5,4.666666666666667,1.0,3.0,1
-0.22093611866866666,0.2869333835240382,0.5538578184211125,0,Disappointed Democratic Participants,7.0,4.0,2.75,4.0,2.0,6.0,1
-0.7643878788489906,0.142455637466929,-0.11499334628245994,0,Disappointed Democratic Participants,4.0,4.0,2.5,4.333333333333333,2.0,5.0,1
2.499487611661402,0.265525100987731,0.7874055500542861,1,Connected Democratic Core,9.0,7.0,3.25,7.333333333333333,1.0,5.0,1
1.9098898990183395,-0.17838791068262558,-0.36779089206864046,1,Connected Democratic Core,8.0,6.0,2.75,7.0,1.0,3.0,1
3.018024984655076,-0.4432131952104911,0.05404492779508704,1,Connected Democratic Core,10.0,6.0,3.0,9.333333333333334,1.0,3.0,1
2.0297794979881054,-0.09737901397005545,-1.2416867366296895,1,Connected Democratic Core,5.0,6.0,4.25,5.666666666666667,1.0,2.0,1
-1.9340708322610782,-2.1091871321920515,0.05603386154206194,2,Disengaged Non-voters,4.0,1.0,2.25,5.333333333333333,2.0,3.0,0
0.47882054143706215,0.3610745611245431,-0.328942103171649,1,Connected Democratic Core,8.0,4.0,2.0,5.333333333333333,1.0,4.0,1
1.8587103205587767,0.6076225666777638,1.160200164204452,1,Connected Democratic Core,7.0,7.0,2.75,8.0,1.0,6.0,1
1.553790151292552,-0.36396142107400575,-1.0133567723207215,1,Connected Democratic Core,10.0,4.0,2.5,6.0,1.0,2.0,1
2.2657041187829727,0.27146908965494804,0.753388119470854,1,Connected Democratic Core,9.0,7.0,3.0,7.0,1.0,5.0,1
1.8287946414350964,-0.15613003039594234,-0.4047214498970989,1,Connected Democratic Core,8.0,6.0,2.75,6.666666666666667,1.0,3.0,1
-2.967767534290397,0.6290442381521723,-0.8672857670933083,0,Disappointed Democratic Participants,1.0,1.0,1.5,3.0,2.0,5.0,1
0.9695404410717507,-0.632286613058268,0.9254612755406376,1,Connected Democratic Core,8.0,7.0,1.75,7.333333333333333,2.0,5.0,1
2.472922249619837,0.28017607525600396,-0.03671904271143341,1,Connected Democratic Core,8.0,6.0,4.25,6.0,1.0,4.0,1
0.25323100934470083,0.4418928146917253,-0.42131602982427646,1,Connected Democratic Core,6.0,4.0,2.0,6.0,1.0,4.0,1
0.7374224386831464,-1.16168734985413,-2.5081997502393003,1,Connected Democratic Core,5.0,3.0,4.25,4.0,2.0,0.0,1
0.5640070253470059,-0.05311760214023849,0.9784132882791216,1,Connected Democratic Core,8.0,8.0,2.75,2.6666666666666665,2.0,6.0,1
1.0403921419667232,-1.9260230153894258,0.8498830504144697,2,Disengaged Non-voters,8.0,5.0,3.0,7.0,1.0,3.0,0
-1.0535806158168837,1.005034803247266,-0.36472065531852615,0,Disappointed Democratic Participants,3.0,3.0,1.5,5.666666666666667,1.0,5.0,1
-0.06534571724186244,-0.2324440489882846,0.3455930378309493,0,Disappointed Democratic Participants,8.0,5.0,2.0,4.333333333333333,2.0,5.0,1
0.19136871165668326,0.5460875101311629,-0.5427064312554857,1,Connected Democratic Core,3.0,6.0,2.5,5.0,1.0,4.0,1
0.1641509821981377,0.300116271581842,-1.1264856644305687,1,Connected Democratic Core,8.0,4.0,2.5,2.3333333333333335,1.0,3.0,1
-0.8278338030638298,-0.9643636176169117,1.183409888111705,2,Disengaged Non-voters,4.0,5.0,2.5,4.666666666666667,1.0,5.0,0
1.8669316121315467,-0.9697837269370205,-0.20976634846121228,1,Connected Democratic Core,8.0,6.0,3.5,6.666666666666667,2.0,3.0,1
2.089985846064942,-0.2980192170454613,-1.0021076024260045,1,Connected Democratic Core,6.0,6.0,3.5,7.0,1.0,2.0,1
-0.7995605808490286,0.9168509245511779,-0.29300644151968386,0,Disappointed Democratic Participants,8.0,2.0,1.5,3.6666666666666665,1.0,5.0,1
0.5042054356046459,-0.08820758382067957,0.24790988045104545,1,Connected Democratic Core,7.0,5.0,3.25,4.333333333333333,2.0,5.0,1
-1.3662515981917709,0.6163731853465617,-0.6683362768587787,0,Disappointed Democratic Participants,2.0,0.0,3.25,5.333333333333333,2.0,5.0,1
1.1316126459056315,-0.7382575189609345,-2.169990601054589,1,Connected Democratic Core,3.0,5.0,2.5,8.0,1.0,0.0,1
-2.4989543605299263,0.2930336924868155,0.4389207791602283,0,Disappointed Democratic Participants,0.0,3.0,2.75,3.3333333333333335,3.0,7.0,1
1.1946069044970293,-0.5388298271989032,-1.6605535164344878,1,Connected Democratic Core,5.0,8.0,2.75,3.6666666666666665,1.0,1.0,1
-1.8661839525308495,-0.8281172563700417,2.654244492572554,2,Disengaged Non-voters,0.0,5.0,2.5,6.666666666666667,2.0,8.0,0
1.8176172030227389,-0.48450216387409917,-0.851894203466958,1,Connected Democratic Core,9.0,6.0,2.5,6.0,1.0,2.0,1
1.7141397093112525,0.8413062714078547,0.853774353820668,1,Connected Democratic Core,8.0,6.0,3.5,5.666666666666667,1.0,6.0,1
-2.544671342455219,0.7069227808754801,-0.9151976726778828,0,Disappointed Democratic Participants,2.0,0.0,2.25,3.0,2.0,5.0,1
1.8291614808909225,0.36877567236784503,-0.16945367820032195,1,Connected Democratic Core,5.0,6.0,3.75,7.0,1.0,4.0,1
-0.09704522570479993,-0.2142928024913768,0.33633663233309413,0,Disappointed Democratic Participants,7.0,5.0,2.0,5.0,2.0,5.0,1
1.1950116628315066,-0.7745600119547501,-2.151477790058878,1,Connected Democratic Core,5.0,5.0,2.5,6.666666666666667,1.0,0.0,1
-3.6774694364882765,-2.65764753757744,2.2626732303197308,2,Disengaged Non-voters,2.0,2.0,1.75,5.333333333333333,4.0,7.0,0
2.696855832101018,0.10291231405285345,0.17384361671366994,1,Connected Democratic Core,8.0,8.0,4.0,5.666666666666667,1.0,4.0,1
2.086287869940052,-1.000557949679372,-0.16425054635888775,1,Connected Democratic Core,8.0,7.0,3.75,6.0,2.0,3.0,1
1.8179840424785647,0.04040353888968819,-0.6166264317701808,1,Connected Democratic Core,6.0,6.0,3.5,6.333333333333333,1.0,3.0,1
-0.3000135619411689,-0.033770049949095646,0.17410783809237917,0,Disappointed Democratic Participants,3.0,4.0,2.25,7.666666666666667,2.0,5.0,1
0.4121717278536206,0.7009189535213816,0.11121621092139163,1,Connected Democratic Core,5.0,5.0,2.25,6.333333333333333,1.0,5.0,1
-2.2252621746098353,-0.6108903746168758,0.637713218446662,2,Disengaged Non-voters,4.0,2.0,2.0,3.0,1.0,5.0,0
1.0527398277334978,0.4479816463279503,0.4650171696182548,1,Connected Democratic Core,7.0,5.0,2.0,8.0,1.0,5.0,1
0.6619191750398319,0.7876974013749204,0.030857679550432796,1,Connected Democratic Core,4.0,6.0,3.0,5.333333333333333,1.0,5.0,1
1.1767585719086153,-0.6235796274572122,0.13535411335835007,1,Connected Democratic Core,7.0,6.0,3.0,6.333333333333333,2.0,4.0,1
2.597160773109653,0.011099313969355108,-0.5075597005430662,1,Connected Democratic Core,8.0,5.0,4.25,7.0,1.0,3.0,1
2.029203467309531,-0.5331245582372413,-0.7503589354794377,1,Connected Democratic Core,8.0,6.0,2.5,7.666666666666667,1.0,2.0,1
-0.8709493706113152,0.132820733425689,-0.11432218505847058,0,Disappointed Democratic Participants,5.0,3.0,2.25,4.666666666666667,2.0,5.0,1
3.5190131771325097,-1.443574913850572,-0.3212880680283553,1,Connected Democratic Core,10.0,7.0,4.75,7.333333333333333,2.0,2.0,1
2.0685450895661046,0.3449217180932243,0.6403544799644415,1,Connected Democratic Core,10.0,6.0,3.0,6.333333333333333,1.0,5.0,1
-0.2985671711251224,-2.35081041237391,1.27640795040073,2,Disengaged Non-voters,7.0,4.0,2.5,6.666666666666667,2.0,4.0,0
0.33882225158912177,-0.20802953332890325,0.39511508800210315,1,Connected Democratic Core,6.0,5.0,2.5,6.333333333333333,2.0,5.0,1
-1.643917406733902,-3.3396196397939524,0.6942113812928814,2,Disengaged Non-voters,7.0,4.0,2.0,3.6666666666666665,3.0,3.0,0
0.8380887458089185,-0.23806875716024542,0.4724063546668228,1,Connected Democratic Core,7.0,5.0,3.0,6.333333333333333,2.0,5.0,1
-0.22876321148208276,0.42895055795102566,-0.47785251947224855,0,Disappointed Democratic Participants,6.0,5.0,1.5,4.333333333333333,1.0,4.0,1
0.09857708427421046,-0.3556376333752749,0.5522478622750054,1,Connected Democratic Core,7.0,4.0,1.5,8.0,2.0,5.0,1
2.432253099348154,-0.7549225620166847,-2.051150440566843,1,Connected Democratic Core,7.0,4.0,4.0,7.333333333333333,1.0,0.0,1
-0.12813078461051178,-0.5210318992469176,-0.890439619636181,0,Disappointed Democratic Participants,6.0,2.0,2.5,6.333333333333333,2.0,3.0,1
-3.581422641602761,1.0994799958060966,-0.6502816047680664,0,Disappointed Democratic Participants,0.0,0.0,1.5,2.6666666666666665,2.0,6.0,1
-1.7199626089186173,1.301944164820843,0.8977341824400061,0,Disappointed Democratic Participants,2.0,3.0,2.75,3.6666666666666665,2.0,8.0,1
1.7492932308982396,-0.5338595571482503,-0.7821344000418328,1,Connected Democratic Core,7.0,7.0,2.25,7.0,1.0,2.0,1
2.3297362941959507,0.20303253144370512,0.04296832743553624,1,Connected Democratic Core,8.0,6.0,3.75,6.666666666666667,1.0,4.0,1
1.8715902768157202,-0.635098336124674,-0.6591731938135759,1,Connected Democratic Core,8.0,7.0,2.0,7.333333333333333,1.0,2.0,1
-0.1638411279461958,0.7111446630770227,1.725384178816963,0,Disappointed Democratic Participants,7.0,3.0,2.25,7.333333333333333,2.0,8.0,1
0.33128566149312577,0.6340166753114633,-0.6523099197540956,1,Connected Democratic Core,5.0,5.0,3.0,3.6666666666666665,1.0,4.0,1
0.9567883645428841,-0.26791506146241256,1.3073581577274453,1,Connected Democratic Core,7.0,8.0,2.25,6.333333333333333,2.0,6.0,1
-0.12839710364178872,0.03600786873429708,0.07376075509162446,0,Disappointed Democratic Participants,6.0,3.0,2.75,5.666666666666667,2.0,5.0,1
0.06708676703402124,-0.4266465453749685,-0.18360411606987873,1,Connected Democratic Core,6.0,4.0,2.25,6.333333333333333,2.0,4.0,1
-0.8174710160022369,0.33566820961790916,1.2806075287293541,0,Disappointed Democratic Participants,7.0,3.0,1.0,7.333333333333333,2.0,7.0,1
1.0993612904502623,0.10121698546338144,-0.7394335005372249,1,Connected Democratic Core,5.0,5.0,2.75,7.0,1.0,3.0,1
0.07895820740199928,-2.4117340142945456,2.1101124951763364,2,Disengaged Non-voters,9.0,9.0,2.25,3.0,2.0,5.0,0
-2.0862295765942696,-0.33023119906460346,0.3906419607929141,2,Disengaged Non-voters,1.0,0.0,3.0,5.333333333333333,1.0,5.0,0
0.2504325107381908,-0.8498197511408273,-1.2765919515159938,1,Connected Democratic Core,5.0,3.0,2.75,6.666666666666667,2.0,2.0,1
0.23699536516016514,-2.2527341431279386,2.0165897233264753,2,Disengaged Non-voters,6.0,7.0,2.75,6.666666666666667,2.0,5.0,0
-1.5609722035925595,-2.7079033375385726,-1.65285207143184,0,Disappointed Democratic Participants,4.0,4.0,2.25,3.3333333333333335,4.0,1.0,1
0.8602859744005562,-0.19539035146432057,0.40488851726273467,1,Connected Democratic Core,8.0,5.0,3.25,5.0,2.0,5.0,1
0.926050436163121,-0.3425047334891872,-0.172737565985444,1,Connected Democratic Core,6.0,3.0,3.5,7.666666666666667,2.0,4.0,1
1.9991599084577736,-0.41852780410436496,-0.8778040737497689,1,Connected Democratic Core,9.0,4.0,2.75,8.0,1.0,2.0,1
-0.43974052948474074,-0.5036156516610187,-0.9314714896964313,0,Disappointed Democratic Participants,4.0,3.0,2.25,6.333333333333333,2.0,3.0,1
-2.7646903417992736,-3.3381677592026224,1.5043974455137417,2,Disengaged Non-voters,4.0,2.0,2.25,5.333333333333333,4.0,5.0,0
0.8219398124813576,0.7074235035733593,0.9365289886738769,1,Connected Democratic Core,8.0,5.0,1.75,7.333333333333333,1.0,6.0,1
1.2512884875302692,1.028014293506857,1.4240624510799968,1,Connected Democratic Core,8.0,5.0,2.5,7.666666666666667,1.0,7.0,1
-1.001364040576458,-0.015938083947444212,0.07205554634208265,0,Disappointed Democratic Participants,3.0,4.0,1.5,6.666666666666667,2.0,5.0,1
1.2019964059350714,-0.7952829626677087,0.33576072371253973,1,Connected Democratic Core,9.0,5.0,2.25,7.666666666666667,2.0,4.0,1
-1.1730568356142443,0.08940732881875511,-0.0785798122167777,0,Disappointed Democratic Participants,3.0,4.0,1.75,5.333333333333333,2.0,5.0,1
-2.544277143695865,-0.7284663383123168,-3.316874523236908,0,Disappointed Democratic Participants,2.0,0.0,1.75,2.0,2.0,0.0,1
1.2361129022243689,-1.627472117952658,-1.9395806824243291,1,Connected Democratic Core,9.0,3.0,3.0,6.0,2.0,0.0,1
0.7983579280660823,0.975572346419824,0.6179336455472115,1,Connected Democratic Core,8.0,4.0,2.75,5.666666666666667,1.0,6.0,1
1.7141397093112525,0.8413062714078547,0.853774353820668,1,Connected Democratic Core,8.0,6.0,3.5,5.666666666666667,1.0,6.0,1
-0.8172618247794885,0.24650805112130766,0.5540119558823254,0,Disappointed Democratic Participants,7.0,3.0,1.75,5.0,2.0,6.0,1
-1.118573479789145,1.441324703280073,-0.042751073997961374,0,Disappointed Democratic Participants,2.0,2.0,2.0,6.333333333333333,1.0,6.0,1
-1.7717176655884224,-0.8833387707822913,0.22632217750802763,2,Disengaged Non-voters,4.0,0.0,2.25,5.666666666666667,1.0,4.0,0
-0.3744000349865307,-0.7077561269650596,-1.5067605427606108,0,Disappointed Democratic Participants,5.0,2.0,2.5,5.666666666666667,2.0,2.0,1
0.4151306257045558,-2.4972837452155705,1.4874876335886096,2,Disengaged Non-voters,8.0,6.0,3.0,5.666666666666667,2.0,4.0,0
-0.5956437896594012,1.932325829312247,1.0640164387776145,0,Disappointed Democratic Participants,3.0,2.0,2.5,7.333333333333333,1.0,8.0,1
1.318983867290045,-0.48659700526018446,-1.658118073162706,1,Connected Democratic Core,5.0,5.0,2.75,7.0,1.0,1.0,1
-1.0345295163577048,-0.47614878161812746,-1.0341949426707173,0,Disappointed Democratic Participants,3.0,4.0,1.75,5.0,2.0,3.0,1
0.6474727310400303,0.4701108892647652,-0.4462311923710664,1,Connected Democratic Core,7.0,5.0,2.75,4.0,1.0,4.0,1
-0.7412098327274748,0.07713513923735761,-2.490097864120524,0,Disappointed Democratic Participants,2.0,2.0,2.25,5.0,1.0,1.0,1
0.9716911098668338,-0.8892847538650946,-0.39493616136628096,1,Connected Democratic Core,7.0,6.0,2.75,5.666666666666667,2.0,3.0,1
-2.766550479360111,-2.6891548476192515,1.4837456068984893,2,Disengaged Non-voters,5.0,3.0,1.0,5.0,3.0,5.0,0
-2.712245142077798,1.077569908406366,0.22719013453059161,0,Disappointed Democratic Participants,3.0,2.0,1.6666666666666667,2.0,2.0,7.0,1
-1.9466844694867445,-1.4235059973708284,0.9112068448322843,2,Disengaged Non-voters,3.0,0.0,2.75,6.666666666666667,2.0,5.0,0
2.892687333302777,-0.12759267532764604,-0.33684072619144756,1,Connected Democratic Core,8.0,7.0,4.25,6.333333333333333,1.0,3.0,1
0.43107573865484533,-0.19467155817245094,0.39063115596002906,1,Connected Democratic Core,8.0,3.0,2.5,7.0,2.0,5.0,1
0.4343689564452583,0.7435973592173065,0.04369837351730362,1,Connected Democratic Core,6.0,5.0,2.5,5.0,1.0,5.0,1
-0.18813291622086584,-1.373864378827686,-2.3165127881114707,0,Disappointed Democratic Participants,2.0,4.0,2.25,6.666666666666667,2.0,0.0,1
-0.6430049532573876,-1.258468343604494,-2.5288397295843663,0,Disappointed Democratic Participants,3.0,4.0,2.25,4.0,2.0,0.0,1
1.6108472231363715,0.8208857459986131,0.8843616333962977,1,Connected Democratic Core,7.0,6.0,3.25,6.666666666666667,1.0,6.0,1
2.1865155669939718,-2.022824485558303,-1.4112479785577625,1,Connected Democratic Core,8.0,8.0,3.0,6.0,2.0,0.0,1
-0.24153950021391815,-0.1557324292108779,0.2808932635089252,0,Disappointed Democratic Participants,5.0,5.0,2.0,6.0,2.0,5.0,1
-0.34945621835043894,-1.1727851642369764,1.4633497311516512,2,Disengaged Non-voters,6.0,5.0,2.25,5.666666666666667,1.0,5.0,0
-0.4322833947108833,1.430796568420715,0.7997321923022558,0,Disappointed Democratic Participants,5.0,4.0,2.0,5.333333333333333,1.0,7.0,1
1.0689701010725565,-0.01633568513250845,-0.6135591670639415,1,Connected Democratic Core,6.0,5.0,2.25,7.333333333333333,1.0,3.0,1
-1.5529476589780555,0.26114281977044124,-0.316145462748495,0,Disappointed Democratic Participants,5.0,1.0,1.75,5.0,2.0,5.0,1
1.0509833291809425,-0.42239506861618525,0.7090723616254816,1,Connected Democratic Core,8.0,5.0,2.5,7.666666666666667,2.0,5.0,1
1.1501466701504712,0.750595627290789,0.13425229374870784,1,Connected Democratic Core,6.0,4.0,3.25,7.0,1.0,5.0,1
-2.730474216609318,-3.3635238670404513,2.2878137147312425,2,Disengaged Non-voters,3.0,8.0,1.75,2.3333333333333335,4.0,6.0,0
-1.7653940628827558,1.451549763263314,-0.9319974006855191,0,Disappointed Democratic Participants,1.0,1.0,2.25,4.333333333333333,1.0,5.0,1
-0.000884571291437809,0.4124437468023843,-1.2325999286231255,0,Disappointed Democratic Participants,7.0,2.0,2.5,4.333333333333333,1.0,3.0,1
2.6986154492373062,-1.6280460682755196,-1.0049726910956602,1,Connected Democratic Core,10.0,6.0,4.0,6.333333333333333,2.0,1.0,1
-2.2312287622900286,1.3847599167841247,-0.8672385530652443,0,Disappointed Democratic Participants,0.0,0.0,1.25,6.666666666666667,1.0,5.0,1
-0.7706676928494253,1.5520239487714882,0.6611713023233146,0,Disappointed Democratic Participants,2.0,4.0,2.0,6.333333333333333,1.0,7.0,1
-2.166293026126296,1.4163496262359312,-0.9516033325050326,0,Disappointed Democratic Participants,1.0,2.0,1.75,3.0,1.0,5.0,1
0.07883032767392302,-1.533384663087963,3.5475889710075563,2,Disengaged Non-voters,9.0,8.0,2.5,4.666666666666667,2.0,8.0,0
1.1127263964956373,-0.5551430692459693,0.845773905393668,1,Connected Democratic Core,8.0,7.0,2.25,6.666666666666667,2.0,5.0,1
-3.039227443544617,-2.247162239808732,1.005163435552146,2,Disengaged Non-voters,0.0,2.0,2.25,5.666666666666667,3.0,5.0,0
1.5013022537477572,0.5577529733791813,0.3795035449812326,1,Connected Democratic Core,7.0,5.0,3.0,7.333333333333333,1.0,5.0,1
-1.52421241921153,0.2822499827303628,-0.32383106344930235,0,Disappointed Democratic Participants,2.0,3.0,2.0,5.0,2.0,5.0,1
1.1228668381271316,0.00819147406650862,-0.6718205989701744,1,Connected Democratic Core,8.0,5.0,2.5,5.333333333333333,1.0,3.0,1
-2.6639575514428824,-0.8986353935214885,-3.1695742515228877,0,Disappointed Democratic Participants,5.0,0.0,1.0,1.0,2.0,0.0,1
0.8141350186647254,-1.151123877800306,0.7839793840781375,1,Connected Democratic Core,7.0,5.0,3.25,7.333333333333333,3.0,5.0,1
1.6907428324325824,-0.23677384643687596,-1.1399022670179941,1,Connected Democratic Core,8.0,5.0,3.25,5.333333333333333,1.0,2.0,1
1.4595709744515246,-1.1585359526779924,-0.038222075424391634,1,Connected Democratic Core,9.0,6.0,2.25,7.333333333333333,2.0,3.0,1
-1.0110609675187698,0.15855975436568076,-3.425014130371619,0,Disappointed Democratic Participants,1.0,1.0,3.25,2.6666666666666665,1.0,0.0,1
1.1407530610773708,-0.3596803497579818,-1.868585668424847,1,Connected Democratic Core,9.0,3.0,3.0,4.333333333333333,1.0,1.0,1
0.6663959507711322,-0.13272334439404618,0.32177099610796256,1,Connected Democratic Core,7.0,5.0,3.25,5.0,2.0,5.0,1
0.6822320538676635,0.5303341798964571,0.319536904325458,1,Connected Democratic Core,6.0,6.0,2.0,6.333333333333333,1.0,5.0,1
1.1719720560131914,-0.3879299304998114,0.6969028288826,1,Connected Democratic Core,7.0,5.0,2.75,8.333333333333334,2.0,5.0,1
1.6682792848096677,0.27758751584841385,-0.10818405488610029,1,Connected Democratic Core,7.0,6.0,3.25,6.0,1.0,4.0,1
-0.8817599695678471,0.3293543027113195,-0.32622716693155246,0,Disappointed Democratic Participants,3.0,3.0,3.0,4.333333333333333,2.0,5.0,1
2.304884009574095,-0.15375059613666667,-1.1369497999834361,1,Connected Democratic Core,9.0,2.0,4.0,8.0,1.0,2.0,1
-1.0672933809050333,1.7372596966646854,-0.3712739838464713,0,Disappointed Democratic Participants,0.0,2.0,3.25,5.0,1.0,6.0,1
-0.9996838787623086,1.029561962446283,-0.42298208722475905,0,Disappointed Democratic Participants,5.0,3.0,1.75,3.6666666666666665,1.0,5.0,1
0.3943476074681756,1.5652236920208316,1.5302749399198634,1,Connected Democratic Core,7.0,4.0,2.5,6.333333333333333,1.0,8.0,1
0.36015934056285165,0.9764334214967525,-0.18671941935148867,1,Connected Democratic Core,2.0,5.0,3.25,6.0,1.0,5.0,1
2.571531887424402,-1.291157592341695,-0.566385181799667,1,Connected Democratic Core,9.0,5.0,4.0,8.0,2.0,2.0,1
-2.585954442284128,-0.003285513144760126,-1.7121092240618725,0,Disappointed Democratic Participants,1.0,1.0,1.5,3.6666666666666665,2.0,3.0,1
1.6223375202965855,-0.7673061689841729,-0.45568876091772625,1,Connected Democratic Core,6.0,6.0,4.0,6.0,2.0,3.0,1
-0.5800001350908665,0.1406182825894873,-0.10865006802963101,0,Disappointed Democratic Participants,5.0,4.0,2.75,3.6666666666666665,2.0,5.0,1
0.38476401610220423,0.8368641515036834,0.7426197940337292,1,Connected Democratic Core,7.0,5.0,1.75,6.333333333333333,1.0,6.0,1
-0.3254555839172813,0.8833917044807402,-0.1651393436495389,0,Disappointed Democratic Participants,4.0,4.0,2.0,5.666666666666667,1.0,5.0,1
0.1051768304415069,-2.3834219899937032,1.3282670307558833,2,Disengaged Non-voters,8.0,5.0,3.0,5.333333333333333,2.0,4.0,0
0.9051857388596841,0.4281674824798493,-0.34693789040458317,1,Connected Democratic Core,7.0,4.0,2.75,6.0,1.0,4.0,1
-2.2188247123763225,-1.4063928246610464,0.8234119143846934,2,Disengaged Non-voters,3.0,2.0,2.75,3.6666666666666665,2.0,5.0,0
2.650867527871357,0.41754290969999486,0.6493616838381214,1,Connected Democratic Core,7.0,7.0,4.0,7.666666666666667,1.0,5.0,1
2.6446150446576233,0.17483066248980475,0.11391631584742686,1,Connected Democratic Core,8.0,6.0,4.0,7.333333333333333,1.0,4.0,1
1.934028605182312,-0.3035474872969258,-1.0291105935326186,1,Connected Democratic Core,8.0,5.0,3.25,6.333333333333333,1.0,2.0,1
1.7905763307271483,0.17634873687199007,0.014777151342156613,1,Connected Democratic Core,8.0,6.0,3.0,6.333333333333333,1.0,4.0,1
0.11844820592963078,0.3504633772827899,-1.1265807285935312,1,Connected Democratic Core,4.0,4.0,2.5,5.333333333333333,1.0,3.0,1
-1.119160098559669,0.11393448801777219,-0.13684124412301052,0,Disappointed Democratic Participants,5.0,4.0,2.0,3.3333333333333335,2.0,5.0,1
-2.858532305065906,0.20740596196003852,0.4900343534035362,0,Disappointed Democratic Participants,4.0,0.0,1.75,4.0,3.0,7.0,1
-0.762851159611133,0.21034783991255093,-0.21787093671795865,0,Disappointed Democratic Participants,3.0,6.0,3.0,2.0,2.0,5.0,1
1.2054280630286842,0.4642955379474164,0.46210404237322855,1,Connected Democratic Core,7.0,5.0,2.25,8.0,1.0,5.0,1
0.04096958445978032,0.5940850609302377,-1.3869146398139636,0,Disappointed Democratic Participants,2.0,3.0,3.25,5.666666666666667,1.0,3.0,1
2.2704664224754274,-0.9132351460602118,0.5686883047409699,1,Connected Democratic Core,9.0,7.0,3.25,7.666666666666667,2.0,4.0,1
-2.608336678412371,1.3002650418505104,0.03048989105421178,0,Disappointed Democratic Participants,0.0,1.0,2.5,3.6666666666666665,2.0,7.0,1
-0.7995413719191512,1.209607202586199,0.1955808019207076,0,Disappointed Democratic Participants,5.0,4.0,1.75,4.0,1.0,6.0,1
-3.7058949360906785,-1.9939836517257965,1.4178967989387588,2,Disengaged Non-voters,2.0,2.0,1.5,3.6666666666666665,3.0,6.0,0
-2.3809683202538445,-0.2187553160100236,-0.5673652466620989,0,Disappointed Democratic Participants,1.0,1.0,2.75,4.0,3.0,5.0,1
1.7492932308982396,-0.5338595571482503,-0.7821344000418328,1,Connected Democratic Core,7.0,7.0,2.25,7.0,1.0,2.0,1
-0.1734247193121672,-0.017214877440125356,0.9377290329308289,0,Disappointed Democratic Participants,7.0,4.0,1.5,7.333333333333333,2.0,6.0,1
-1.5320293200222084,-0.8787199369680845,1.0491044478257685,2,Disengaged Non-voters,3.0,3.0,1.75,6.333333333333333,1.0,5.0,0
0.9483482136961338,0.4741048795149049,-0.3661218626242829,1,Connected Democratic Core,4.0,5.0,3.0,7.0,1.0,4.0,1
1.661864150089765,-1.235488853344903,-0.7400566231858434,1,Connected Democratic Core,8.0,6.0,3.25,6.0,2.0,2.0,1
-1.2365079770755565,1.2498876920199218,-0.7249239655664689,0,Disappointed Democratic Participants,4.0,4.0,2.5,0.6666666666666666,1.0,5.0,1
-2.292250129290016,0.05441378505881035,-0.9628995279873414,0,Disappointed Democratic Participants,5.0,0.0,1.0,4.333333333333333,2.0,4.0,1
-2.264266358343199,0.04619986790685922,-3.4109655179092635,0,Disappointed Democratic Participants,0.0,1.0,1.25,3.3333333333333335,1.0,0.0,1
-2.4494964803280004,0.47734570993516473,-0.6364460146247023,0,Disappointed Democratic Participants,2.0,1.0,1.5,4.333333333333333,2.0,5.0,1
-0.6658059394035127,-2.279243500173405,1.1608438034595734,2,Disengaged Non-voters,4.0,6.0,2.5,5.666666666666667,2.0,4.0,0
-0.3575567321309638,-1.4640619615390136,-0.6182325913251063,0,Disappointed Democratic Participants,6.0,5.0,2.75,3.6666666666666665,3.0,3.0,1
0.838351917739637,2.114240835567883,1.7683017014004538,1,Connected Democratic Core,4.0,5.0,4.25,5.666666666666667,1.0,9.0,1
-2.594461290334879,2.146418533853052,1.4588050255505387,0,Disappointed Democratic Participants,3.0,0.0,2.75,3.0,2.0,10.0,1
1.765052968739538,0.61233556202868,0.289983672275381,1,Connected Democratic Core,9.0,6.0,3.75,4.0,1.0,5.0,1
-1.1445745757756989,-3.5447821950748866,1.0224850895172157,2,Disengaged Non-voters,5.0,5.0,1.75,7.0,3.0,3.0,0
0.7762885792025213,0.05454458951731685,-0.7520249928799203,1,Connected Democratic Core,7.0,5.0,2.25,5.333333333333333,1.0,3.0,1
-0.514915371531984,1.3851622462617763,0.865679224909296,0,Disappointed Democratic Participants,6.0,2.0,1.5,7.333333333333333,1.0,7.0,1
-0.21766210980813103,0.9324460228787744,-0.2816622074620045,0,Disappointed Democratic Participants,8.0,4.0,2.5,1.6666666666666667,1.0,5.0,1
0.809801685509717,0.7469047119167662,0.10090602438926498,1,Connected Democratic Core,7.0,3.0,2.75,7.0,1.0,5.0,1
-4.029775876394271,0.900548510258264,-1.291363552978073,0,Disappointed Democratic Participants,0.0,0.0,1.25,1.0,2.0,5.0,1
-3.219540917644174,2.830263940608221,1.3560894468147853,0,Disappointed Democratic Participants,0.0,3.0,1.0,2.6666666666666665,1.0,10.0,1
1.344140361305003,-1.1394752697438268,-0.843257760133374,1,Connected Democratic Core,7.0,4.0,3.0,8.0,2.0,2.0,1
0.795559429459572,-0.3161402194127283,-0.23734227614450584,1,Connected Democratic Core,7.0,3.0,3.5,6.333333333333333,2.0,4.0,1
-2.5655602519616254,0.5285404580867575,-0.7125490963026563,0,Disappointed Democratic Participants,3.0,0.0,1.5,4.0,2.0,5.0,1
0.5715687476866886,0.020988887838200396,-1.535634739348166,1,Connected Democratic Core,7.0,3.0,2.75,4.666666666666667,1.0,2.0,1
-1.3320221338985185,-3.621319377326045,0.2596301200657178,2,Disengaged Non-voters,6.0,4.0,2.25,4.666666666666667,3.0,2.0,0
2.16392413964298,-0.6301137720664307,1.0579467094053505,1,Connected Democratic Core,7.0,8.0,3.25,8.333333333333334,2.0,5.0,1
-0.21746654269640212,0.7858759966195289,-0.04599090823936674,0,Disappointed Democratic Participants,8.0,1.0,1.5,7.0,1.0,5.0,1
-1.0575641199029284,0.5667795605595493,0.9487495320360041,0,Disappointed Democratic Participants,8.0,3.0,1.75,3.6666666666666665,2.0,7.0,1
-0.2504036183250233,0.5292614184872653,-1.3902497266588039,0,Disappointed Democratic Participants,5.0,3.0,2.75,3.3333333333333335,1.0,3.0,1
0.7350867908682839,0.13352548820705734,-0.8380556412797188,1,Connected Democratic Core,6.0,5.0,2.5,5.333333333333333,1.0,3.0,1
-3.776859972561992,0.20261012943563397,-1.215939506762641,0,Disappointed Democratic Participants,0.0,0.0,2.75,0.0,3.0,5.0,1
0.06737729826826734,-0.03463177459842416,-1.52465339159205,1,Connected Democratic Core,6.0,4.0,2.0,4.333333333333333,1.0,2.0,1
1.003814585594126,-0.8504099070828285,-0.3880167860524252,1,Connected Democratic Core,5.0,5.0,2.75,8.333333333333334,2.0,3.0,1
-1.3648427301651638,1.2546004755619309,-0.659071997122391,0,Disappointed Democratic Participants,1.0,2.0,2.0,5.666666666666667,1.0,5.0,1
-2.5655602519616254,0.5285404580867575,-0.7125490963026563,0,Disappointed Democratic Participants,3.0,0.0,1.5,4.0,2.0,5.0,1
-0.02377708945179877,0.21348075508576211,0.6668914579275249,0,Disappointed Democratic Participants,6.0,5.0,2.75,4.666666666666667,2.0,6.0,1
2.024626142636855,-0.38663501977644177,-0.9154057928022167,1,Connected Democratic Core,8.0,5.0,3.0,7.333333333333333,1.0,2.0,1
-4.57031527844024,-1.0826076540560685,0.23907947814164976,2,Disengaged Non-voters,0.0,0.0,1.0,2.6666666666666665,2.0,5.0,0
1.9717714056362348,0.010173671912957994,0.24218675280296026,1,Connected Democratic Core,8.0,6.0,2.5,8.333333333333334,1.0,4.0,1
1.9193921788896395,-0.23921756287545828,-0.2910166491666971,1,Connected Democratic Core,8.0,6.0,2.5,7.666666666666667,1.0,3.0,1
-0.6852533077679596,-0.004720538544550389,0.02715183216549684,0,Disappointed Democratic Participants,8.0,3.0,2.0,3.6666666666666665,2.0,5.0,1
0.4550486747289158,1.0111398405026306,0.5676453699891059,1,Connected Democratic Core,5.0,5.0,2.5,6.333333333333333,1.0,6.0,1
1.0388886233421482,0.858896956520002,-0.014812260013104607,1,Connected Democratic Core,4.0,6.0,3.75,5.0,1.0,5.0,1
2.2853883767292547,-1.241848560427873,-0.6450187709123651,1,Connected Democratic Core,6.0,7.0,4.0,7.333333333333333,2.0,2.0,1
1.1511073587097544,0.3827422854692251,0.5227025044634609,1,Connected Democratic Core,8.0,6.0,2.0,6.666666666666667,1.0,5.0,1
-3.17580828195573,-1.1931458509593367,0.5015405577114384,2,Disengaged Non-voters,2.0,0.0,2.25,3.6666666666666665,2.0,5.0,0
0.6694607684089198,0.6019494534572916,0.21284654307187434,1,Connected Democratic Core,8.0,5.0,2.25,5.0,1.0,5.0,1
0.8719115922802376,1.1390624140507695,0.47287533985422836,1,Connected Democratic Core,4.0,5.0,3.5,6.333333333333333,1.0,6.0,1
2.2532183612853833,0.07880087326958903,0.17108462692985665,1,Connected Democratic Core,8.0,7.0,3.25,6.666666666666667,1.0,4.0,1
-0.8548419737272418,1.2031510138945503,-0.6208581901442046,0,Disappointed Democratic Participants,7.0,1.0,2.5,2.6666666666666665,1.0,5.0,1
1.6976654729713525,-0.7539297118247941,1.1250425872096248,1,Connected Democratic Core,9.0,8.0,2.25,7.333333333333333,2.0,5.0,1
2.6586946492015993,-0.032488528163827454,0.35573741607214915,1,Connected Democratic Core,8.0,7.0,3.25,8.333333333333334,1.0,4.0,1
0.1306434321929742,0.15111682289160464,0.7967720394696378,1,Connected Democratic Core,5.0,4.0,2.5,7.666666666666667,2.0,6.0,1
-0.7569276254914006,-0.5244672397238457,0.681449219914124,0,Disappointed Democratic Participants,8.0,3.0,2.75,3.6666666666666665,3.0,6.0,1
1.0909010106329171,0.5833824885446312,0.2831233702597758,1,Connected Democratic Core,7.0,6.0,2.75,5.333333333333333,1.0,5.0,1
-1.441013032549783,1.362518242116581,-0.784275169371685,0,Disappointed Democratic Participants,1.0,1.0,2.25,5.666666666666667,1.0,5.0,1
1.486875018677833,0.5329227393040473,0.39100191650012495,1,Connected Democratic Core,7.0,6.0,3.0,6.333333333333333,1.0,5.0,1
0.42194530151246307,1.0473620575069067,-0.31631145947989436,1,Connected Democratic Core,8.0,2.0,3.5,3.6666666666666665,1.0,5.0,1
2.246699559040373,0.39312839404061356,0.5998396336669675,1,Connected Democratic Core,9.0,7.0,3.5,5.666666666666667,1.0,5.0,1
0.24192032035878927,-2.167074256859972,1.9283171089056395,2,Disengaged Non-voters,6.0,6.0,3.0,7.0,2.0,5.0,0
1.080438042202334,1.0120654825590274,-0.18210108335692052,1,Connected Democratic Core,5.0,4.0,4.25,5.0,1.0,5.0,1
0.7796196873547596,0.5401918828242748,-0.4998152149844805,1,Connected Democratic Core,8.0,3.0,3.0,5.0,1.0,4.0,1
-1.1813978850582665,0.6001261370903511,0.9286659162432459,0,Disappointed Democratic Participants,8.0,1.0,1.5,5.666666666666667,2.0,7.0,1
1.5760065888140669,-0.02852673734305973,-0.5922873662844178,1,Connected Democratic Core,8.0,6.0,3.0,5.0,1.0,3.0,1
-0.8132783206934435,0.6847632938090246,-0.7594582314722048,0,Disappointed Democratic Participants,2.0,3.0,1.5,7.0,1.0,4.0,1
1.619021974992562,0.603003732863557,0.3374178938867108,1,Connected Democratic Core,8.0,4.0,3.25,7.333333333333333,1.0,5.0,1
-1.6512909777513431,1.2754367193869254,-0.7506796983880668,0,Disappointed Democratic Participants,4.0,1.0,1.75,3.6666666666666665,1.0,5.0,1
1.4604946641728738,-0.7986552471188749,-2.108203953977591,1,Connected Democratic Core,6.0,5.0,2.75,6.333333333333333,1.0,0.0,1
0.4773495708456612,-0.7735856437657859,-0.5605000424518362,1,Connected Democratic Core,6.0,5.0,2.5,6.0,2.0,3.0,1
0.20077044258660795,-0.28867334936983696,-0.34006572911879157,1,Connected Democratic Core,6.0,4.0,3.0,5.0,2.0,4.0,1
-0.5367134266080023,0.8714072455376272,-1.0085813268210653,0,Disappointed Democratic Participants,8.0,0.0,2.5,3.6666666666666665,1.0,4.0,1
-4.974806326538643,2.420543236307762,0.8974693323452799,0,Disappointed Democratic Participants,0.0,0.0,1.0,0.0,2.0,10.0,1
0.16923358562983967,0.9998420191101975,-0.25289493430759824,1,Connected Democratic Core,5.0,3.0,3.0,5.333333333333333,1.0,5.0,1
-0.7118460005962259,1.662210994238472,0.5146372559962462,0,Disappointed Democratic Participants,4.0,3.0,2.5,4.666666666666667,1.0,7.0,1
-1.964728340670061,-1.6697000348067268,1.1461085697431506,2,Disengaged Non-voters,5.0,2.0,2.0,5.0,2.0,5.0,0
1.9036374158046063,-0.42110015789281574,-0.903236260059335,1,Connected Democratic Core,9.0,5.0,2.75,6.666666666666667,1.0,2.0,1
0.18752364687383852,0.4291418506688136,1.244039857202459,1,Connected Democratic Core,8.0,4.0,2.75,5.333333333333333,2.0,7.0,1
0.5599107957472136,-0.31748157988487813,0.5734245988915667,1,Connected Democratic Core,5.0,5.0,2.25,8.666666666666666,2.0,5.0,1
-3.3542616184944496,3.235267417874245,0.8731184075893307,0,Disappointed Democratic Participants,1.0,0.0,2.25,1.0,1.0,10.0,1
-0.8056362068998071,1.5809608166363975,0.621998778473819,0,Disappointed Democratic Participants,3.0,3.0,2.0,6.333333333333333,1.0,7.0,1
0.4973591318042818,0.2538249501176465,-1.7660525322169582,1,Connected Democratic Core,3.0,3.0,3.5,5.666666666666667,1.0,2.0,1
-2.1029182214033906,0.43099259448435656,-0.5562416207149565,0,Disappointed Democratic Participants,3.0,1.0,1.75,4.333333333333333,2.0,5.0,1
1.0082882427416942,0.8305044444207136,0.8376576463072076,1,Connected Democratic Core,5.0,6.0,2.5,7.666666666666667,1.0,6.0,1
0.6802659965199743,-2.753528405108461,1.7840809414135113,2,Disengaged Non-voters,9.0,8.0,2.5,5.333333333333333,2.0,4.0,0
-2.867529645233739,-1.6962093918521934,0.290362649876249,2,Disengaged Non-voters,3.0,1.0,1.75,4.0,2.0,4.0,0
-2.074182981636865,0.4520997574442781,-0.563927221415764,0,Disappointed Democratic Participants,0.0,3.0,2.0,4.333333333333333,2.0,5.0,1
0.05122833642388019,1.2188747495720154,0.26480384807433754,0,Disappointed Democratic Participants,7.0,3.0,2.75,4.333333333333333,1.0,6.0,1
1.9353561331974212,-0.14649512635470238,-0.40539261112108826,1,Connected Democratic Core,7.0,7.0,3.0,6.333333333333333,1.0,3.0,1
0.9624899208049034,0.7632186035362324,0.09799289714423866,1,Connected Democratic Core,7.0,3.0,3.0,7.0,1.0,5.0,1
-0.4131130648783815,-0.02183371125433224,0.1149467626130878,0,Disappointed Democratic Participants,8.0,1.0,2.0,6.666666666666667,2.0,5.0,1
1.8496022394468308,-0.7669369003172005,-1.3182509292565168,1,Connected Democratic Core,7.0,7.0,2.5,6.333333333333333,1.0,1.0,1
-1.3810264637876437,0.35939352654266166,-0.403518433596272,0,Disappointed Democratic Participants,2.0,3.0,2.5,4.333333333333333,2.0,5.0,1
1.0288103127922739,0.483981064445649,0.3997412982352039,1,Connected Democratic Core,7.0,6.0,2.25,6.333333333333333,1.0,5.0,1
2.4777851022536677,-0.13059695315098888,-0.34728531667606843,1,Connected Democratic Core,5.0,8.0,3.75,7.333333333333333,1.0,3.0,1
-4.9031808007935265,-1.460465168585845,1.4907630184191825,2,Disengaged Non-voters,2.0,0.0,1.0,2.3333333333333335,3.0,7.0,0
-1.776780692517862,1.2123377882817588,-0.652574581408349,0,Disappointed Democratic Participants,2.0,1.0,1.25,6.0,1.0,5.0,1
1.84606691482811,-0.1991115109679841,-0.38396667288035147,1,Connected Democratic Core,9.0,7.0,2.75,5.0,1.0,3.0,1
-2.2806245114103345,1.3888665505739002,-0.8949127053958474,0,Disappointed Democratic Participants,1.0,0.0,1.25,5.666666666666667,1.0,5.0,1
0.235529765414241,-0.22845005873814492,0.4257023675777327,1,Connected Democratic Core,5.0,5.0,2.25,7.333333333333333,2.0,5.0,1
0.528849449044471,0.3248338621173403,-1.0302005538720742,1,Connected Democratic Core,4.0,3.0,2.75,7.333333333333333,1.0,3.0,1
0.34286785823996074,0.7266586240337731,-0.6960614398086277,1,Connected Democratic Core,4.0,2.0,3.0,7.333333333333333,1.0,4.0,1
-0.9771439944009879,0.3400772687114015,-1.2037178577970375,0,Disappointed Democratic Participants,3.0,3.0,1.0,6.333333333333333,1.0,3.0,1
1.6633543296110438,0.1919276295804471,-0.019911440465264732,1,Connected Democratic Core,7.0,7.0,3.0,5.666666666666667,1.0,4.0,1
0.9583058748508642,-0.49277913705181176,0.7158933238515551,1,Connected Democratic Core,9.0,8.0,2.5,3.6666666666666665,2.0,5.0,1
-1.4822390330869892,0.4924446020485624,-0.49345691697711785,0,Disappointed Democratic Participants,0.0,0.0,2.5,8.333333333333334,2.0,5.0,1
2.446414015386801,-0.17305255996033628,-1.0984484373579297,1,Connected Democratic Core,7.0,4.0,4.25,7.666666666666667,1.0,2.0,1
-0.6452592895775785,0.8259336871666739,-0.147814717640594,0,Disappointed Democratic Participants,4.0,5.0,1.5,4.666666666666667,1.0,5.0,1
1.9109890268808227,-0.22493166927882177,0.4939354197495269,1,Connected Democratic Core,10.0,6.0,1.5,9.0,1.0,4.0,1
-0.657279106216614,0.926870040839381,2.1858753103269373,0,Disappointed Democratic Participants,8.0,5.0,1.75,4.333333333333333,2.0,9.0,1
0.40099428944126303,0.3725468200432247,-0.33595654264846714,1,Connected Democratic Core,6.0,5.0,2.0,5.666666666666667,1.0,4.0,1
1.7065789070122872,0.7342979412904623,0.1831982468588349,1,Connected Democratic Core,7.0,5.0,4.0,5.666666666666667,1.0,5.0,1
-0.9229046300935555,-0.05954440808355317,-0.6498626172121275,0,Disappointed Democratic Participants,2.0,2.0,2.25,7.333333333333333,2.0,4.0,1
-2.4096030110789948,0.5340687283382219,-0.6855461051960422,0,Disappointed Democratic Participants,1.0,1.0,1.75,4.666666666666667,2.0,5.0,1
-0.9005447499957485,1.2534981195954984,-0.620953254307167,0,Disappointed Democratic Participants,3.0,1.0,2.5,5.666666666666667,1.0,5.0,1
0.13021946492861924,0.09409072961243052,0.7991090696536371,1,Connected Democratic Core,8.0,5.0,2.5,4.333333333333333,2.0,6.0,1
-0.20614201562609022,0.5286550569261246,-0.5477073870603362,0,Disappointed Democratic Participants,4.0,4.0,1.75,6.333333333333333,1.0,4.0,1
0.8575222760889649,0.35359629245600116,-0.24181833394804744,1,Connected Democratic Core,7.0,3.0,2.25,8.0,1.0,4.0,1
2.764704293971492,0.7984696338048207,1.7948797608633789,1,Connected Democratic Core,10.0,8.0,3.75,6.333333333333333,1.0,7.0,1
-0.8341054952074406,-1.499832142862123,0.15937727668061896,2,Disengaged Non-voters,8.0,2.0,2.25,4.0,1.0,3.0,0
-0.05504762737728991,0.9449563555845819,-0.21013812198908705,0,Disappointed Democratic Participants,5.0,3.0,2.5,5.666666666666667,1.0,5.0,1
-2.2875914931226684,0.6971134393079916,-0.08697176768037138,0,Disappointed Democratic Participants,5.0,0.0,1.5,4.0,2.0,6.0,1
-1.4273816074731311,0.14911841942601575,-0.16326813816859764,0,Disappointed Democratic Participants,4.0,2.0,1.5,6.0,2.0,5.0,1
-0.6186889527797482,1.7755952370579737,1.1362083365497015,0,Disappointed Democratic Participants,8.0,4.0,2.25,2.0,1.0,8.0,1
1.7857550430536322,-1.7367150393603183,-0.9575778092738618,1,Connected Democratic Core,8.0,7.0,2.5,7.0,2.0,1.0,1
0.354500677935749,0.14897639313804603,0.756352257335126,1,Connected Democratic Core,8.0,5.0,3.0,4.0,2.0,6.0,1
1.291391148002023,0.995577153413313,0.648366787661628,1,Connected Democratic Core,7.0,5.0,3.5,5.666666666666667,1.0,6.0,1
-2.139665561519937,1.8981315666426177,0.09481491980448646,0,Disappointed Democratic Participants,5.0,0.0,1.5,3.3333333333333335,1.0,7.0,1
-0.6689122934847874,-0.9980937568222766,1.2273548854169816,2,Disengaged Non-voters,6.0,4.0,2.5,4.666666666666667,1.0,5.0,0
0.9480626857349792,0.7383883694610983,0.10949126866313093,1,Connected Democratic Core,7.0,4.0,3.0,6.0,1.0,5.0,1
-3.0845163749731808,-1.0870469572792019,1.9678959438843984,2,Disengaged Non-voters,4.0,3.0,1.0,3.6666666666666665,2.0,7.0,0
-1.1359028809906868,1.952185793336728,0.1740989508660678,0,Disappointed Democratic Participants,1.0,2.0,3.0,5.0,1.0,7.0,1
-0.3925525769680468,0.2171554648406455,0.654204901421867,0,Disappointed Democratic Participants,4.0,5.0,2.25,6.0,2.0,6.0,1
1.2512071760355976,0.23882510079687633,0.713181548095806,1,Connected Democratic Core,8.0,6.0,1.5,8.333333333333334,1.0,5.0,1
-2.4991827606825523,0.0894375729483959,0.6769291085668656,0,Disappointed Democratic Participants,3.0,1.0,1.75,5.333333333333333,3.0,7.0,1
1.146263715005802,1.0862715919112391,1.3218560218684874,1,Connected Democratic Core,8.0,6.0,2.75,5.666666666666667,1.0,7.0,1
-1.9915792306727806,-1.3907655705922604,0.797597108264845,2,Disengaged Non-voters,7.0,0.0,3.0,2.6666666666666665,2.0,5.0,0
-0.8959920050984272,-2.3446919861804445,0.4148357760437756,2,Disengaged Non-voters,5.0,3.0,2.75,5.666666666666667,2.0,3.0,0
0.5565033508565698,-0.6280055417422441,0.0702323794365121,1,Connected Democratic Core,7.0,6.0,2.25,5.666666666666667,2.0,4.0,1
1.5777388751636532,-0.10720456115668332,-0.45949365749727866,1,Connected Democratic Core,7.0,5.0,2.5,8.0,1.0,3.0,1
0.9593680038754137,0.1884111517326729,-0.8808124535982299,1,Connected Democratic Core,6.0,5.0,3.0,5.0,1.0,3.0,1
-1.7088856909308083,0.5483708275539979,0.1454387895852825,0,Disappointed Democratic Participants,4.0,2.0,1.75,4.666666666666667,2.0,6.0,1
-0.6108445072089878,-1.6393132807660737,1.2618463406567748,0,Disappointed Democratic Participants,6.0,5.0,2.5,6.333333333333333,4.0,6.0,1
2.3676882858726214,0.42759353215698753,0.587670100924086,1,Connected Democratic Core,8.0,7.0,3.75,6.333333333333333,1.0,5.0,1
-0.15322517606067573,0.6282792799116844,-1.4830062731217135,0,Disappointed Democratic Participants,7.0,0.0,3.0,4.333333333333333,1.0,3.0,1
-0.2287061121903802,0.2690852119032473,0.6098772843063082,0,Disappointed Democratic Participants,6.0,3.0,2.5,6.333333333333333,2.0,6.0,1
-1.419301873787294,0.8517376398583723,-1.0717496361355732,0,Disappointed Democratic Participants,2.0,5.0,1.75,2.0,1.0,4.0,1
-1.8131286451454085,-0.7151977135959492,0.8668871019552579,2,Disengaged Non-voters,3.0,0.0,1.75,8.0,1.0,5.0,0
0.35625717648830446,1.0193531080821814,0.5122970653278993,1,Connected Democratic Core,7.0,5.0,2.5,4.333333333333333,1.0,6.0,1
-2.2804966601990837,0.8185314628041529,-1.0070545755677343,0,Disappointed Democratic Participants,1.0,0.0,3.0,3.0,2.0,5.0,1
-3.1696766894762542,0.9964941683305403,-0.4930030867653577,0,Disappointed Democratic Participants,0.0,1.0,1.6666666666666667,3.0,2.0,6.0,1
-0.32417147703501886,-0.2013667513698166,0.34684029611596545,0,Disappointed Democratic Participants,6.0,3.0,1.5,8.0,2.0,5.0,1
2.0704052271269417,-0.3040911934901469,0.6610063185796942,1,Connected Democratic Core,9.0,5.0,4.25,6.666666666666667,2.0,5.0,1
1.829142271961045,0.0760193943328238,-0.6580409216407134,1,Connected Democratic Core,8.0,4.0,3.5,6.666666666666667,1.0,3.0,1
-0.238107843120305,1.103846071404247,0.407236582169614,0,Disappointed Democratic Participants,3.0,5.0,2.0,6.333333333333333,1.0,6.0,1
-1.9220708055370788,0.34068236823339343,1.2498220581487949,0,Disappointed Democratic Participants,3.0,2.0,2.5,5.333333333333333,3.0,8.0,1
-0.8737701967314352,1.1496869868306236,-0.5234242343884761,0,Disappointed Democratic Participants,4.0,2.0,2.25,4.666666666666667,1.0,5.0,1
0.21053904148918484,-0.9065427695438845,-1.227491860944654,1,Connected Democratic Core,6.0,3.0,2.5,6.333333333333333,2.0,2.0,1
1.7762875349604244,0.47282808602222365,0.4995516239644633,1,Connected Democratic Core,8.0,5.0,3.0,7.666666666666667,1.0,5.0,1
0.43957943960503687,0.5649737555390797,-0.5201873721909458,1,Connected Democratic Core,3.0,5.0,2.75,6.333333333333333,1.0,4.0,1
1.4202069961645138,0.5800108536658646,0.3425729871527742,1,Connected Democratic Core,7.0,5.0,3.0,7.0,1.0,5.0,1
-3.2379855085375175,0.18556315051670794,-2.037469805041181,0,Disappointed Democratic Participants,3.0,0.0,1.5,0.3333333333333333,2.0,3.0,1
-0.6668996964205192,0.9262445477029136,-1.0602119248271493,0,Disappointed Democratic Participants,3.0,3.0,2.75,3.6666666666666665,1.0,4.0,1
1.5206438844411825,-0.531415840709668,-1.6310200178931296,1,Connected Democratic Core,7.0,6.0,3.0,4.666666666666667,1.0,1.0,1
-0.4861335920488796,0.04674512874196969,0.034970851052411094,0,Disappointed Democratic Participants,3.0,5.0,2.5,5.333333333333333,2.0,5.0,1
-2.279354111203754,2.0137985210007368,-0.033589921103541025,0,Disappointed Democratic Participants,0.0,3.0,2.0,2.6666666666666665,1.0,7.0,1
-0.832592620600167,0.12165154938312435,-0.06054468519431191,0,Disappointed Democratic Participants,5.0,1.0,2.0,7.333333333333333,2.0,5.0,1
2.2833240227019345,0.46063703381167254,0.5208234247439871,1,Connected Democratic Core,10.0,6.0,3.75,5.333333333333333,1.0,5.0,1
-0.3976246208246254,0.7170886517442399,1.6913667482335308,0,Disappointed Democratic Participants,7.0,3.0,2.0,7.0,2.0,8.0,1
-1.1874840706841685,0.06457709474362112,-0.06708144069788546,0,Disappointed Democratic Participants,3.0,5.0,1.75,4.333333333333333,2.0,5.0,1
-1.5698288807122742,1.7780845418640292,-0.47848136886283116,0,Disappointed Democratic Participants,1.0,1.0,2.75,4.333333333333333,1.0,6.0,1
1.6641153678262235,-0.7185557868435625,-2.186320519327513,1,Connected Democratic Core,4.0,7.0,3.5,5.0,1.0,0.0,1
-2.336381414542573,2.321366566395089,0.46803149355446594,0,Disappointed Democratic Participants,0.0,0.0,1.75,6.333333333333333,1.0,8.0,1
0.20432997940829803,0.09255580003870566,-1.6511988862893225,1,Connected Democratic Core,4.0,5.0,2.75,3.6666666666666665,1.0,2.0,1
-0.6907720835532147,0.4943643563359993,-1.363092598090977,0,Disappointed Democratic Participants,3.0,3.0,2.0,5.0,1.0,3.0,1
-2.303017307113701,1.4927581711372209,-1.0630661672143975,0,Disappointed Democratic Participants,0.0,3.0,2.0,1.6666666666666667,1.0,5.0,1
0.2956597767526722,-0.25396693036395884,0.41429906022180285,1,Connected Democratic Core,9.0,4.0,2.25,5.333333333333333,2.0,5.0,1
1.244525722284418,-0.7172115004152257,1.045509354523868,1,Connected Democratic Core,9.0,7.0,1.75,7.666666666666667,2.0,5.0,1
2.255159838857718,-0.08903710904063607,-0.42271723713003306,1,Connected Democratic Core,7.0,6.0,3.5,7.333333333333333,1.0,3.0,1
0.798195276559913,-0.29479177556330266,0.5215064452381628,1,Connected Democratic Core,8.0,5.0,2.75,6.0,2.0,5.0,1
-1.1222714559140354,0.7387859706461627,0.7951059820691551,0,Disappointed Democratic Participants,4.0,3.0,2.25,5.333333333333333,2.0,7.0,1
1.5409294039654862,1.1715157597634531,1.294603829137698,1,Connected Democratic Core,6.0,6.0,3.5,7.0,1.0,7.0,1
0.6836976536135876,-1.4939499044933362,1.9104242600742003,2,Disengaged Non-voters,7.0,8.0,2.5,5.666666666666667,1.0,5.0,0
1.3673522591638938,0.9768195453552645,1.5001655327579508,1,Connected Democratic Core,7.0,6.0,2.5,8.0,1.0,7.0,1
-0.8169520846153647,0.9312790999328733,-0.2984500761994542,0,Disappointed Democratic Participants,4.0,5.0,1.75,3.3333333333333335,1.0,5.0,1
-3.9490748175703825,2.3136797491593772,1.1472438554094102,0,Disappointed Democratic Participants,0.0,0.0,1.75,2.3333333333333335,2.0,10.0,1
-0.767417896191859,1.2484820493684652,0.20250017723456337,0,Disappointed Democratic Participants,3.0,3.0,1.75,6.666666666666667,1.0,6.0,1
-3.644996445545677,0.8710100919288385,2.0855981054573185,2,Disengaged Non-voters,0.0,0.0,1.75,4.666666666666667,1.0,9.0,0
0.6554575006033502,0.6341453126613318,0.2220078844067671,1,Connected Democratic Core,5.0,5.0,2.25,7.333333333333333,1.0,5.0,1
2.3961951254865217,0.24510457557848928,0.8179928296299159,1,Connected Democratic Core,8.0,7.0,3.0,8.333333333333334,1.0,5.0,1
2.1024716035625315,-0.10535100066010218,-0.4198041098850068,1,Connected Democratic Core,7.0,6.0,3.25,7.333333333333333,1.0,3.0,1
0.32150307090714386,-1.308169800834518,1.6912763563752309,2,Disengaged Non-voters,7.0,5.0,2.5,7.0,1.0,5.0,0
1.1293043003606444,-0.7873109759776619,-0.4861219030321429,1,Connected Democratic Core,7.0,5.0,3.25,6.0,2.0,3.0,1
1.5612888225098966,-0.4453717421947382,0.7602602807566458,1,Connected Democratic Core,8.0,7.0,3.25,6.0,2.0,5.0,1
-2.30304151931667,0.5437036323794618,-0.6862172664200318,0,Disappointed Democratic Participants,0.0,2.0,2.0,4.333333333333333,2.0,5.0,1
-1.3150993505189097,1.4826432665009215,-0.8847173165354023,0,Disappointed Democratic Participants,0.0,0.0,2.75,6.666666666666667,1.0,5.0,1
1.6503738529295513,0.35270306163788306,0.5999937711281804,1,Connected Democratic Core,9.0,6.0,2.5,6.666666666666667,1.0,5.0,1
-2.473445204199102,0.22058885001784226,-1.190309129448145,0,Disappointed Democratic Participants,5.0,0.0,1.5,2.3333333333333335,2.0,4.0,1
1.200259116312393,-1.372903399576823,1.068403159160158,1,Connected Democratic Core,7.0,7.0,3.0,7.666666666666667,3.0,5.0,1
-1.6788421320790516,0.43377407342112173,0.2728839278556136,0,Disappointed Democratic Participants,3.0,4.0,1.5,4.333333333333333,2.0,6.0,1
3.843209228445703,-0.4943917377429444,0.17618083533814194,1,Connected Democratic Core,10.0,8.0,4.0,8.333333333333334,1.0,3.0,1
2.278950914495742,-0.44634611038370253,-0.8307174668503965,1,Connected Democratic Core,7.0,7.0,3.25,6.666666666666667,1.0,2.0,1
-1.977534030334512,-1.2441522058782168,-0.9883787398844992,0,Disappointed Democratic Participants,5.0,1.0,1.25,5.333333333333333,3.0,3.0,1
0.5000986464297303,-1.552230495997269,-2.0678313858711435,1,Connected Democratic Core,4.0,5.0,2.5,6.333333333333333,2.0,0.0,1
1.1972185393944008,-1.4665359221072365,-0.5248558942574532,1,Connected Democratic Core,6.0,9.0,2.0,6.0,2.0,2.0,1
1.3469009410328618,0.9128731836083601,0.7382102068795114,1,Connected Democratic Core,5.0,8.0,3.5,4.666666666666667,1.0,6.0,1
-0.4615659153474607,0.6349099061295815,-1.4941220248303235,0,Disappointed Democratic Participants,3.0,2.0,2.75,5.0,1.0,3.0,1
-1.8419933358048206,0.8461431758160521,-0.18942739851605625,0,Disappointed Democratic Participants,1.0,2.0,2.75,4.0,2.0,6.0,1
1.0782060619125795,0.4798744306558735,0.4274154505658071,1,Connected Democratic Core,6.0,6.0,2.25,7.333333333333333,1.0,5.0,1
-2.4115636975812067,0.40915043261342593,-0.580331484576544,0,Disappointed Democratic Participants,5.0,0.0,1.25,3.6666666666666665,2.0,5.0,1
2.3484745349072735,0.6384129950392544,1.160717187967228,1,Connected Democratic Core,8.0,7.0,3.5,7.333333333333333,1.0,6.0,1
1.8922699665825518,-0.059541591402515096,1.1901084083175597,1,Connected Democratic Core,7.0,6.0,4.0,7.666666666666667,2.0,6.0,1
-0.15043168072725702,1.2636935850214988,0.23770579280476112,0,Disappointed Democratic Participants,5.0,2.0,2.5,6.666666666666667,1.0,6.0,1
-0.6774883175193378,-0.6431706276464972,0.8365685105150583,0,Disappointed Democratic Participants,6.0,5.0,2.5,4.333333333333333,3.0,6.0,1
0.8528065121130889,0.178776247691433,-0.8801412923742407,1,Connected Democratic Core,7.0,4.0,2.75,5.333333333333333,1.0,3.0,1
1.9545456719598002,-1.3063691279947285,-0.6015907973698648,1,Connected Democratic Core,7.0,6.0,3.25,8.0,2.0,2.0,1
1.6063735659888034,-0.8600286055049288,-0.34131279896333533,1,Connected Democratic Core,7.0,5.0,3.5,7.333333333333333,2.0,3.0,1
1.0406017007618573,0.4874628546713572,-0.37060579466635696,1,Connected Democratic Core,6.0,3.0,3.0,7.666666666666667,1.0,4.0,1
0.8458587393306319,-0.22022058553945453,0.416386888781627,1,Connected Democratic Core,8.0,6.0,3.25,4.0,2.0,5.0,1
-2.149116084428185,-1.667862679929285,1.1397652914903218,2,Disengaged Non-voters,4.0,2.0,1.75,5.666666666666667,2.0,5.0,0
3.4014561073938743,-0.2184615513518209,-0.18277521662478485,1,Connected Democratic Core,9.0,7.0,4.5,7.0,1.0,3.0,1
0.20354472899014903,0.05398467770495634,0.8920590933672915,1,Connected Democratic Core,7.0,4.0,2.25,7.0,2.0,6.0,1
-0.8522111298999925,0.5682011970212383,1.0034266754732213,0,Disappointed Democratic Participants,5.0,4.0,2.0,5.333333333333333,2.0,7.0,1
1.3673522591638938,0.9768195453552645,1.5001655327579508,1,Connected Democratic Core,7.0,6.0,2.5,8.0,1.0,7.0,1
2.793972171800572,-0.29450273919768705,-0.14120658929303925,1,Connected Democratic Core,7.0,8.0,3.5,7.666666666666667,1.0,3.0,1
0.8887928140144559,-0.37787930804281866,0.6352112459685646,1,Connected Democratic Core,8.0,5.0,2.5,7.0,2.0,5.0,1
-1.3400584464515093,-3.082127780965621,1.2798499606787188,2,Disengaged Non-voters,5.0,4.0,2.25,6.333333333333333,3.0,4.0,0
1.6273438155067075,-0.2004713534430604,-1.1584150780137044,1,Connected Democratic Core,6.0,5.0,3.25,6.666666666666667,1.0,2.0,1
1.3074122301183333,0.6204199804494558,0.29638602382646045,1,Connected Democratic Core,6.0,5.0,3.0,7.333333333333333,1.0,5.0,1
2.8810343846363935,0.1902351176720133,0.9067824678135276,1,Connected Democratic Core,9.0,8.0,3.5,7.333333333333333,1.0,5.0,1
-1.4800221499779116,1.1130652133415517,-0.597707309645207,0,Disappointed Democratic Participants,7.0,2.0,1.5,1.6666666666666667,1.0,5.0,1
0.7796388962846368,0.832948160859296,-0.011227971544089067,1,Connected Democratic Core,5.0,5.0,3.25,5.333333333333333,1.0,5.0,1
-0.007751004062396791,0.49462184284464283,-0.5505254501424,0,Disappointed Democratic Participants,8.0,4.0,2.0,3.3333333333333335,1.0,4.0,1
1.373708409902735,-0.6078720973988869,0.9749833257117916,1,Connected Democratic Core,6.0,7.0,2.25,9.333333333333334,2.0,5.0,1
-0.837278955126601,-1.3714135749086922,0.8690308433289852,2,Disengaged Non-voters,4.0,4.0,1.75,7.0,1.0,4.0,0
-1.7056166853433645,0.5375852061859963,0.17535490793692277,0,Disappointed Democratic Participants,2.0,3.0,1.75,5.333333333333333,2.0,6.0,1
-1.3731993424574014,-0.09063791132116068,-0.6971427013622443,0,Disappointed Democratic Participants,3.0,3.0,1.75,5.0,2.0,4.0,1
-0.21755844228302348,-0.894957867085567,-1.3422897824988587,0,Disappointed Democratic Participants,8.0,4.0,2.25,2.6666666666666665,2.0,2.0,1
-2.1473890153250714,0.5207591145420987,-0.6721883874663953,0,Disappointed Democratic Participants,4.0,0.0,2.0,3.6666666666666665,2.0,5.0,1
0.4390847204211344,0.9184174039818747,0.682021331943497,1,Connected Democratic Core,6.0,4.0,2.0,7.666666666666667,1.0,6.0,1
0.4559754830339976,-1.230314551210761,-2.4370976243661966,1,Connected Democratic Core,5.0,2.0,3.5,5.666666666666667,2.0,0.0,1
-1.3865122543890127,-0.8087007373951874,1.71529168690849,2,Disengaged Non-voters,10.0,2.0,1.25,4.0,1.0,6.0,0
-0.16461180569578146,0.38906730493012903,-1.2035834538445436,0,Disappointed Democratic Participants,8.0,0.0,2.0,6.0,1.0,3.0,1
-0.6371658777328856,0.12687674475847185,-0.08030475447503846,0,Disappointed Democratic Participants,5.0,3.0,2.5,5.0,2.0,5.0,1
3.053074810200129,0.3170391296345802,0.8040983546287733,1,Connected Democratic Core,9.0,6.0,4.0,8.666666666666666,1.0,5.0,1
-0.9720340601825841,-0.6124775422749924,-1.6417371442705364,0,Disappointed Democratic Participants,3.0,1.0,2.0,7.0,2.0,2.0,1
0.6075550495880554,-0.5356666678960511,-0.020282201005360614,1,Connected Democratic Core,8.0,4.0,2.5,6.333333333333333,2.0,4.0,1
0.2404789328158344,0.8062643662875809,-0.03941914763746856,1,Connected Democratic Core,5.0,5.0,2.5,5.0,1.0,5.0,1
-2.549943928179792,0.3891134698787474,-0.573605586513433,0,Disappointed Democratic Participants,2.0,3.0,1.25,2.6666666666666665,2.0,5.0,1
0.8380887458089185,-0.23806875716024542,0.4724063546668228,1,Connected Democratic Core,7.0,5.0,3.0,6.333333333333333,2.0,5.0,1
-3.1816938971968107,-1.2189666588425745,-1.1239716442418122,2,Disengaged Non-voters,0.0,0.0,1.25,4.666666666666667,1.0,2.0,0
-1.80685401987462,-0.165480670052336,-3.179359540053706,0,Disappointed Democratic Participants,6.0,0.0,1.0,2.0,1.0,0.0,1
0.5934289053275009,1.031176803237309,0.5609194719259947,1,Connected Democratic Core,8.0,2.0,2.5,7.333333333333333,1.0,6.0,1
-2.444571525129376,0.5630055962031314,-0.7247186290455377,0,Disappointed Democratic Participants,2.0,0.0,1.75,4.666666666666667,2.0,5.0,1
1.685527345999712,-0.714448503481387,0.2894196229250129,1,Connected Democratic Core,8.0,6.0,3.25,7.0,2.0,4.0,1
-1.086808222679751,0.35640545433845816,-0.36793019821579204,0,Disappointed Democratic Participants,0.0,5.0,3.0,4.0,2.0,5.0,1
-0.7046766175284415,-2.2073869457230666,1.8206877642894659,2,Disengaged Non-voters,10.0,5.0,1.75,4.0,2.0,5.0,0
0.7221528539033708,-1.065223360215235,-1.0411732028423513,1,Connected Democratic Core,8.0,5.0,2.75,4.333333333333333,2.0,2.0,1
-0.40162588630190016,0.9913094710353902,-0.2903425158988329,0,Disappointed Democratic Participants,4.0,3.0,2.25,5.666666666666667,1.0,5.0,1
1.6111135421676486,0.2638459780173984,-0.0798387413315079,1,Connected Democratic Core,7.0,5.0,3.0,7.333333333333333,1.0,4.0,1
1.4870842099005817,0.44376258080744585,-0.33559365634690386,1,Connected Democratic Core,7.0,6.0,3.75,4.0,1.0,4.0,1
1.0368224131422952,-1.004265070672534,-0.24362964158343153,1,Connected Democratic Core,8.0,5.0,2.25,7.333333333333333,2.0,3.0,1
-2.555481941411751,0.9034563501611106,-1.127102654550965,0,Disappointed Democratic Participants,0.0,0.0,3.0,2.6666666666666665,2.0,5.0,1
-3.1568037222131298,-1.3148051553450022,0.6550890435153249,2,Disengaged Non-voters,2.0,0.0,1.75,5.0,2.0,5.0,0
-0.7374506740785078,1.309008626685181,0.07896287394527952,0,Disappointed Democratic Participants,5.0,4.0,2.25,3.0,1.0,6.0,1
-0.2099111112429142,-2.2660599625432014,1.9839146151910214,2,Disengaged Non-voters,8.0,5.0,2.0,7.0,2.0,5.0,0
0.9526400104076548,0.5918988310002989,0.27453812598590976,1,Connected Democratic Core,7.0,5.0,2.5,6.333333333333333,1.0,5.0,1
-1.8084802009807992,1.2304890347786666,-0.6618309869062042,0,Disappointed Democratic Participants,1.0,1.0,1.25,6.666666666666667,1.0,5.0,1
-1.3214896219117502,0.24742457503897666,3.7926619259629506,2,Disengaged Non-voters,8.0,2.0,1.25,7.666666666666667,1.0,10.0,0
0.6013409842340771,-0.19286635903619895,0.4214469178847281,1,Connected Democratic Core,3.0,7.0,3.0,6.666666666666667,2.0,5.0,1
0.8715447528244117,0.6141567112869822,0.23760756815745127,1,Connected Democratic Core,7.0,5.0,2.5,6.0,1.0,5.0,1
1.6010544405476517,0.1816863639780666,0.8233020603571921,1,Connected Democratic Core,7.0,7.0,1.75,9.0,1.0,5.0,1
2.096034112812193,0.9981657128209032,0.719831799836295,1,Connected Democratic Core,8.0,5.0,4.5,5.666666666666667,1.0,6.0,1
-0.5658392190522193,0.7224882846458359,0.8440519351792821,0,Disappointed Democratic Participants,5.0,4.0,3.0,4.0,2.0,7.0,1
2.110380036387445,0.23380675418605637,-0.002547474666788298,1,Connected Democratic Core,8.0,5.0,3.5,7.333333333333333,1.0,4.0,1
-0.0946747775950186,0.33119356920031,-1.1252384061455525,0,Disappointed Democratic Participants,6.0,2.0,2.0,6.0,1.0,3.0,1
-0.6310983735389314,1.4078036892230226,0.8048872855683191,0,Disappointed Democratic Participants,4.0,5.0,1.75,5.0,1.0,7.0,1
1.3688697694718737,0.7519554697658652,0.9087006988820606,1,Connected Democratic Core,9.0,6.0,2.75,5.333333333333333,1.0,6.0,1
-1.3752879086876904,0.6627931441606255,0.8455483950884737,0,Disappointed Democratic Participants,7.0,1.0,1.5,5.666666666666667,2.0,7.0,1
-0.8692742120702575,0.5220225190966786,0.25607632560944504,0,Disappointed Democratic Participants,4.0,3.0,2.75,4.666666666666667,2.0,6.0,1
1.1954968126199381,-0.188199163861663,1.2531029738900419,1,Connected Democratic Core,7.0,7.0,2.75,7.0,2.0,6.0,1
-4.594244793381463,-1.04660823593837,0.17380360675859907,2,Disengaged Non-voters,0.0,1.0,1.25,1.0,2.0,5.0,0
-0.4939799223089991,0.20402028857077076,-0.15999212462200813,0,Disappointed Democratic Participants,5.0,3.0,3.0,4.333333333333333,2.0,5.0,1
-3.050665830142775,1.140449683974448,0.1628616402415372,0,Disappointed Democratic Participants,2.0,0.0,1.25,4.333333333333333,2.0,7.0,1
0.013276344747209451,0.994313748858733,-0.2798979254142121,0,Disappointed Democratic Participants,7.0,2.0,2.75,4.666666666666667,1.0,5.0,1
-1.0473008018164487,-0.40453350805729305,-1.1408853039243008,0,Disappointed Democratic Participants,5.0,3.0,2.0,3.6666666666666665,2.0,3.0,1
2.1950106185894094,-0.3562765154498433,-0.8999011732144949,1,Connected Democratic Core,6.0,5.0,3.25,9.0,1.0,2.0,1
0.3262707454450762,0.6660702527304445,0.14724712517679167,1,Connected Democratic Core,8.0,2.0,1.75,7.666666666666667,1.0,5.0,1
-0.3766078315901427,0.017121623326380245,0.0512416960270845,0,Disappointed Democratic Participants,6.0,4.0,2.5,4.333333333333333,2.0,5.0,1
-1.2333289323375378,1.356815534338868,0.016276583295223204,0,Disappointed Democratic Participants,5.0,1.0,1.5,5.666666666666667,1.0,6.0,1
-1.5792740327750454,1.3710345845722487,-0.792860413645551,0,Disappointed Democratic Participants,1.0,0.0,2.0,6.666666666666667,1.0,5.0,1
-0.4442936419544472,0.5919284255575397,-1.473367247813576,0,Disappointed Democratic Participants,4.0,3.0,2.75,3.3333333333333335,1.0,3.0,1
-0.21417832817908075,1.0678466532865483,0.47251245355266513,0,Disappointed Democratic Participants,3.0,4.0,1.75,8.0,1.0,6.0,1
1.3562213604681153,-0.7110768686026206,0.22997000603201462,1,Connected Democratic Core,8.0,7.0,3.0,5.333333333333333,2.0,4.0,1
0.9144216996997069,0.9243775982682313,0.6940367272251655,1,Connected Democratic Core,7.0,5.0,2.75,6.0,1.0,6.0,1
0.6365566083858581,-1.0715992729173442,-0.9921681764339735,1,Connected Democratic Core,5.0,5.0,2.5,7.0,2.0,2.0,1
-0.44820080930208583,-0.02145014857976922,0.09108538110056934,0,Disappointed Democratic Participants,6.0,4.0,2.25,4.666666666666667,2.0,5.0,1
-0.9387438517738191,1.8787331648984518,0.2871325903724803,0,Disappointed Democratic Participants,0.0,3.0,3.0,5.666666666666667,1.0,7.0,1
-0.017413907506545357,-0.18774767565829995,0.327679989217278,0,Disappointed Democratic Participants,4.0,7.0,2.3333333333333335,5.0,2.0,5.0,1
-0.5495518179046319,-0.20970865629923588,-0.47212920338369085,0,Disappointed Democratic Participants,4.0,3.0,2.25,6.333333333333333,2.0,4.0,1
-0.7675805476980283,-0.021882072614661338,0.10607297692551478,0,Disappointed Democratic Participants,3.0,4.0,1.75,7.0,2.0,5.0,1
-2.4687329548961703,0.8021122269343693,2.202002822673283,2,Disengaged Non-voters,4.0,2.0,3.25,0.6666666666666666,1.0,9.0,0
-1.0064364520054219,-2.0186509256012344,1.6031106653875442,2,Disengaged Non-voters,8.0,4.0,2.0,4.666666666666667,2.0,5.0,0
-1.8347801640318042,0.7210020812046785,0.7344681801893912,0,Disappointed Democratic Participants,2.0,5.0,1.5,4.0,2.0,7.0,1
-1.1252307213373558,1.4343426408257298,-0.08727216836426485,0,Disappointed Democratic Participants,3.0,4.0,2.25,3.0,1.0,6.0,1
2.236136070185241,-0.26013408268999183,-1.0648529663743116,1,Connected Democratic Core,10.0,4.0,3.75,5.666666666666667,1.0,2.0,1
2.010565747022757,0.11344044891221151,-0.6686396495865471,1,Connected Democratic Core,5.0,6.0,4.0,6.666666666666667,1.0,3.0,1
-1.552575816249138,1.4423467832569663,-0.9463138352864753,0,Disappointed Democratic Participants,5.0,0.0,2.5,2.3333333333333335,1.0,5.0,1
-1.6688643419537261,-0.2732555052495272,-1.3411377768172774,0,Disappointed Democratic Participants,3.0,3.0,1.75,3.3333333333333335,2.0,3.0,1
0.5952784833132145,-0.8174950427780118,-1.329181266393387,1,Connected Democratic Core,7.0,4.0,3.5,3.6666666666666665,2.0,2.0,1
1.642546731599309,0.8027344995017053,0.8936180388941529,1,Connected Democratic Core,8.0,6.0,3.25,6.0,1.0,6.0,1
-1.589205283183791,0.7185398827631696,-0.0018614821287374753,0,Disappointed Democratic Participants,1.0,2.0,2.5,5.666666666666667,2.0,6.0,1
-3.480468055504487,-3.3451660272761052,1.4138435252823376,2,Disengaged Non-voters,4.0,3.0,1.5,3.3333333333333335,4.0,5.0,0
0.4931664364954887,-0.0952701340734688,0.27401322798460104,1,Connected Democratic Core,8.0,3.0,3.0,6.0,2.0,5.0,1
0.9938417987418924,0.5129179323105585,0.36056877438570833,1,Connected Democratic Core,8.0,5.0,2.25,6.333333333333333,1.0,5.0,1
-1.0458348344981394,0.073828436110298,-0.04389122040935627,0,Disappointed Democratic Participants,4.0,3.0,1.75,6.0,2.0,5.0,1
0.226456088508002,-1.956942081100785,-0.024951777509169416,2,Disengaged Non-voters,7.0,5.0,3.0,4.0,1.0,2.0,0
0.06565557149380441,1.2437049836471494,0.2533054765554452,0,Disappointed Democratic Participants,7.0,2.0,2.75,5.333333333333333,1.0,6.0,1
-1.640184658830919,-0.48836743397033305,1.3902580013660333,2,Disengaged Non-voters,5.0,1.0,2.0,6.0,1.0,6.0,0
0.10714288778919634,0.9004405950112154,-0.13627700633217016,0,Disappointed Democratic Participants,5.0,3.0,2.5,6.333333333333333,1.0,5.0,1
1.0545428660026324,-0.04116591920764247,-0.6020607955450492,1,Connected Democratic Core,6.0,6.0,2.25,6.333333333333333,1.0,3.0,1
-1.333918902724904,0.2580736101953913,-2.7133470800512853,0,Disappointed Democratic Participants,0.0,0.0,2.0,6.666666666666667,1.0,1.0,1
0.6599584885376196,0.6627791056501243,0.136072300169931,1,Connected Democratic Core,8.0,5.0,2.5,4.333333333333333,1.0,5.0,1
0.039559824909281914,-0.319254652583013,0.46311060937943593,1,Connected Democratic Core,5.0,8.0,2.0,4.333333333333333,2.0,5.0,1
1.3927073848264762,-0.9648778120569294,-0.3223223039943801,1,Connected Democratic Core,9.0,8.0,3.25,2.6666666666666665,2.0,3.0,1
0.809801685509717,0.7469047119167662,0.10090602438926498,1,Connected Democratic Core,7.0,3.0,2.75,7.0,1.0,5.0,1
1.3102330562384534,-0.3964462729554792,0.705488073156466,1,Connected Democratic Core,7.0,6.0,3.0,7.333333333333333,2.0,5.0,1
-2.5799061755368777,1.2928994167216044,0.009830178200426908,0,Disappointed Democratic Participants,3.0,0.0,2.5,2.3333333333333335,2.0,7.0,1
0.442215286705378,0.5863221993885054,0.23866134919172283,1,Connected Democratic Core,4.0,7.0,2.0,6.0,1.0,5.0,1
0.6694607684089198,0.6019494534572916,0.21284654307187434,1,Connected Democratic Core,8.0,5.0,2.25,5.0,1.0,5.0,1
0.09729297739194792,0.729120822475282,0.040268222509501066,0,Disappointed Democratic Participants,5.0,5.0,2.0,5.666666666666667,1.0,5.0,1
-1.1381888705052379,-0.7134607463543214,0.08645917086746867,0,Disappointed Democratic Participants,5.0,3.0,2.5,4.666666666666667,3.0,5.0,1
-1.7739356541947726,1.1445260736345828,-0.6203214328727094,0,Disappointed Democratic Participants,3.0,3.0,1.25,3.3333333333333335,1.0,5.0,1
-3.7311519790470125,-2.1150365945503213,0.7289029451441777,2,Disengaged Non-voters,3.0,1.0,2.0,2.0,3.0,5.0,0
0.04324878410703299,-1.2124592921095585,1.54131215904036,2,Disengaged Non-voters,8.0,4.0,2.5,6.0,1.0,5.0,0
1.2309563997725599,0.9926212369502992,0.6467959828645802,1,Connected Democratic Core,9.0,3.0,3.25,6.333333333333333,1.0,6.0,1
0.8374757162924106,0.05391974595324954,-1.494697933450878,1,Connected Democratic Core,5.0,2.0,3.0,7.666666666666667,1.0,2.0,1
-1.9235265523358238,-1.7486809334964672,1.2321392181429491,2,Disengaged Non-voters,6.0,2.0,1.75,5.0,2.0,5.0,0
1.868421791652825,0.45763275598832964,0.5103788342593664,1,Connected Democratic Core,7.0,7.0,3.25,6.333333333333333,1.0,5.0,1
1.8212338391361313,-0.2631383605133348,-1.0752975568589322,1,Connected Democratic Core,7.0,5.0,3.25,6.666666666666667,1.0,2.0,1
0.4471973411957047,0.5121167396086936,1.238118538549444,1,Connected Democratic Core,4.0,4.0,3.25,8.333333333333334,2.0,7.0,1
2.250582514185042,0.057452429420163334,-0.5877640944528121,1,Connected Democratic Core,7.0,5.0,4.0,7.0,1.0,3.0,1
0.7845638514832612,0.9186080471272626,-0.09950058596492456,1,Connected Democratic Core,5.0,4.0,3.5,5.666666666666667,1.0,5.0,1
1.7575492942491016,0.03744762242667439,-0.6181972365672286,1,Connected Democratic Core,8.0,4.0,3.25,7.0,1.0,3.0,1
0.3084310622114161,-0.3255822039247933,0.5209894214753865,1,Connected Democratic Core,7.0,5.0,2.0,6.666666666666667,2.0,5.0,1
-1.87825994842087,-0.6002173967885099,0.7155805821724085,2,Disengaged Non-voters,2.0,1.0,2.25,6.333333333333333,1.0,5.0,0
0.35971116109552764,-0.0296472105401807,0.19246651162687656,1,Connected Democratic Core,5.0,5.0,3.25,5.333333333333333,2.0,5.0,1
-1.301791343765238,0.9861485578393494,-0.38723971438306615,0,Disappointed Democratic Participants,3.0,4.0,1.25,4.333333333333333,1.0,5.0,1
-0.556418250675591,-0.12753056025697743,0.20994527509703442,0,Disappointed Democratic Participants,5.0,5.0,1.75,5.333333333333333,2.0,5.0,1
0.8208406846188742,0.7539672621695555,0.07480267685570947,1,Connected Democratic Core,6.0,5.0,3.0,5.333333333333333,1.0,5.0,1
-0.38139434748556666,0.2527713202837812,0.6127904115513345,0,Disappointed Democratic Participants,6.0,3.0,2.25,6.333333333333333,2.0,6.0,1
1.7097473921751825,-0.35843315082254135,-0.9863537812141072,1,Connected Democratic Core,8.0,5.0,2.75,6.666666666666667,1.0,2.0,1
-2.146940835857748,1.5268397465790318,-1.0513743184447608,0,Disappointed Democratic Participants,1.0,0.0,2.0,4.333333333333333,1.0,5.0,1
-1.6374553647250347,-0.6834215225229794,0.009167904202749115,0,Disappointed Democratic Participants,4.0,3.0,2.0,4.666666666666667,3.0,5.0,1
2.2756819089082976,-0.43556048901570077,-0.8606335852020369,1,Connected Democratic Core,9.0,6.0,3.25,6.0,1.0,2.0,1
1.173361715109921,-0.042458918319463176,0.21757986517859623,1,Connected Democratic Core,9.0,5.0,1.25,8.333333333333334,1.0,4.0,1
0.8668861166570644,-0.028542942962199128,-0.6383201921495185,1,Connected Democratic Core,7.0,5.0,2.0,6.333333333333333,1.0,3.0,1
-0.369165339623783,0.0626748081144727,-2.447495189263226,0,Disappointed Democratic Participants,2.0,3.0,2.75,4.333333333333333,1.0,1.0,1
1.3487418981806478,-0.3369102694468671,-1.055059803604961,1,Connected Democratic Core,7.0,6.0,2.5,5.666666666666667,1.0,2.0,1
-1.1570773184582475,2.0380869604941987,0.8523606585287083,0,Disappointed Democratic Participants,5.0,1.0,2.25,5.0,1.0,8.0,1
-2.5764419704100905,-1.3671022594630275,0.769310868008503,2,Disengaged Non-voters,3.0,0.0,2.25,5.333333333333333,2.0,5.0,0
0.8715447528244117,0.6141567112869822,0.23760756815745127,1,Connected Democratic Core,7.0,5.0,2.5,6.0,1.0,5.0,1
0.4900792913440914,1.4786358873126806,0.8291115533824008,1,Connected Democratic Core,7.0,3.0,3.25,5.333333333333333,1.0,7.0,1
-0.9622909610960788,-4.64914568962523,1.5262030315208859,2,Disengaged Non-voters,7.0,7.0,1.75,6.0,4.0,3.0,0
1.8592671423074736,0.7506118329099284,0.1802851196138086,1,Connected Democratic Core,7.0,5.0,4.25,5.666666666666667,1.0,5.0,1
-0.8719913706652698,-0.2885151174627279,-1.2136532987574147,0,Disappointed Democratic Participants,3.0,2.0,2.5,5.666666666666667,2.0,3.0,1
-1.7864785395008906,1.4197374667338372,-0.9650201235329303,0,Disappointed Democratic Participants,2.0,4.0,2.5,0.0,1.0,5.0,1
0.4466920624366785,-0.3340985463804612,0.5295746657492526,1,Connected Democratic Core,7.0,6.0,2.25,5.666666666666667,2.0,5.0,1
-2.234845426920247,1.4714103768601952,0.6814994059860633,0,Disappointed Democratic Participants,2.0,0.0,2.5,5.0,2.0,8.0,1
-0.8808704005004971,-2.13067532594566,1.7559879899674415,2,Disengaged Non-voters,7.0,5.0,1.75,5.666666666666667,2.0,5.0,0
1.986407831928907,-0.05415625250850943,-0.49590719156296087,1,Connected Democratic Core,8.0,5.0,3.25,7.0,1.0,3.0,1
0.19911449297542758,-0.3851188570058053,-0.22187699634631575,1,Connected Democratic Core,4.0,6.0,2.75,5.333333333333333,2.0,4.0,1
-0.09334724957990945,0.48824593014253354,-0.5015204237340224,0,Disappointed Democratic Participants,5.0,4.0,1.75,6.0,1.0,4.0,1
-1.1920042675483153,-0.2568129762801926,-0.4697330999014408,0,Disappointed Democratic Participants,3.0,3.0,1.25,7.0,2.0,4.0,1
-0.9149719850656728,1.2286678855203643,-0.6094548827882746,0,Disappointed Democratic Participants,3.0,2.0,2.5,4.666666666666667,1.0,5.0,1
-0.2045674060264077,0.143925635288947,-0.05144241715766961,0,Disappointed Democratic Participants,6.0,2.0,3.0,5.666666666666667,2.0,5.0,1
-3.2862335199328463,-0.574348512345105,2.1784026904955986,2,Disengaged Non-voters,2.0,3.0,1.75,3.0,2.0,8.0,0
0.0048924016682701625,1.3013559204903906,0.9936413869424033,0,Disappointed Democratic Participants,6.0,4.0,2.0,6.333333333333333,1.0,7.0,1
2.0319206259045433,0.2774130783221653,0.7193706888874218,1,Connected Democratic Core,9.0,7.0,2.75,6.666666666666667,1.0,5.0,1
1.505983245945541,-1.4161404550459595,-0.5160771727328426,1,Connected Democratic Core,7.0,6.0,2.25,8.666666666666666,2.0,2.0,1
2.152057334975708,-0.49137407098150043,-1.6073127738418242,1,Connected Democratic Core,9.0,4.0,3.75,5.666666666666667,1.0,1.0,1
0.7937806033934064,1.1220618848806234,0.4528867882244325,1,Connected Democratic Core,8.0,3.0,3.25,5.333333333333333,1.0,6.0,1
-0.2732390086768556,-0.13758118271397016,0.27163685801106996,0,Disappointed Democratic Participants,4.0,5.0,2.0,6.666666666666667,2.0,5.0,1
-1.2965187580406647,1.303957868836082,-0.7288318005475161,0,Disappointed Democratic Participants,3.0,1.0,2.25,4.666666666666667,1.0,5.0,1
-3.170514260241438,-3.459027782497972,1.5730641281150637,2,Disengaged Non-voters,4.0,4.0,1.5,3.6666666666666665,4.0,5.0,0
-1.4866272669906855,-0.018094719320142158,-0.01439706165752981,0,Disappointed Democratic Participants,5.0,4.0,1.0,4.333333333333333,2.0,5.0,1
2.4486208919496955,-0.8650284701128225,0.5281734584434958,1,Connected Democratic Core,8.0,8.0,3.75,7.0,2.0,4.0,1
1.4562398377824604,-1.3361689825481153,1.034902752339502,1,Connected Democratic Core,8.0,7.0,3.5,6.666666666666667,3.0,5.0,1
-0.8615855300432156,-0.2493185019925113,-0.5108240432599417,0,Disappointed Democratic Participants,5.0,5.0,2.0,3.0,2.0,4.0,1
0.2514745107921453,-0.42848390025241023,-0.17726083781704974,1,Connected Democratic Core,7.0,4.0,2.5,5.666666666666667,2.0,4.0,1
-0.9767150523803676,1.3614158861501484,-0.7461564265564611,0,Disappointed Democratic Participants,3.0,0.0,2.75,5.666666666666667,1.0,5.0,1
2.9244439695742432,-0.6136235313091669,-0.5651891225743692,1,Connected Democratic Core,9.0,6.0,3.25,8.666666666666666,1.0,2.0,1
1.3333667611864053,-1.6706757478388772,1.4032693472614965,1,Connected Democratic Core,10.0,7.0,2.0,8.333333333333334,3.0,5.0,1
1.4896958447979534,-0.48394351410088754,0.8001039658301305,1,Connected Democratic Core,8.0,7.0,3.0,6.333333333333333,2.0,5.0,1
-0.2369000729764484,0.19421094700328226,0.6682337803755034,0,Disappointed Democratic Participants,8.0,3.0,2.25,5.333333333333333,2.0,6.0,1
-1.0889781004047117,0.3206473171102637,0.463879995250735,0,Disappointed Democratic Participants,4.0,4.0,1.75,5.333333333333333,2.0,6.0,1
0.8353715872139063,-1.048606393719652,-0.9973232697000368,1,Connected Democratic Core,6.0,4.0,2.75,7.333333333333333,2.0,2.0,1
0.2820283516760205,0.9594328923266064,-0.20670797098128446,1,Connected Democratic Core,6.0,3.0,3.0,5.0,1.0,5.0,1
0.2754903405011325,0.9810041350626098,-0.2665402076845651,1,Connected Democratic Core,10.0,1.0,3.0,3.6666666666666665,1.0,5.0,1
-2.159820792114691,2.7695606493814693,0.7679990395732673,0,Disappointed Democratic Participants,0.0,0.0,2.75,5.0,1.0,9.0,1
-1.4858314569974127,1.220135337445557,-0.6469024643795094,0,Disappointed Democratic Participants,2.0,2.0,1.75,5.0,1.0,5.0,1
1.6061885869690244,0.17818609174943176,0.008433873089327736,1,Connected Democratic Core,7.0,6.0,2.75,7.0,1.0,4.0,1
-0.09140577200757458,0.32040794783230836,-1.0953222877939122,0,Disappointed Democratic Participants,4.0,3.0,2.0,6.666666666666667,1.0,3.0,1
1.8819970089616658,-0.32078929735657613,-1.8156334672458905,1,Connected Democratic Core,8.0,3.0,4.0,5.666666666666667,1.0,1.0,1
-0.23421768615952845,-1.1439648896270203,0.6040597286020946,0,Disappointed Democratic Participants,9.0,6.0,2.25,3.0,3.0,5.0,1
-2.3113065995946713,-1.6233469193559185,1.0659041758334047,2,Disengaged Non-voters,4.0,2.0,1.75,5.0,2.0,5.0,0
0.965473398431193,1.016716472114424,0.6035221467832929,1,Connected Democratic Core,8.0,3.0,3.0,6.666666666666667,1.0,6.0,1
-0.44238628503611216,-2.395819890968782,2.085027923578728,2,Disengaged Non-voters,10.0,5.0,1.25,6.333333333333333,2.0,5.0,0
0.5808618363352402,0.049319394141969244,-0.7322649235991936,1,Connected Democratic Core,7.0,3.0,1.75,7.666666666666667,1.0,3.0,1
-0.9295860838447354,-1.0155810092956554,-0.3175348107840652,0,Disappointed Democratic Participants,3.0,3.0,2.5,6.666666666666667,3.0,4.0,1
-4.463864527622027,-0.5439168631975612,-2.040371073016021,0,Disappointed Democratic Participants,0.0,0.0,1.0,0.6666666666666666,3.0,3.0,1
-1.9030420335915097,1.1680776026054869,1.0265216431583157,0,Disappointed Democratic Participants,3.0,3.0,2.0,4.0,2.0,8.0,1
1.553380389684983,-0.7845294970408967,0.3430036455384271,1,Connected Democratic Core,7.0,8.0,3.0,6.0,2.0,4.0,1
-1.6875160539239047,-2.186746394420103,0.1967416533790779,2,Disengaged Non-voters,2.0,2.0,2.25,7.0,2.0,3.0,0
3.5701654248053707,-0.5773048326962119,-0.5376691077049788,1,Connected Democratic Core,8.0,7.0,4.25,8.666666666666666,1.0,2.0,1
-0.257259491520859,1.8110984489614737,1.2025773287565558,0,Disappointed Democratic Participants,6.0,2.0,2.5,6.333333333333333,1.0,8.0,1
-1.0437307054196354,1.1763545757831995,-0.5412658841601975,0,Disappointed Democratic Participants,3.0,1.0,2.0,6.333333333333333,1.0,5.0,1
0.23095244074156543,-0.08196052027734553,0.2606555102549539,1,Connected Democratic Core,5.0,4.0,2.75,7.0,2.0,5.0,1
1.0301651715940847,-1.011247133126877,-0.28815073594973495,1,Connected Democratic Core,9.0,7.0,2.5,4.0,2.0,3.0,1
-1.8346386061448716,-1.5590234328424621,0.2729831654907024,0,Disappointed Democratic Participants,5.0,1.0,2.0,6.666666666666667,4.0,5.0,1
-0.5405771728227946,1.4998394881930985,0.6676096447391059,0,Disappointed Democratic Participants,7.0,4.0,2.25,2.6666666666666665,1.0,7.0,1
0.9827648807540836,1.2664912695774035,1.1128641672404318,1,Connected Democratic Core,6.0,6.0,3.25,5.333333333333333,1.0,7.0,1
1.038788102917599,-0.22304851422500002,-1.2142804064376873,1,Connected Democratic Core,7.0,5.0,2.5,5.333333333333333,1.0,2.0,1
0.38081984991663176,0.9512196247470555,-0.15135966632007802,1,Connected Democratic Core,4.0,3.0,3.0,7.0,1.0,5.0,1
-1.6180789622535172,0.37612313657788043,-0.4674519825313444,0,Disappointed Democratic Participants,4.0,2.0,2.25,3.3333333333333335,2.0,5.0,1
-2.2463481683449436,-1.3976900005842148,0.04147225179810695,0,Disappointed Democratic Participants,3.0,2.0,2.25,5.0,4.0,5.0,1
1.3895494877555314,1.0194979510511892,1.4326476953538627,1,Connected Democratic Core,8.0,6.0,2.75,6.666666666666667,1.0,7.0,1
-1.2608335469486673,-0.8443713921066637,0.21681743638282602,0,Disappointed Democratic Participants,4.0,5.0,2.0,4.333333333333333,3.0,5.0,1
-2.010645525407789,0.7371068476758301,-0.07213830931663898,0,Disappointed Democratic Participants,2.0,1.0,2.0,5.333333333333333,2.0,6.0,1
-1.430283773604749,0.6848097435578047,0.0420835151765391,0,Disappointed Democratic Participants,3.0,1.0,2.5,5.666666666666667,2.0,6.0,1
0.2786261240318488,-1.618390687815767,1.2348471973075168,2,Disengaged Non-voters,7.0,5.0,2.25,7.0,1.0,4.0,0
-0.25104178008521816,-0.09490277701804518,0.20411902060698178,0,Disappointed Democratic Participants,5.0,5.0,2.25,5.333333333333333,2.0,5.0,1
1.3801508754093392,-0.7470762867203193,0.2952458774150656,1,Connected Democratic Core,8.0,6.0,2.75,7.0,2.0,4.0,1
2.345491057280984,0.3849151264610626,0.6551879383281741,1,Connected Democratic Core,7.0,7.0,3.5,7.666666666666667,1.0,5.0,1
0.3101875607639716,0.5447945110193422,0.2769342294681599,1,Connected Democratic Core,6.0,5.0,1.5,7.0,1.0,5.0,1
-2.10009739528327,-0.5858736589205783,-0.14713957138495093,0,Disappointed Democratic Participants,4.0,2.0,1.75,4.333333333333333,3.0,5.0,1
-0.8338767274824296,1.206410005233681,-0.5725243249598162,0,Disappointed Democratic Participants,3.0,2.0,2.5,5.0,1.0,5.0,1
-0.8254853686140026,-3.936365041816539,2.3485467692144413,2,Disengaged Non-voters,8.0,5.0,2.5,6.666666666666667,4.0,5.0,0
-2.340830859487172,1.5895067536493062,-1.134491839599533,0,Disappointed Democratic Participants,0.0,0.0,2.0,4.333333333333333,1.0,5.0,1
0.7413392740820175,0.3762377354172475,-0.30261027328902423,1,Connected Democratic Core,5.0,6.0,2.5,5.666666666666667,1.0,4.0,1
-0.9124987894715012,-0.020347792613336566,0.052966638285345306,0,Disappointed Democratic Participants,4.0,5.0,1.75,4.666666666666667,2.0,5.0,1
0.06447513213664956,0.5010595495333648,-1.3193017382469132,0,Disappointed Democratic Participants,5.0,3.0,3.0,4.0,1.0,3.0,1
0.49979076243813975,1.3286460766232464,0.17929022343731527,1,Connected Democratic Core,7.0,3.0,3.75,3.6666666666666665,1.0,6.0,1
-0.16829057289079466,-0.020715149668760133,0.12286084566296442,0,Disappointed Democratic Participants,7.0,3.0,2.5,5.333333333333333,2.0,5.0,1
-1.8612070867701687,1.0569626386983189,0.38361968852708606,0,Disappointed Democratic Participants,1.0,2.0,2.5,5.0,2.0,7.0,1
0.9748130267963235,-0.31447730206153535,0.5838691893761876,1,Connected Democratic Core,8.0,4.0,2.75,7.666666666666667,2.0,5.0,1
1.421515315249746,0.4443069365730669,0.47770372612391276,1,Connected Democratic Core,9.0,5.0,2.5,6.666666666666667,1.0,5.0,1
0.7146112605342833,-0.8794754122976062,-1.2231620663637928,1,Connected Democratic Core,4.0,6.0,3.5,4.666666666666667,2.0,2.0,1
1.2942933141336408,0.459885829281524,0.4430151343164913,1,Connected Democratic Core,8.0,6.0,2.5,6.0,1.0,5.0,1
-1.3187159866323022,1.2612794631401572,-0.661313963143428,0,Disappointed Democratic Participants,2.0,1.0,2.0,6.0,1.0,5.0,1
1.4267257984095247,0.26568333289484014,-0.08618201958433676,1,Connected Democratic Core,6.0,5.0,2.75,8.0,1.0,4.0,1
0.8747945494819782,0.3106148118839594,-0.22106355693129995,1,Connected Democratic Core,8.0,4.0,2.25,6.333333333333333,1.0,4.0,1
0.36428848576820355,-0.17613674900098006,0.3575133689496556,1,Connected Democratic Core,5.0,6.0,2.75,5.666666666666667,2.0,5.0,1
0.8459158671391609,-0.6881001950240677,0.17878208690085046,1,Connected Democratic Core,8.0,5.0,2.25,7.0,2.0,4.0,1
-3.1045160274807713,-0.24360175570429696,-0.6018997010083076,0,Disappointed Democratic Participants,0.0,1.0,1.75,4.333333333333333,3.0,5.0,1
-1.1031390164433585,-0.261222684946085,-0.4888220079581781,0,Disappointed Democratic Participants,4.0,4.0,1.5,5.0,2.0,4.0,1
2.0576531791149018,-0.2477339053311262,-0.28243140489283114,1,Connected Democratic Core,8.0,7.0,2.75,6.666666666666667,1.0,3.0,1
0.730566594004137,-0.18786458281675647,-1.2407073004832745,1,Connected Democratic Core,6.0,3.0,2.0,8.0,1.0,2.0,1
0.5457275236781306,1.7172415007330952,1.3922310737036987,1,Connected Democratic Core,5.0,4.0,3.25,6.666666666666667,1.0,8.0,1
-1.0315304758832,1.633306282114752,0.516650739668214,0,Disappointed Democratic Participants,7.0,0.0,1.75,5.666666666666667,1.0,7.0,1
-1.4654720384530022,-0.3967521645126342,-1.181246012760562,0,Disappointed Democratic Participants,4.0,3.0,1.5,4.0,2.0,3.0,1
-1.4189213276557857,-0.33304708365523394,-1.1858250089655982,0,Disappointed Democratic Participants,2.0,1.0,1.5,7.666666666666667,2.0,3.0,1
0.978720194143962,0.2989012720757736,-0.9805834395379578,1,Connected Democratic Core,6.0,3.0,3.25,6.333333333333333,1.0,3.0,1
1.122448455681635,0.1865117910597116,0.7813705467238833,1,Connected Democratic Core,8.0,5.0,1.0,10.0,1.0,5.0,1
1.0257454951544864,-0.2506917334056888,0.508665751271292,1,Connected Democratic Core,6.0,6.0,3.25,6.333333333333333,2.0,5.0,1
1.616942058117027,0.44953213194841446,0.45794365684318605,1,Connected Democratic Core,9.0,7.0,3.0,4.333333333333333,1.0,5.0,1
-1.9867457789715657,-0.7913077829088397,-2.406202258308614,0,Disappointed Democratic Participants,5.0,1.0,1.25,2.6666666666666665,2.0,1.0,1
1.1960294506824922,-1.3022786998240925,-0.6752977755655687,1,Connected Democratic Core,7.0,5.0,2.25,8.333333333333334,2.0,2.0,1
1.7861268857825492,-0.5555110758737929,-1.5877461818118423,1,Connected Democratic Core,8.0,6.0,3.25,4.333333333333333,1.0,1.0,1
1.5615551415411737,-1.002411510175953,-0.2039400939711597,1,Connected Democratic Core,8.0,6.0,3.0,6.666666666666667,2.0,3.0,1
-2.0222988416465575,-1.4477113878818952,1.6653781569221342,2,Disengaged Non-voters,5.0,4.0,2.0,3.3333333333333335,2.0,6.0,0
-0.7231860905147531,0.06347473877718852,-0.028962697882661426,0,Disappointed Democratic Participants,5.0,4.0,2.25,4.333333333333333,2.0,5.0,1
-0.5769595296560484,-0.073763458316934,0.1592743797286466,0,Disappointed Democratic Participants,6.0,3.0,1.75,6.333333333333333,2.0,5.0,1
0.1645749494624926,0.3571423648610161,-1.128822694614568,1,Connected Democratic Core,5.0,3.0,2.5,5.666666666666667,1.0,3.0,1
-0.6166957182443616,-2.019066644016987,1.6641310870775905,2,Disengaged Non-voters,6.0,5.0,2.5,5.666666666666667,2.0,5.0,0
-3.6782674450245647,-1.327444337209585,0.6453156142546932,2,Disengaged Non-voters,0.0,0.0,1.0,6.333333333333333,2.0,5.0,0
0.3101875607639716,0.5447945110193422,0.2769342294681599,1,Connected Democratic Core,6.0,5.0,1.5,7.0,1.0,5.0,1
-1.2757822795208638,-1.3990252879205913,0.05140366627730744,2,Disengaged Non-voters,4.0,2.0,2.0,6.0,1.0,3.0,0
-3.7293485732054923,-0.10153813152852949,-0.8320682922529244,0,Disappointed Democratic Participants,0.0,0.0,1.5,3.3333333333333335,3.0,5.0,1
-1.9511664624645177,1.7642143666831456,-1.3244538594691013,0,Disappointed Democratic Participants,1.0,0.0,3.25,2.0,1.0,5.0,1
-0.9315275614170702,-0.8477430269854301,0.2762670532758245,0,Disappointed Democratic Participants,4.0,4.0,2.25,6.0,3.0,5.0,1
1.8002635896182275,-0.9226956125752032,-0.2581952778085631,1,Connected Democratic Core,8.0,5.0,3.5,7.333333333333333,2.0,3.0,1
0.15627231787822513,1.4533737292026545,0.8555975207262386,0,Disappointed Democratic Participants,4.0,4.0,2.75,6.666666666666667,1.0,7.0,1
1.4716528936553541,-0.7630393916757394,-2.1496184438481234,1,Connected Democratic Core,8.0,3.0,2.75,6.666666666666667,1.0,0.0,1
-1.753812233708306,-0.9584543165717605,-0.481855648506253,2,Disengaged Non-voters,2.0,0.0,3.0,5.0,1.0,3.0,0
-0.862755409825247,0.20769499832565405,-0.17267868112766588,0,Disappointed Democratic Participants,3.0,3.0,2.5,5.666666666666667,2.0,5.0,1
1.734186269107807,1.140982817910606,2.1066539533234985,1,Connected Democratic Core,10.0,7.0,2.75,6.0,1.0,8.0,1
-1.0297516498170347,0.19510417782140035,-0.17357832470072437,0,Disappointed Democratic Participants,6.0,0.0,2.0,6.666666666666667,2.0,5.0,1
-0.6465676086628103,0.9616376042594716,-0.2829454566117325,0,Disappointed Democratic Participants,2.0,5.0,2.0,5.0,1.0,5.0,1
-2.840545533174292,0.6134653454437152,-0.832597175285887,0,Disappointed Democratic Participants,2.0,0.0,1.5,3.6666666666666665,2.0,5.0,1
-0.8535194489852241,0.703905114114036,0.8682959365020829,0,Disappointed Democratic Participants,3.0,4.0,2.5,5.666666666666667,2.0,7.0,1
-0.061547220692423105,1.5520401543906275,0.7072041281884154,0,Disappointed Democratic Participants,3.0,5.0,3.0,5.0,1.0,7.0,1
2.7400562258161196,-0.6117861764317254,-0.5715324008271978,1,Connected Democratic Core,8.0,6.0,3.0,9.333333333333334,1.0,2.0,1
0.029031107832242723,1.1761963438760903,0.33232168547842567,0,Disappointed Democratic Participants,6.0,3.0,2.5,5.666666666666667,1.0,6.0,1
-5.1668849760687285,-2.8745720377150716,0.7572601179689566,2,Disengaged Non-voters,0.0,0.0,1.0,3.6666666666666665,4.0,5.0,0
-1.5597948828191375,0.6360771938477208,0.8545162591726218,0,Disappointed Democratic Participants,3.0,5.0,1.5,4.333333333333333,2.0,7.0,1
0.8144603216770643,1.3896043661659474,0.9768337846962348,1,Connected Democratic Core,7.0,3.0,3.25,6.666666666666667,1.0,7.0,1
1.2672332329081732,0.8279804519925921,0.8210992456852144,1,Connected Democratic Core,10.0,4.0,2.75,6.0,1.0,6.0,1
0.7999517751124683,0.5755849393808328,0.2774512532309361,1,Connected Democratic Core,7.0,5.0,2.25,6.333333333333333,1.0,5.0,1
-1.3093521460642026,0.879140227721957,-1.0578158213448994,0,Disappointed Democratic Participants,2.0,3.0,1.75,4.333333333333333,1.0,4.0,1
2.286859347320656,-0.10718835553754393,-0.41346083163217784,1,Connected Democratic Core,8.0,6.0,3.5,6.666666666666667,1.0,3.0,1
1.0641264573686038,0.6871936213095056,0.1855943503410849,1,Connected Democratic Core,6.0,5.0,3.0,6.333333333333333,1.0,5.0,1
2.8623998114501794,-2.0725492358878776,-1.2715939677550183,1,Connected Democratic Core,9.0,7.0,3.5,7.666666666666667,2.0,0.0,1
-1.8753332310307236,2.623806109831679,0.9648213614584414,0,Disappointed Democratic Participants,1.0,0.0,2.5,6.0,1.0,9.0,1
-3.358683518678965,-2.072470832394032,0.7691685898174765,2,Disengaged Non-voters,0.0,1.0,2.5,4.666666666666667,3.0,5.0,0
1.7078872260975189,0.5985940241976646,0.3183289858299735,1,Connected Democratic Core,9.0,5.0,3.5,5.333333333333333,1.0,5.0,1
-0.8483039625523537,1.181579771158547,-0.5610259534409239,0,Disappointed Democratic Participants,3.0,3.0,2.5,4.0,1.0,5.0,1
-1.5701957201680998,1.253178839100242,-0.7137491405596083,0,Disappointed Democratic Participants,4.0,1.0,1.75,4.0,1.0,5.0,1
0.6032682561496261,0.0028376413412925915,-1.5263783338503107,1,Connected Democratic Core,8.0,3.0,2.75,4.0,1.0,2.0,1
-1.578150721226419,2.5815596281706465,1.0173516030375838,0,Disappointed Democratic Participants,3.0,0.0,2.75,5.0,1.0,9.0,1
-1.264819249577727,1.2858066223391742,-0.7195753950496608,0,Disappointed Democratic Participants,4.0,1.0,2.25,4.0,1.0,5.0,1
-3.624637027001266,-0.745877410029353,1.551254557076266,2,Disengaged Non-voters,2.0,1.0,1.5,3.6666666666666665,2.0,7.0,0
-0.13201373975518135,-0.18535593462646735,0.2971641084835986,0,Disappointed Democratic Participants,8.0,4.0,2.0,5.0,2.0,5.0,1
-1.4163566285642049,-2.095860663204389,2.5921232642606444,2,Disengaged Non-voters,5.0,2.0,2.75,8.0,3.0,7.0,0
0.6777360406896593,1.4660129110672373,0.8653709499868701,1,Connected Democratic Core,6.0,4.0,3.5,5.333333333333333,1.0,7.0,1
1.6885921636374992,0.020224294369950727,0.18049516988892472,1,Connected Democratic Core,9.0,6.0,2.25,7.0,1.0,4.0,1
2.057596051306373,0.22014570415348703,-0.044826603012054676,1,Connected Democratic Core,8.0,8.0,3.75,3.6666666666666665,1.0,4.0,1
-0.850408091630858,0.0790536314856456,-0.06365128969008282,0,Disappointed Democratic Participants,4.0,5.0,2.25,3.6666666666666665,2.0,5.0,1
-1.2242556230036843,0.5826615281441233,0.9608240006159233,0,Disappointed Democratic Participants,5.0,3.0,1.5,6.0,2.0,7.0,1
-0.3736864565286472,-0.2258134227703876,0.3344772861223394,0,Disappointed Democratic Participants,4.0,7.0,1.75,5.0,2.0,5.0,1
0.707864058136647,-0.7687440110650013,-0.5563987302200443,1,Connected Democratic Core,8.0,4.0,2.75,5.666666666666667,2.0,3.0,1
1.0971100727138041,-0.4157160810379591,0.7068303956044445,1,Connected Democratic Core,9.0,4.0,2.5,8.0,2.0,5.0,1
-0.47484748283832245,-0.795988367021477,-1.4439201146493414,0,Disappointed Democratic Participants,5.0,4.0,2.25,4.0,2.0,2.0,1
1.272490255784531,-0.710167432165363,-0.5658092731791126,1,Connected Democratic Core,7.0,5.0,3.75,5.333333333333333,2.0,3.0,1
-0.07290651954082758,-0.33945237910567705,-0.3249830691308837,0,Disappointed Democratic Participants,7.0,4.0,2.5,4.333333333333333,2.0,4.0,1
0.8677188969714447,0.7899673298596542,2.5129411000557877,1,Connected Democratic Core,9.0,5.0,3.0,6.666666666666667,2.0,9.0,1
-0.09183474254502116,-0.39291640616960355,-0.2275491133751554,0,Disappointed Democratic Participants,4.0,5.0,2.25,6.333333333333333,2.0,4.0,1
0.21192867206908808,-0.2530574939267013,-0.3814802189893242,1,Connected Democratic Core,8.0,2.0,3.0,5.333333333333333,2.0,4.0,1
-0.27135465891304983,0.1624604444604179,-0.08456020416804336,0,Disappointed Democratic Participants,3.0,5.0,3.25,4.333333333333333,2.0,5.0,1
-0.38262132655930053,0.8696501666497248,-0.13679403009494642,0,Disappointed Democratic Participants,4.0,3.0,1.75,7.0,1.0,5.0,1
2.1723080827219197,-0.9371559436980884,-0.21559260295126487,1,Connected Democratic Core,8.0,6.0,4.0,6.666666666666667,2.0,3.0,1
1.3864033586230724,-0.5043640395101292,0.8306912454057601,1,Connected Democratic Core,7.0,7.0,2.75,7.333333333333333,2.0,5.0,1
0.6533877757305534,-0.8223133823792454,2.7471794965316745,2,Disengaged Non-voters,8.0,7.0,3.0,5.333333333333333,1.0,7.0,0
1.2898196569860731,-1.221028522222018,-0.7826592980431416,1,Connected Democratic Core,8.0,5.0,2.75,6.666666666666667,2.0,2.0,1
2.913475722384634,-1.0311558232839253,-1.7389574489912565,1,Connected Democratic Core,10.0,6.0,3.75,5.666666666666667,1.0,0.0,1
0.6939886700591542,-1.6148975030675434,-1.9847138647163713,1,Connected Democratic Core,5.0,5.0,2.5,6.333333333333333,2.0,0.0,1
0.26447055032185274,1.2666978628448415,0.24815038328938188,1,Connected Democratic Core,8.0,1.0,3.0,5.666666666666667,1.0,6.0,1
2.4078480741529047,-0.0727232174211699,-0.4256303643750594,1,Connected Democratic Core,7.0,6.0,3.75,7.333333333333333,1.0,3.0,1
-0.9112320353465831,2.1677850949331665,1.4710186118371373,0,Disappointed Democratic Participants,9.0,2.0,2.25,2.3333333333333335,1.0,9.0,1
-0.4953695528889025,-0.44946498704641225,-1.0060037665773378,0,Disappointed Democratic Participants,3.0,4.0,2.5,5.333333333333333,2.0,3.0,1
1.8380306022751194,0.34008008539243967,0.6362531677326497,1,Connected Democratic Core,8.0,7.0,2.75,6.666666666666667,1.0,5.0,1
2.9800350740997534,0.09286169159586083,0.23553519962770525,1,Connected Democratic Core,7.0,8.0,4.25,7.0,1.0,4.0,1
1.4238044233480294,0.5086183789916079,-0.3694176096795915,1,Connected Democratic Core,8.0,2.0,3.5,7.333333333333333,1.0,4.0,1
-0.24896186320968275,0.058568823897097236,0.08359325765050656,0,Disappointed Democratic Participants,4.0,2.0,2.5,8.333333333333334,2.0,5.0,1
1.652315330501886,0.18486507932765797,0.006191907068290634,1,Connected Democratic Core,8.0,5.0,2.75,7.333333333333333,1.0,4.0,1
-1.2792464846476512,1.2609763882640403,-0.7080770235307686,0,Disappointed Democratic Participants,4.0,2.0,2.25,3.0,1.0,5.0,1
0.24849103316585583,-0.681981768830602,-0.6827900874561039,1,Connected Democratic Core,6.0,4.0,2.5,6.0,2.0,3.0,1
-0.2632835745819665,1.771982321289703,0.42912363135922404,0,Disappointed Democratic Participants,4.0,3.0,3.5,4.0,1.0,7.0,1
-0.767442108394828,0.29942751061070627,0.5793490780289292,0,Disappointed Democratic Participants,3.0,2.0,1.75,9.333333333333334,2.0,6.0,1
2.537543270863181,-1.3373177882633283,0.2714797485059821,1,Connected Democratic Core,9.0,8.0,3.0,8.0,2.0,3.0,1
-1.802358035213442,-0.7931451377862815,-2.399858980055785,0,Disappointed Democratic Participants,6.0,1.0,1.5,2.0,2.0,1.0,1
-2.8677388364564877,-1.607049233355592,1.0169582227232776,2,Disengaged Non-voters,3.0,1.0,1.0,6.333333333333333,2.0,5.0,0
-0.07873503549020619,-0.525138533036693,-0.8627654673055777,0,Disappointed Democratic Participants,5.0,2.0,2.5,7.333333333333333,2.0,3.0,1
-3.021740608083378,0.7796404104027471,-1.0600067767466907,0,Disappointed Democratic Participants,2.0,0.0,2.0,1.6666666666666667,2.0,5.0,1
2.6920693162055946,0.33856201101025435,0.73539233223792,1,Connected Democratic Core,8.0,7.0,3.75,7.666666666666667,1.0,5.0,1
-1.8298797886085347,-2.6450385998424983,1.5169377387967191,2,Disengaged Non-voters,4.0,5.0,2.5,4.0,3.0,5.0,0
-1.5814352896620778,0.7363880543839605,-0.05788094801393325,0,Disappointed Democratic Participants,2.0,3.0,2.75,3.3333333333333335,2.0,6.0,1
-1.153843084648896,-0.12141213406351177,-0.6516268992599199,0,Disappointed Democratic Participants,3.0,4.0,2.0,4.333333333333333,2.0,4.0,1
-2.2748152043908334,1.2817964264698951,-0.8457175506615451,0,Disappointed Democratic Participants,6.0,0.0,1.0,2.3333333333333335,1.0,5.0,1
0.22770764735709054,0.8778796398484152,-0.14610950889105215,1,Connected Democratic Core,7.0,4.0,2.75,3.6666666666666665,1.0,5.0,1
1.5295893140469592,-0.4272204956978304,0.7510038752587905,1,Connected Democratic Core,7.0,7.0,3.25,6.666666666666667,2.0,5.0,1
-0.6436033399663983,0.9223791948026424,-0.26600345041306994,0,Disappointed Democratic Participants,6.0,3.0,1.75,4.333333333333333,1.0,5.0,1
0.12287844194435227,0.7895669119935517,-0.012644638879923826,0,Disappointed Democratic Participants,7.0,2.0,2.0,7.0,1.0,5.0,1
1.8270381428825406,-1.0265067453400778,-0.16066625788987238,1,Connected Democratic Core,9.0,6.0,3.25,6.333333333333333,2.0,3.0,1
-0.7708687622153496,-0.30385272928168083,-0.412430384866517,0,Disappointed Democratic Participants,8.0,1.0,1.5,6.0,2.0,4.0,1
0.6383752095032077,0.29521035670175083,-1.0139297088974009,1,Connected Democratic Core,7.0,2.0,2.75,6.333333333333333,1.0,3.0,1
0.01188671416730617,0.34082847324155,-1.1259095673695418,0,Disappointed Democratic Participants,5.0,3.0,2.25,5.666666666666667,1.0,3.0,1
4.011595099017394,0.17168435837849214,1.0230921208665296,1,Connected Democratic Core,9.0,10.0,5.0,6.333333333333333,1.0,5.0,1
2.078498667488461,-1.3111623993351837,-0.5968183239140836,1,Connected Democratic Core,10.0,4.0,3.25,8.0,2.0,2.0,1
-1.057088609648903,-0.0794203659182668,-0.7420464155388301,0,Disappointed Democratic Participants,8.0,2.0,2.25,2.0,2.0,4.0,1
0.1496722041385429,0.9785120572636984,0.5734716244791584,1,Connected Democratic Core,5.0,5.0,2.0,6.333333333333333,1.0,6.0,1
2.286859347320656,-0.10718835553754393,-0.41346083163217784,1,Connected Democratic Core,8.0,6.0,3.5,6.666666666666667,1.0,3.0,1
-2.0457524787613712,0.44473413231537196,-0.5845869342695489,0,Disappointed Democratic Participants,3.0,2.0,2.0,3.0,2.0,5.0,1
0.5420761157866456,-0.6528357758173782,0.08173075095540443,1,Connected Democratic Core,7.0,7.0,2.25,4.666666666666667,2.0,4.0,1
3.0719409306395282,-0.12592975797645303,0.4843707393292457,1,Connected Democratic Core,9.0,8.0,3.5,7.666666666666667,1.0,4.0,1
0.9222488210299492,0.47434616040440897,0.4004124594591931,1,Connected Democratic Core,8.0,5.0,2.0,6.666666666666667,1.0,5.0,1
-0.20193155892606698,0.1652740791383728,0.707406304224999,0,Disappointed Democratic Participants,7.0,4.0,2.25,5.333333333333333,2.0,6.0,1
0.2928581595624296,1.055655601075997,0.493784254332189,1,Connected Democratic Core,5.0,5.0,2.5,5.666666666666667,1.0,6.0,1
-1.3606568532404952,-2.5604810695409643,1.4667838671911075,2,Disengaged Non-voters,6.0,3.0,3.25,4.333333333333333,3.0,5.0,0
0.2047347377427755,-0.14317438471714136,-2.1421231599137136,1,Connected Democratic Core,4.0,2.0,2.5,6.666666666666667,1.0,1.0,1
1.00653674746223,0.6164259901993161,0.21627669407967692,1,Connected Democratic Core,9.0,5.0,2.75,4.333333333333333,1.0,5.0,1
-0.4019633248251109,-0.5438270478188104,2.3676228050132133,2,Disengaged Non-voters,6.0,4.0,2.5,6.666666666666667,1.0,7.0,0
-1.3620219040450436,0.2377342221569962,-0.2499699477923854,0,Disappointed Democratic Participants,2.0,3.0,2.0,5.666666666666667,2.0,5.0,1
-0.03814719671319422,-0.27922908847398503,0.44078502756564075,0,Disappointed Democratic Participants,6.0,5.0,1.75,6.666666666666667,2.0,5.0,1
-0.30655157311605685,-0.012198807213092288,0.11427560138909844,0,Disappointed Democratic Participants,7.0,2.0,2.25,6.333333333333333,2.0,5.0,1
0.8994851026383821,-0.6358680226577489,-2.322196764410497,1,Connected Democratic Core,5.0,3.0,2.5,7.333333333333333,1.0,0.0,1
0.6026493033193087,-0.3285702761289967,0.5565776568558665,1,Connected Democratic Core,5.0,7.0,2.5,6.333333333333333,2.0,5.0,1
3.9167436837299814,-0.6236579481470202,-0.457464713795233,1,Connected Democratic Core,9.0,7.0,4.5,8.666666666666666,1.0,2.0,1
-1.9584239468942715,0.37243222120385766,-0.5007982518907874,0,Disappointed Democratic Participants,5.0,1.0,1.75,3.3333333333333335,2.0,5.0,1
0.4550486747289158,1.0111398405026306,0.5676453699891059,1,Connected Democratic Core,5.0,5.0,2.5,6.333333333333333,1.0,6.0,1
0.5331412457559923,0.4426278136027343,-0.3895405652618813,1,Connected Democratic Core,7.0,3.0,2.25,6.666666666666667,1.0,4.0,1
-0.5971289659075879,1.1612076071096344,-0.5215648881777213,0,Disappointed Democratic Participants,7.0,0.0,2.5,4.666666666666667,1.0,5.0,1
1.8321257495873344,0.3295172629110157,-0.1525116720016593,1,Connected Democratic Core,9.0,4.0,3.5,6.333333333333333,1.0,4.0,1
0.5549095038101833,-0.2280181347032528,0.41071477175278737,1,Connected Democratic Core,8.0,5.0,2.75,5.0,2.0,5.0,1
0.6998519577866255,0.7195021240531815,0.08697220959859105,1,Connected Democratic Core,7.0,5.0,2.75,4.666666666666667,1.0,5.0,1
-3.9225390385772636,-1.8089700531467765,3.707546765438051,2,Disengaged Non-voters,0.0,3.0,1.75,6.333333333333333,4.0,10.0,0
-0.5173228184796987,1.5674099219507702,-0.13117782588000979,0,Disappointed Democratic Participants,2.0,2.0,3.25,5.666666666666667,1.0,6.0,1
0.756645857699727,-0.44796030160232836,0.6887952685819788,1,Connected Democratic Core,7.0,7.0,2.25,6.0,2.0,5.0,1
0.341192699698903,0.33745683836278356,-1.0664599504765435,1,Connected Democratic Core,5.0,2.0,2.5,7.333333333333333,1.0,3.0,1
1.477234299503333,0.27244280827151246,-0.15904842750523276,1,Connected Democratic Core,7.0,8.0,3.25,3.3333333333333335,1.0,4.0,1
-0.3761838643257879,0.07414771660555432,0.04890466584308511,0,Disappointed Democratic Participants,3.0,3.0,2.5,7.666666666666667,2.0,5.0,1
1.3969941782649058,-1.503382121294273,1.1837738288505697,1,Connected Democratic Core,9.0,9.0,3.0,5.0,3.0,5.0,1
-3.115025874683492,-1.2660547732043916,-1.0755427148944616,2,Disengaged Non-voters,0.0,1.0,1.25,4.0,1.0,2.0,0
0.2639602682897347,-0.23581568386705107,0.40504265472394774,1,Connected Democratic Core,8.0,4.0,2.25,6.0,2.0,5.0,1
0.8462634976651094,-0.4559507702953016,-0.07453738484276404,1,Connected Democratic Core,8.0,3.0,3.0,7.0,2.0,4.0,1
-1.037640873712071,0.14870270101026303,-0.10224771647855146,0,Disappointed Democratic Participants,2.0,3.0,2.0,7.0,2.0,5.0,1
-0.5514932954769667,-0.04187067398901083,0.12167266067619893,0,Disappointed Democratic Participants,5.0,4.0,2.0,5.666666666666667,2.0,5.0,1
2.2038226121650775,0.0829075070593645,0.14341047459925332,1,Connected Democratic Core,9.0,7.0,3.25,5.666666666666667,1.0,4.0,1
1.5499021928747907,-0.6845837171762936,1.0396831000338156,1,Connected Democratic Core,9.0,7.0,2.25,7.666666666666667,2.0,5.0,1
0.10238370268047399,-0.5161902665461331,-0.886338307404389,1,Connected Democratic Core,8.0,1.0,2.75,6.0,2.0,3.0,1
3.017758665623799,0.1138265727707236,1.0182453025228921,1,Connected Democratic Core,10.0,7.0,3.25,8.666666666666666,1.0,5.0,1
0.21325620008419724,-0.09600513298447784,0.24223776342220588,1,Connected Democratic Core,7.0,4.0,2.75,5.333333333333333,2.0,5.0,1
-0.9185886211790653,1.0073040821595998,-0.3860515293963005,0,Disappointed Democratic Participants,5.0,3.0,1.75,4.0,1.0,5.0,1
-1.449103325810743,-0.5397599127477254,-1.786546248339344,0,Disappointed Democratic Participants,3.0,1.0,1.75,5.666666666666667,2.0,2.0,1
1.68842951213133,-1.250139827613176,0.08406796957987613,1,Connected Democratic Core,9.0,7.0,2.25,7.333333333333333,2.0,3.0,1
-1.765610285311916,0.3572467097498264,-0.3913725661744026,0,Disappointed Democratic Participants,2.0,0.0,1.6666666666666667,7.666666666666667,2.0,5.0,1
-0.6759981379980592,0.7842458552788528,1.5567136932356371,0,Disappointed Democratic Participants,5.0,6.0,2.25,4.0,2.0,8.0,1
0.6372857496919566,1.2663006264320156,1.8943860851488532,1,Connected Democratic Core,7.0,6.0,1.75,7.333333333333333,1.0,8.0,1
0.04627916902228701,0.18416032454628958,0.7299253632895389,0,Disappointed Democratic Participants,7.0,3.0,2.5,6.666666666666667,2.0,6.0,1
-0.0013600815454631915,1.0586436732802005,0.4581960189517089,0,Disappointed Democratic Participants,7.0,3.0,2.0,6.0,1.0,6.0,1
-0.1998622016256553,-0.8809132543784347,-1.3238720356661107,0,Disappointed Democratic Participants,6.0,4.0,2.25,4.333333333333333,2.0,2.0,1
0.072440692770092,0.37233769489491014,-1.139649904909471,0,Disappointed Democratic Participants,6.0,1.0,2.25,7.0,1.0,3.0,1
-1.628889561210049,0.5726567058635108,-0.6793569644044263,0,Disappointed Democratic Participants,2.0,2.0,3.0,3.0,2.0,5.0,1
1.6905336412098342,-0.14761368794027444,-0.4133066941709649,1,Connected Democratic Core,8.0,5.0,2.5,7.666666666666667,1.0,3.0,1
-0.6431034035360226,-1.69836407192516,0.47653523319634356,2,Disengaged Non-voters,2.0,5.0,1.75,8.0,1.0,3.0,0
0.07037133546968036,1.4185250284117175,0.8916284349816385,0,Disappointed Democratic Participants,7.0,1.0,2.25,8.0,1.0,7.0,1
1.4469815494288274,0.4761997209009901,0.44010200707146496,1,Connected Democratic Core,8.0,6.0,2.75,6.0,1.0,5.0,1
2.1469231885543354,-0.48787379875286563,-0.7924445865739596,1,Connected Democratic Core,9.0,5.0,2.75,7.666666666666667,1.0,2.0,1
1.5871840272264246,0.29984539613509714,-0.1451146127145588,1,Connected Democratic Core,7.0,6.0,3.25,5.666666666666667,1.0,4.0,1
0.6550093211360265,-0.37193531937560154,0.6011938153851325,1,Connected Democratic Core,8.0,5.0,2.25,6.666666666666667,2.0,5.0,1
-0.7974912520654432,0.17867785447120535,-0.9989501757514601,0,Disappointed Democratic Participants,7.0,1.0,3.5,1.6666666666666667,2.0,4.0,1
-0.3199641389187278,2.03658736811494,2.5367151032034037,0,Disappointed Democratic Participants,6.0,5.0,1.5,6.666666666666667,1.0,10.0,1
-0.5986812479936605,-0.7626417904906752,-1.4640037304420996,0,Disappointed Democratic Participants,5.0,2.0,2.0,6.0,2.0,2.0,1
2.742773384411132,0.19875146012768108,0.8981972235396617,1,Connected Democratic Core,9.0,7.0,3.25,8.333333333333334,1.0,5.0,1
-1.7658422423500795,0.445469131226381,-0.5528114697071538,0,Disappointed Democratic Participants,4.0,1.0,2.25,3.6666666666666665,2.0,5.0,1
1.445491369907549,-0.95121676202436,-0.28004317564911374,1,Connected Democratic Core,9.0,5.0,3.0,6.333333333333333,2.0,3.0,1
2.0960564688426286,-1.6184273698534193,-1.0516766781847502,1,Connected Democratic Core,8.0,6.0,3.25,7.333333333333333,2.0,1.0,1
-3.4356250512815025,0.2489174447100621,0.4057286472619984,0,Disappointed Democratic Participants,1.0,1.0,1.25,4.333333333333333,3.0,7.0,1
-1.861307607194718,-0.02498283204668285,-0.8158484578974966,0,Disappointed Democratic Participants,4.0,1.0,1.25,5.333333333333333,2.0,4.0,1
1.4854661791680528,-0.41331881434815687,-0.9435969688955962,1,Connected Democratic Core,8.0,5.0,2.25,7.0,1.0,2.0,1
-2.0980643856966994,-1.5755238060830923,1.049250711048449,2,Disengaged Non-voters,5.0,0.0,2.0,6.333333333333333,2.0,5.0,0
-0.957930271952466,0.4372720692659695,-0.4514303391808466,0,Disappointed Democratic Participants,3.0,2.0,3.25,4.333333333333333,2.0,5.0,1
0.5409062360046138,-0.1958222754992127,0.41987611308768014,1,Connected Democratic Core,5.0,5.0,2.75,7.333333333333333,2.0,5.0,1
-0.34636370235356484,0.41225310365699647,-0.45107801071470377,0,Disappointed Democratic Participants,8.0,2.0,1.0,6.333333333333333,1.0,4.0,1
-0.5961025287018485,-0.2734137371566362,-0.4675502071786543,0,Disappointed Democratic Participants,6.0,5.0,2.25,2.6666666666666665,2.0,4.0,1
-0.35811578093950186,1.2693962927992117,-0.562845959862147,0,Disappointed Democratic Participants,1.0,2.0,3.25,6.666666666666667,1.0,5.0,1
-2.9072604629765757,-0.48256828827212367,0.4358899407566376,2,Disengaged Non-voters,4.0,0.0,1.5,3.3333333333333335,1.0,5.0,0
1.6780478837122448,-0.34028190432563354,-0.9956101867119626,1,Connected Democratic Core,7.0,5.0,2.75,7.333333333333333,1.0,2.0,1
-1.0963762511975073,1.4840031089759977,-0.11026891140204939,0,Disappointed Democratic Participants,3.0,2.0,2.25,5.0,1.0,6.0,1
1.7062312764863388,0.5021485165616961,0.4365177186024495,1,Connected Democratic Core,7.0,7.0,3.25,5.666666666666667,1.0,5.0,1
0.4342063049390889,-0.5267667627658202,-0.05272882679174503,1,Connected Democratic Core,6.0,6.0,2.5,5.333333333333333,2.0,4.0,1
0.17336273083519158,-0.15272815138753512,0.29133785399354595,1,Connected Democratic Core,8.0,4.0,2.5,5.0,2.0,5.0,1
-0.03290230934770859,-0.8117852475198872,1.9046962302314574,2,Disengaged Non-voters,5.0,5.0,3.0,6.333333333333333,1.0,6.0,0
-0.8783475214041111,1.2961765252914232,-0.6884710917112551,0,Disappointed Democratic Participants,4.0,1.0,2.75,4.333333333333333,1.0,5.0,1
3.6018649332683084,-0.5954560791931198,-0.5284127022071236,1,Connected Democratic Core,9.0,7.0,4.25,8.0,1.0,2.0,1
-1.8399906471915835,0.8996256848829053,1.2983539258976406,0,Disappointed Democratic Participants,5.0,5.0,1.25,2.6666666666666665,2.0,8.0,1
-1.4386161736940175,0.2886258954324721,-0.37283608985767996,0,Disappointed Democratic Participants,5.0,3.0,2.25,2.3333333333333335,2.0,5.0,1
-1.0820874554307836,1.1875237598257642,-0.5950433840243561,0,Disappointed Democratic Participants,3.0,3.0,2.25,3.6666666666666665,1.0,5.0,1
-0.8978002606140347,0.41175519764015556,-0.46283364653677633,0,Disappointed Democratic Participants,7.0,1.0,3.25,2.3333333333333335,2.0,5.0,1
0.6060617514830445,0.6382519464511073,0.19433373207616383,1,Connected Democratic Core,6.0,5.0,2.25,6.333333333333333,1.0,5.0,1
1.17587922336083,0.22544864363749753,-0.8675498000315452,1,Connected Democratic Core,5.0,4.0,3.25,7.0,1.0,3.0,1
-3.279100768130611,-1.2135663763685782,0.5321278372870679,2,Disengaged Non-voters,1.0,0.0,2.0,4.666666666666667,2.0,5.0,0
-0.9584820904280711,0.9505810637565428,-0.33695143882496054,0,Disappointed Democratic Participants,6.0,3.0,1.5,3.6666666666666665,1.0,5.0,1
-0.10327849998865579,-0.1642487716665458,0.28947850778279116,0,Disappointed Democratic Participants,5.0,6.0,2.25,5.0,2.0,5.0,1
2.57302206694568,0.13625889058365526,0.15376000092091163,1,Connected Democratic Core,8.0,6.0,3.75,7.666666666666667,1.0,4.0,1
1.7382784154752249,0.7161466947935545,0.19245465235669013,1,Connected Democratic Core,8.0,5.0,4.0,5.0,1.0,5.0,1
-2.233251579873861,1.0714229698212039,0.34101701366978787,0,Disappointed Democratic Participants,1.0,1.0,2.0,5.666666666666667,2.0,7.0,1
2.0178410213605673,0.48473226897579746,0.4775495886626997,1,Connected Democratic Core,9.0,6.0,3.5,5.666666666666667,1.0,5.0,1
1.9405474074273223,-0.6178750080679504,-1.4578656002697294,1,Connected Democratic Core,7.0,5.0,3.0,7.333333333333333,1.0,1.0,1
-2.545979661540451,0.8426266979682777,-1.050328411649022,0,Disappointed Democratic Participants,0.0,0.0,2.75,3.3333333333333335,2.0,5.0,1
-1.6737791051496125,-1.6619024856429285,1.1517806867719902,2,Disengaged Non-voters,5.0,3.0,2.5,4.0,2.0,5.0,0
-3.4049675428725195,-0.19056965267526257,-0.6843460609390905,0,Disappointed Democratic Participants,0.0,0.0,1.5,4.666666666666667,3.0,5.0,1
-0.6255942405611739,-0.9801402409511683,-2.034808851464205,0,Disappointed Democratic Participants,4.0,3.0,2.25,4.666666666666667,2.0,1.0,1
-0.5625894223946529,0.41894638524281314,0.38538081009053093,0,Disappointed Democratic Participants,6.0,3.0,2.75,4.333333333333333,2.0,6.0,1
1.7046374294399524,0.9021359236006874,0.7770001109187247,1,Connected Democratic Core,8.0,6.0,3.75,5.0,1.0,6.0,1
-0.9359320140640122,-1.0418907241037736,1.286958639771193,2,Disengaged Non-voters,6.0,2.0,1.75,7.333333333333333,1.0,5.0,0
0.14509487946586733,1.1250015957244976,0.40842476715637965,0,Disappointed Democratic Participants,5.0,4.0,2.5,6.0,1.0,6.0,1
-1.309637674025357,1.1434237176681503,-0.5822026900574853,0,Disappointed Democratic Participants,5.0,2.0,1.75,3.3333333333333335,1.0,5.0,1
-3.3665298204222585,-2.223209936002066,-0.751128991516276,2,Disengaged Non-voters,2.0,0.0,1.0,4.666666666666667,2.0,2.0,0
1.2151395341227327,0.31430572725798217,-0.18771728757185704,1,Connected Democratic Core,7.0,5.0,2.75,6.333333333333333,1.0,4.0,1
0.3215499781961085,-0.1650480527568615,0.3743603109853557,1,Connected Democratic Core,5.0,4.0,2.5,8.0,2.0,5.0,1
-1.020368600319058,0.10572122043822126,-0.08149293946180403,0,Disappointed Democratic Participants,3.0,4.0,2.0,5.333333333333333,2.0,5.0,1
0.42804035046649985,-2.247589435551037,2.0674540959456076,2,Disengaged Non-voters,6.0,5.0,2.75,9.333333333333334,2.0,5.0,0
-0.23648666528721698,-0.9484218941494936,-1.2448558267431302,0,Disappointed Democratic Participants,5.0,5.0,2.0,4.666666666666667,2.0,2.0,1
-1.6592044138493485,0.2799807038180289,-0.30250018937152806,0,Disappointed Democratic Participants,0.0,3.0,1.75,6.666666666666667,2.0,5.0,1
1.3922327946131685,-0.3515797257180667,-1.8161504910086668,1,Connected Democratic Core,7.0,3.0,3.25,6.333333333333333,1.0,1.0,1
-2.8773603467011104,-1.5747728863531056,0.9554951221583116,2,Disengaged Non-voters,0.0,5.0,1.5,3.6666666666666665,2.0,5.0,0
-1.8261764416381674,1.2164444220715342,-0.6802487337389523,0,Disappointed Democratic Participants,3.0,1.0,1.25,5.0,1.0,5.0,1
0.31710053325150966,-0.8969078655026445,-1.228163022168643,1,Connected Democratic Core,5.0,4.0,2.75,6.0,2.0,2.0,1
0.5968257906430217,0.14204183066272527,-0.8466408855535847,1,Connected Democratic Core,6.0,4.0,2.25,6.333333333333333,1.0,3.0,1
1.1007509210301656,0.7547022610805645,0.10657814141810464,1,Connected Democratic Core,7.0,4.0,3.25,6.0,1.0,5.0,1
1.0179997138357422,0.6805146337312794,0.187836316362122,1,Connected Democratic Core,5.0,6.0,3.0,6.0,1.0,5.0,1
0.78613848959977,0.22586436205325025,-0.9285702217215913,1,Connected Democratic Core,7.0,3.0,2.75,6.0,1.0,3.0,1
1.0689701010725565,-0.01633568513250845,-0.6135591670639415,1,Connected Democratic Core,6.0,5.0,2.25,7.333333333333333,1.0,3.0,1
-2.5852029734644195,0.02603556696711236,0.7282711651592428,0,Disappointed Democratic Participants,3.0,2.0,1.5,4.666666666666667,3.0,7.0,1
1.0186949748876395,1.1448134831888115,-0.31880262712510676,1,Connected Democratic Core,5.0,2.0,4.5,6.0,1.0,5.0,1
0.8956021474937126,-0.30019205803729876,-1.1345930362907177,1,Connected Democratic Core,7.0,5.0,2.0,6.0,1.0,2.0,1
-2.5791693210078406,-0.8746528018969991,-3.1050646055267888,0,Disappointed Democratic Participants,0.0,0.0,1.0,5.333333333333333,2.0,0.0,1
0.4582984713864825,0.7075979410996077,0.10897424490035469,1,Connected Democratic Core,6.0,4.0,2.25,6.666666666666667,1.0,5.0,1
1.951091687352577,-0.257368809372366,-0.281760243668842,1,Connected Democratic Core,9.0,6.0,2.5,7.0,1.0,3.0,1
2.4233173092767832,0.37344286754238104,0.662202377804992,1,Connected Democratic Core,9.0,6.0,3.5,7.333333333333333,1.0,5.0,1
0.05862648721667618,0.055518957706281166,0.838952754727122,1,Connected Democratic Core,8.0,5.0,2.25,4.666666666666667,2.0,6.0,1
-1.6336710738323812,1.4646046635436496,-0.9832443931149337,0,Disappointed Democratic Participants,5.0,0.0,2.5,2.0,1.0,5.0,1
2.2133248920363773,0.022077854866531757,0.22018471750119656,1,Connected Democratic Core,9.0,7.0,3.0,6.333333333333333,1.0,4.0,1
1.072448297882749,-0.1162814649971118,-1.3102386215593302,1,Connected Democratic Core,4.0,6.0,3.0,5.666666666666667,1.0,2.0,1
-2.3591652619047343,0.9512979454368634,0.4414591608335051,0,Disappointed Democratic Participants,2.0,2.0,1.5,4.666666666666667,2.0,7.0,1
-0.27536457374507856,1.343583920148497,-0.6441041348061646,0,Disappointed Democratic Participants,3.0,0.0,3.5,6.666666666666667,1.0,5.0,1
1.3803135269155085,0.5232878352628074,0.3916730777241142,1,Connected Democratic Core,8.0,5.0,2.75,6.666666666666667,1.0,5.0,1
-0.9820587575968738,-1.0485697116819999,1.28920060579223,2,Disengaged Non-voters,5.0,3.0,1.75,7.0,1.0,5.0,0
-0.424271294360862,-0.05744956669746783,0.15636125248362032,0,Disappointed Democratic Participants,6.0,3.0,2.0,6.333333333333333,2.0,5.0,1
-0.5622033454921231,0.9285941026047867,-0.21609878043163377,0,Disappointed Democratic Participants,0.0,6.0,2.0,6.0,1.0,5.0,1
-2.77414382969225,1.1234169990631124,0.18003212878926916,0,Disappointed Democratic Participants,2.0,2.0,1.75,2.3333333333333335,2.0,7.0,1
2.0321056049243222,-0.7608016189321952,0.36962401683475876,1,Connected Democratic Core,9.0,6.0,3.5,7.0,2.0,4.0,1
-1.1619403669036754,-3.0922687098009227,1.3135675100711315,2,Disengaged Non-voters,6.0,3.0,2.3333333333333335,7.0,3.0,4.0,0
-0.5568220889693511,0.07529778435991598,-2.4837545858676955,0,Disappointed Democratic Participants,3.0,2.0,2.5,4.333333333333333,1.0,1.0,1
-1.3005022621267095,0.8657026261483654,0.5846383868070142,0,Disappointed Democratic Participants,8.0,1.0,2.5,2.6666666666666665,2.0,7.0,1
2.347065695397493,-0.3078285586129498,-0.17388169742849297,1,Connected Democratic Core,9.0,6.0,2.75,8.0,1.0,3.0,1
-0.018770794241676884,0.7803155706268748,-0.03583485916845302,0,Disappointed Democratic Participants,6.0,4.0,2.0,5.333333333333333,1.0,5.0,1
-1.2143815004034666,1.7030358394378158,0.40742987097988637,0,Disappointed Democratic Participants,5.0,2.0,2.0,4.0,1.0,7.0,1
-1.355440999235239,0.4198396160609313,-0.45643129498569684,0,Disappointed Democratic Participants,4.0,0.0,2.5,5.666666666666667,2.0,5.0,1
1.4929648503853972,-0.4947291354688892,0.8300200841817708,1,Connected Democratic Core,6.0,8.0,3.0,7.0,2.0,5.0,1
1.3245218520051778,-0.6929256221057128,0.22071360053415928,1,Connected Democratic Core,7.0,7.0,3.0,6.0,2.0,4.0,1
-0.9584870937011627,0.2942828030338049,0.5284847054097969,0,Disappointed Democratic Participants,3.0,4.0,1.75,6.666666666666667,2.0,6.0,1
1.0049946573788955,-2.6104105015264283,1.6784837009837308,2,Disengaged Non-voters,9.0,6.0,3.25,6.666666666666667,2.0,4.0,0
0.7206595557983598,0.10869525413192334,-0.8265572697608264,1,Connected Democratic Core,6.0,6.0,2.5,4.333333333333333,1.0,3.0,1
0.43026216727034255,-0.720425552959283,-2.2720428928048855,1,Connected Democratic Core,3.0,5.0,1.75,7.0,1.0,0.0,1
1.9729983847099686,-0.6067051744529857,0.9917711944492412,1,Connected Democratic Core,10.0,6.0,3.0,7.666666666666667,2.0,5.0,1
0.1738109103025155,0.8533524806493981,-0.0878480769848193,1,Connected Democratic Core,5.0,4.0,2.5,5.666666666666667,1.0,5.0,1
1.2647444744657865,0.22103893497160518,-0.8866387080882825,1,Connected Democratic Core,6.0,5.0,3.5,5.0,1.0,3.0,1
-3.567528044595391,2.23838976584366,1.2666207731686516,0,Disappointed Democratic Participants,0.0,1.0,2.0,2.3333333333333335,2.0,10.0,1
-0.823019588809319,-0.3496478445316775,-1.183642116242812,0,Disappointed Democratic Participants,5.0,3.0,2.5,3.3333333333333335,2.0,3.0,1
2.9911933035822336,0.1284775470389965,0.1941207097571726,1,Connected Democratic Core,9.0,6.0,4.25,7.333333333333333,1.0,4.0,1
1.0813276112696835,-1.4479641460979515,1.9001140735420734,2,Disengaged Non-voters,9.0,6.0,3.0,6.333333333333333,1.0,5.0,0
0.674652042638821,0.13056957174404354,-0.8396264460767665,1,Connected Democratic Core,8.0,3.0,2.25,6.0,1.0,3.0,1
-3.5064225865725587,-1.0540702989877724,0.3069602018473014,2,Disengaged Non-voters,0.0,1.0,2.5,2.3333333333333335,2.0,5.0,0
1.3515974960788604,0.794936950337907,0.8879459218653131,1,Connected Democratic Core,8.0,5.0,2.75,7.0,1.0,6.0,1
2.9209278538854,0.24695813607507042,0.8576823772421877,1,Connected Democratic Core,8.0,8.0,3.75,7.666666666666667,1.0,5.0,1
0.6726018942682866,1.469513183295872,1.6802391372547343,1,Connected Democratic Core,6.0,5.0,2.5,7.333333333333333,1.0,8.0,1
-1.0745235345480857,-1.306803007329352,-0.8592283928646262,0,Disappointed Democratic Participants,7.0,2.0,2.25,4.0,3.0,3.0,1
-0.4690897188084918,-0.19983247136849178,0.29373395747579606,0,Disappointed Democratic Participants,7.0,4.0,1.5,5.666666666666667,2.0,5.0,1
0.6838880034788438,0.6267796875324256,0.20134817155298207,1,Connected Democratic Core,8.0,4.0,2.25,6.0,1.0,5.0,1
0.704405070256332,-0.37604195316537703,0.6288679677157357,1,Connected Democratic Core,7.0,5.0,2.25,7.666666666666667,2.0,5.0,1
1.236223643168482,-2.1565280047699256,0.33919870750935216,2,Disengaged Non-voters,8.0,4.0,3.25,7.666666666666667,1.0,2.0,0
-1.0543470248775408,-1.2434260696088466,3.161017840012277,2,Disengaged Non-voters,5.0,6.0,2.0,6.333333333333333,2.0,8.0,0
-2.4363775643433083,0.6378798611030965,-0.7830751251147332,0,Disappointed Democratic Participants,0.0,0.0,2.0,5.666666666666667,2.0,5.0,1
0.5106776981330775,0.9569891758880241,0.6421776468700121,1,Connected Democratic Core,6.0,4.0,2.25,7.333333333333333,1.0,6.0,1
0.8668861166570644,-0.028542942962199128,-0.6383201921495185,1,Connected Democratic Core,7.0,5.0,2.0,6.333333333333333,1.0,3.0,1
1.889980858484268,-0.1238530338210559,2.037229744121064,1,Connected Democratic Core,8.0,9.0,3.0,7.0,2.0,7.0,1
1.3626936229965465,0.3341198911060831,0.6242377724509812,1,Connected Democratic Core,7.0,6.0,2.0,8.333333333333334,1.0,5.0,1
-1.371380741340052,1.2761717182979344,-0.7189042338256718,0,Disappointed Democratic Participants,5.0,0.0,2.0,4.333333333333333,1.0,5.0,1
1.3504170567217055,0.05229151622412244,-0.6846612929370451,1,Connected Democratic Core,6.0,6.0,3.0,5.666666666666667,1.0,3.0,1
-0.5847053109747926,0.8574429088200342,-0.16155505518052332,0,Disappointed Democratic Participants,5.0,3.0,1.5,6.0,1.0,5.0,1
-0.9693445999466589,-0.6523053757582209,1.63349576892659,2,Disengaged Non-voters,3.0,5.0,2.5,5.333333333333333,1.0,6.0,0
0.26419888896192484,-1.6432209218909009,1.2463455688264091,2,Disengaged Non-voters,7.0,6.0,2.25,6.0,1.0,4.0,0
-0.25414813416649273,1.186246966333083,0.27063010256439013,0,Disappointed Democratic Participants,7.0,3.0,2.25,4.333333333333333,1.0,6.0,1
1.0559324965825356,0.6123193564095406,0.24395084641028014,1,Connected Democratic Core,8.0,5.0,2.75,5.333333333333333,1.0,5.0,1
0.48331652609824,-0.2665899066094021,0.45055845682627205,1,Connected Democratic Core,8.0,5.0,2.5,5.333333333333333,2.0,5.0,1
-4.086404712284807,-2.1536560782443996,3.2632871391132183,2,Disengaged Non-voters,1.0,3.0,1.25,5.666666666666667,4.0,9.0,0
-0.16970255950113391,1.942392657388379,1.04835768172868,0,Disappointed Democratic Participants,5.0,3.0,3.25,4.666666666666667,1.0,8.0,1
-1.3950247283201214,1.0478876464694395,-1.2597932364961364,0,Disappointed Democratic Participants,2.0,2.0,2.25,3.6666666666666665,1.0,4.0,1
-1.2633880540375102,-0.3845449066829436,-1.156484987674985,0,Disappointed Democratic Participants,3.0,3.0,1.75,5.0,2.0,3.0,1
-0.7831726592768921,1.0665994543511077,-0.40971943365807434,0,Disappointed Democratic Participants,4.0,2.0,2.0,5.666666666666667,1.0,5.0,1
-2.0125025443848936,-1.2152153380133075,-1.027551263733995,0,Disappointed Democratic Participants,6.0,0.0,1.25,5.333333333333333,3.0,3.0,1
0.2530214505495669,-1.9715930553690577,0.7991728152565503,2,Disengaged Non-voters,8.0,6.0,2.0,5.333333333333333,1.0,3.0,0
-2.465579665009105,0.3560699682240624,-0.5067589103333342,0,Disappointed Democratic Participants,0.0,4.0,1.25,3.6666666666666665,2.0,5.0,1
1.7124645507701945,0.4521044857368652,0.4833758431527524,1,Connected Democratic Core,9.0,6.0,3.0,5.666666666666667,1.0,5.0,1
1.1718336167099912,-0.709239513725179,0.22362672777918563,1,Connected Democratic Core,7.0,7.0,2.75,6.0,2.0,4.0,1
1.2911819567792748,1.0847373119099144,1.3749623605086567,1,Connected Democratic Core,7.0,5.0,2.75,8.0,1.0,7.0,1
0.33575746246816085,-1.250716594617076,-0.821295064621142,1,Connected Democratic Core,5.0,6.0,1.5,7.333333333333333,2.0,2.0,1
0.8749987374316349,-0.43484360733537997,-0.08222298554357146,1,Connected Democratic Core,5.0,5.0,3.25,7.0,2.0,4.0,1
-1.0295232496644091,0.39870029735982,-0.41158665410736167,0,Disappointed Democratic Participants,3.0,2.0,3.0,4.666666666666667,2.0,5.0,1
-0.993246416528796,0.23405951240211287,-0.2372833912867277,0,Disappointed Democratic Participants,4.0,3.0,2.5,4.333333333333333,2.0,5.0,1
0.36923765316979684,0.8585776760247457,-0.10760814626554582,1,Connected Democratic Core,5.0,6.0,3.0,3.3333333333333335,1.0,5.0,1
-1.5934796575596417,-2.922390422695311,1.8212166473224285,2,Disengaged Non-voters,8.0,5.0,1.75,3.6666666666666665,3.0,5.0,0
-2.0285044175713267,-0.547301887014429,-0.1869832564584356,0,Disappointed Democratic Participants,4.0,2.0,2.0,4.0,3.0,5.0,1
0.8365762387740302,0.6430935791518917,0.19843504430795578,1,Connected Democratic Core,8.0,4.0,2.5,6.0,1.0,5.0,1
-1.5800698427683175,0.1328045278065496,-0.16035501092357135,0,Disappointed Democratic Participants,4.0,2.0,1.25,6.0,2.0,5.0,1
1.5315115826894163,-0.8878147560430766,-0.33138523224149075,1,Connected Democratic Core,9.0,4.0,3.25,7.0,2.0,3.0,1
1.1404867420460936,0.1973594182232329,-0.9043852936970412,1,Connected Democratic Core,9.0,4.0,3.25,3.6666666666666665,1.0,3.0,1
-0.831341429323464,0.4538272417749397,0.31219085565760324,0,Disappointed Democratic Participants,7.0,2.0,2.5,4.0,2.0,6.0,1
3.200490459770742,0.015543710257313449,1.1427773135481973,1,Connected Democratic Core,9.0,9.0,3.25,8.333333333333334,1.0,5.0,1
2.0929693236912317,-0.04452134846726953,-0.49657835278695,1,Connected Democratic Core,7.0,6.0,3.5,6.666666666666667,1.0,3.0,1
-1.1091823084343435,-0.5930950906528767,-1.7508629487959015,0,Disappointed Democratic Participants,5.0,3.0,2.25,2.3333333333333335,2.0,2.0,1
0.37992037239825144,1.5403934579456975,1.5417733114387557,1,Connected Democratic Core,7.0,5.0,2.5,5.333333333333333,1.0,8.0,1
-0.5775738467856595,-2.25151914362187,1.8706874984338642,2,Disengaged Non-voters,8.0,8.0,2.0,2.6666666666666665,2.0,5.0,0
1.2723624045732804,-0.13983234439561557,-0.4536674030072261,1,Connected Democratic Core,7.0,5.0,2.0,8.0,1.0,3.0,1
0.7257229503001844,0.5156647236252576,-0.44155378307824766,1,Connected Democratic Core,6.0,3.0,2.75,7.0,1.0,4.0,1
-2.6611538641067263,-1.5662081825371086,0.9557836635720186,2,Disengaged Non-voters,5.0,1.0,1.5,4.333333333333333,2.0,5.0,0
-2.8953219863490376,-1.0646795712179769,-1.2833463845357518,2,Disengaged Non-voters,0.0,0.0,2.25,3.3333333333333335,1.0,2.0,0
-0.5014593845964663,0.5781868877265243,-1.4450219342589834,0,Disappointed Democratic Participants,4.0,2.0,2.5,4.666666666666667,1.0,3.0,1
-2.864499260318485,-0.2995897751963452,-0.5210241458745721,0,Disappointed Democratic Participants,2.0,0.0,1.75,4.666666666666667,3.0,5.0,1
1.1862850639828844,0.26464525910771414,-0.1647205445340724,1,Connected Democratic Core,7.0,7.0,2.75,4.333333333333333,1.0,4.0,1
-0.7411434329569254,-1.6608297242337366,2.861567317756252,2,Disengaged Non-voters,6.0,6.0,1.75,7.0,2.0,7.0,0
0.590144336891842,-0.813994770549377,-0.5143130791255225,1,Connected Democratic Core,7.0,5.0,2.5,5.666666666666667,2.0,3.0,1
1.5682365952923534,-0.04637490896385062,-0.536267900399222,1,Connected Democratic Core,7.0,5.0,2.75,7.333333333333333,1.0,3.0,1
-3.4412912832970974,-1.1690506157952116,0.458266721630151,2,Disengaged Non-voters,1.0,0.0,2.0,4.0,2.0,5.0,0
0.01909985742349633,0.5237016420670111,1.123320616995239,0,Disappointed Democratic Participants,6.0,5.0,3.0,4.666666666666667,2.0,7.0,1
-2.614507821614607,1.5387277239134662,-1.119409179611625,0,Disappointed Democratic Participants,1.0,0.0,1.5,3.6666666666666665,1.0,5.0,1
0.07007024466031074,-0.17314867679677667,0.32192513356917557,1,Connected Democratic Core,7.0,4.0,2.25,6.0,2.0,5.0,1
-0.3730725069714215,-0.5507037660228361,-0.8830425603490805,0,Disappointed Democratic Participants,4.0,4.0,2.25,5.666666666666667,2.0,3.0,1
2.3329860908535176,-0.10050936795931766,-0.41570279765321494,1,Connected Democratic Core,9.0,5.0,3.5,7.0,1.0,3.0,1
2.914675370671666,0.004245888864880377,0.3222370092514931,1,Connected Democratic Core,9.0,7.0,3.75,7.333333333333333,1.0,4.0,1
1.2361476740024613,0.5212413552370512,-0.4056770062840607,1,Connected Democratic Core,9.0,1.0,3.25,7.333333333333333,1.0,4.0,1
1.1120562391706001,0.20472504335213906,-0.8837255808432561,1,Connected Democratic Core,6.0,5.0,3.25,5.0,1.0,3.0,1
1.4918465135930368,-0.7409416549077141,-0.520293471076788,1,Connected Democratic Core,7.0,6.0,4.0,4.666666666666667,2.0,3.0,1
1.7066825745373952,-1.0931059486738792,-0.8774293281780191,1,Connected Democratic Core,7.0,5.0,3.75,6.666666666666667,2.0,2.0,1
2.4249111563231693,-0.026544539496610217,0.32171998548871694,1,Connected Democratic Core,8.0,7.0,3.0,8.0,1.0,4.0,1
0.800299405638417,0.807734364109599,0.02413178148732166,1,Connected Democratic Core,7.0,3.0,3.0,6.333333333333333,1.0,5.0,1
-0.5308085739202175,0.8819700680190512,-0.21981648708675616,0,Disappointed Democratic Participants,7.0,3.0,1.75,4.0,1.0,5.0,1
-2.049905836169692,0.6482497640553455,-0.7519708217763273,0,Disappointed Democratic Participants,0.0,0.0,2.5,6.0,2.0,5.0,1
-0.31472632497224756,0.20568320592196385,0.6612193408986853,0,Disappointed Democratic Participants,6.0,4.0,2.25,5.666666666666667,2.0,6.0,1
-4.790815005284792,-2.214198649371348,2.404723156164253,2,Disengaged Non-voters,3.0,2.0,1.25,1.6666666666666667,4.0,8.0,0
-0.2559288449220172,-0.6331842873688114,0.8915341953659827,0,Disappointed Democratic Participants,8.0,2.0,2.75,6.666666666666667,3.0,6.0,1
-0.8983570823627316,0.26876593140799093,0.517081398053867,0,Disappointed Democratic Participants,7.0,3.0,1.75,4.666666666666667,2.0,6.0,1
-0.6996805428378838,-0.02955077261968435,0.038650203684389116,0,Disappointed Democratic Participants,8.0,4.0,2.0,2.6666666666666665,2.0,5.0,1
0.23703009472566425,-0.218905461075214,0.3970571728321207,1,Connected Democratic Core,6.0,5.0,2.3333333333333335,6.333333333333333,2.0,5.0,1
0.3802680029242001,1.7725428826744636,1.2884538396951413,1,Connected Democratic Core,7.0,3.0,3.25,5.333333333333333,1.0,8.0,1
-1.407426947263198,-1.2320388977763286,-0.206687412925259,0,Disappointed Democratic Participants,6.0,6.0,1.5,2.0,3.0,4.0,1
0.3178762142741872,0.08146775336698724,0.8353684662581065,1,Connected Democratic Core,7.0,6.0,2.75,4.333333333333333,2.0,6.0,1
-0.8522111298999925,0.5682011970212383,1.0034266754732213,0,Disappointed Democratic Participants,5.0,4.0,2.0,5.333333333333333,2.0,7.0,1
0.8721779113115148,0.5820226460695549,-0.491325034873577,1,Connected Democratic Core,4.0,4.0,3.25,7.0,1.0,4.0,1
1.405883428619698,-1.272223270373611,-0.7065562163651876,1,Connected Democratic Core,7.0,6.0,2.75,7.0,2.0,2.0,1
-2.6137098130783194,0.20852452354561052,0.4979484364534128,0,Disappointed Democratic Participants,3.0,2.0,2.25,2.6666666666666665,3.0,7.0,1
-2.5006245157978926,0.5601301675385639,-0.7969138757424447,0,Disappointed Democratic Participants,4.0,2.0,2.0,0.3333333333333333,2.0,5.0,1
0.018139197381039553,0.5835407204517402,-0.5904641993788472,0,Disappointed Democratic Participants,4.0,4.0,2.25,6.0,1.0,4.0,1
3.3756422426888437,-0.4825037604085102,0.10814597417127743,1,Connected Democratic Core,10.0,8.0,3.5,7.666666666666667,1.0,3.0,1
2.5696909587934424,-0.3493884027233026,-0.0984497769745281,1,Connected Democratic Core,7.0,8.0,3.0,8.0,1.0,3.0,1
-0.2955125740068994,-0.005136256960303053,0.08817225385554305,0,Disappointed Democratic Participants,6.0,4.0,2.5,4.666666666666667,2.0,5.0,1
-0.3395786095941036,-0.15109992165840794,-0.5186987865202868,0,Disappointed Democratic Participants,7.0,0.0,2.5,7.0,2.0,4.0,1
-3.3517281765080167,-1.082962967016577,0.36317401098007074,0,Disappointed Democratic Participants,5.0,0.0,1.0,4.333333333333333,4.0,6.0,1
-1.037779313015271,-0.1726068822151046,-0.5755238175819658,0,Disappointed Democratic Participants,2.0,5.0,2.0,4.666666666666667,2.0,4.0,1
2.4777658933237903,-0.4233532311860101,-0.8358725601164599,1,Connected Democratic Core,8.0,6.0,3.5,7.0,1.0,2.0,1
-1.3671045074767458,-0.46199152537135924,-1.123560677915356,0,Disappointed Democratic Participants,5.0,4.0,1.5,2.6666666666666665,2.0,3.0,1
-0.5510451160096428,0.9642099580479224,-0.25751327030216636,0,Disappointed Democratic Participants,2.0,4.0,2.0,6.333333333333333,1.0,5.0,1
1.4901248153353999,0.2293808399010245,-0.06766920858862627,1,Connected Democratic Core,8.0,5.0,2.75,6.666666666666667,1.0,4.0,1
0.6985194264984247,-0.09384849761177984,0.3286903714218184,1,Connected Democratic Core,5.0,4.0,3.25,7.666666666666667,2.0,5.0,1
0.31127610053450544,-0.39339391857196915,0.5532425700110264,1,Connected Democratic Core,8.0,7.0,2.0,4.0,2.0,5.0,1
0.36950397220107384,0.30153790804353103,-1.0718085209933514,1,Connected Democratic Core,5.0,5.0,2.75,4.0,1.0,3.0,1
-2.5157874428659293,-0.5616618305015001,0.6297040712338228,2,Disengaged Non-voters,1.0,0.0,1.5,7.333333333333333,1.0,5.0,0
-1.3981360856744875,1.67273912909783,-0.3278460103039708,0,Disappointed Democratic Participants,1.0,1.0,2.5,5.666666666666667,1.0,6.0,1
2.196052618643364,0.06505933543857363,0.199429940484449,1,Connected Democratic Core,8.0,6.0,3.0,8.0,1.0,4.0,1
1.8432218765050206,-0.13129979632080832,-0.41621982141599123,1,Connected Democratic Core,8.0,5.0,2.75,7.666666666666667,1.0,3.0,1
0.2987862598045415,-1.2752622358190195,-2.3482489128843342,1,Connected Democratic Core,2.0,2.0,3.0,8.666666666666666,2.0,0.0,1
0.3245334558223981,0.08844981582133031,0.87988956062441,1,Connected Democratic Core,6.0,4.0,2.5,7.666666666666667,2.0,6.0,1
-3.6098481412051626,1.7631438816577407,-1.4950580361490384,0,Disappointed Democratic Participants,0.0,0.0,1.25,1.0,1.0,5.0,1
1.0153446578055239,0.3664099118468324,-1.0595996484609382,1,Connected Democratic Core,7.0,2.0,3.5,6.0,1.0,3.0,1
-0.015154158128284195,1.001679373987639,-0.2592382125604272,0,Disappointed Democratic Participants,4.0,3.0,2.75,6.0,1.0,5.0,1
0.3929387679583951,0.6189821383686273,0.19567605452414238,1,Connected Democratic Core,8.0,3.0,1.75,7.0,1.0,5.0,1
-1.072656295051417,-0.9654821792024838,1.1754958050618283,2,Disengaged Non-voters,5.0,3.0,2.0,6.0,1.0,5.0,0
1.0380462736322968,0.9801911802340308,1.4407159158649525,1,Connected Democratic Core,7.0,7.0,2.25,6.333333333333333,1.0,7.0,1
0.26602962559014626,-1.2820030173838588,-1.626235685167162,1,Connected Democratic Core,7.0,4.0,2.25,5.0,2.0,1.0,1
0.8428752617043425,-0.47371845411764635,-0.08914236085742717,1,Connected Democratic Core,7.0,6.0,3.25,4.333333333333333,2.0,4.0,1
-0.10619987505015127,0.07868627443022198,0.006242917687536335,0,Disappointed Democratic Participants,7.0,3.0,3.0,4.333333333333333,2.0,5.0,1
2.3362550964409614,-0.11129498932731936,-0.3857866793015745,1,Connected Democratic Core,7.0,6.0,3.5,7.666666666666667,1.0,3.0,1
1.7808648596331,0.3263385475614243,0.6645984812872422,1,Connected Democratic Core,8.0,6.0,2.5,8.0,1.0,5.0,1
-1.5436357289720124,-1.9204164244481534,1.4697048686746663,2,Disengaged Non-voters,4.0,5.0,1.75,5.333333333333333,2.0,5.0,0
-1.8961513886175814,2.0349540453209873,-0.032401736116775375,0,Disappointed Democratic Participants,2.0,2.0,2.5,2.3333333333333335,1.0,7.0,1
2.471037899856031,-0.01986555191838406,0.31947801946767984,1,Connected Democratic Core,9.0,6.0,3.0,8.333333333333334,1.0,4.0,1
-1.6037228466755267,-1.691222916182401,1.2148145921340043,2,Disengaged Non-voters,6.0,1.0,2.25,6.0,2.0,5.0,0
-1.1055898845239203,-1.3207858260498715,-1.5974174013935099,0,Disappointed Democratic Participants,3.0,1.0,3.0,5.666666666666667,3.0,2.0,1
0.0024657457906775942,1.1908473181443633,-0.491802907287294,0,Disappointed Democratic Participants,5.0,2.0,3.5,4.333333333333333,1.0,5.0,1
-4.290937680091503,0.03220688081736982,2.1992556921596558,2,Disengaged Non-voters,1.0,1.0,1.75,2.0,2.0,9.0,0
1.9413230884500001,0.3605006108016813,0.6056658881570202,1,Connected Democratic Core,9.0,7.0,3.0,5.666666666666667,1.0,5.0,1
1.1992761002394998,1.3035287614822282,1.1261268208071165,1,Connected Democratic Core,5.0,5.0,3.5,7.333333333333333,1.0,7.0,1
0.6944788231206773,-0.37223839425171834,0.5544307549977918,1,Connected Democratic Core,10.0,6.0,2.5,3.6666666666666665,2.0,5.0,1
0.788912776003311,0.5685223891280435,0.3035546007644916,1,Connected Democratic Core,8.0,3.0,2.0,8.0,1.0,5.0,1
0.4157691550371359,0.6295264788471248,-0.6007743859109739,1,Connected Democratic Core,6.0,2.0,2.75,6.666666666666667,1.0,4.0,1
-1.4957819163360366,0.27488435760145663,-0.34449077630308744,0,Disappointed Democratic Participants,5.0,2.0,2.0,3.6666666666666665,2.0,5.0,1
1.4015724229782989,-1.682773499894026,-1.8358034484157717,1,Connected Democratic Core,7.0,4.0,3.0,7.333333333333333,2.0,0.0,1
2.477255611291672,-1.9258667778979028,-0.6789802886818943,1,Connected Democratic Core,8.0,9.0,2.75,7.333333333333333,2.0,1.0,1
1.8109357492715592,-1.4405387650862014,-0.5195663970388957,1,Connected Democratic Core,10.0,7.0,2.75,5.333333333333333,2.0,2.0,1
-0.6827165620703465,0.24792903801059663,-1.8947251952635866,0,Disappointed Democratic Participants,1.0,5.0,2.25,3.6666666666666665,1.0,2.0,1
0.14658817757087828,-0.04891701862266058,0.1938088340748551,1,Connected Democratic Core,7.0,3.0,2.75,6.0,2.0,5.0,1
1.505879578420433,0.41126343491838196,0.5445504023040115,1,Connected Democratic Core,7.0,6.0,2.5,7.666666666666667,1.0,5.0,1
-3.2521737838796927,1.5639879704119433,-0.35322718599429165,0,Disappointed Democratic Participants,0.0,0.0,2.75,1.3333333333333333,2.0,7.0,1
0.7457641392512618,-2.3436030191521136,2.170655232893138,2,Disengaged Non-voters,7.0,7.0,3.0,7.333333333333333,2.0,5.0,0
3.4286546279225423,-0.2652465908375213,-0.08758322689009328,1,Connected Democratic Core,7.0,7.0,4.25,9.333333333333334,1.0,3.0,1
1.0832048876144842,-2.4462705220706376,-1.7954899536075748,1,Connected Democratic Core,9.0,5.0,3.75,3.3333333333333335,3.0,0.0,1
1.7876965206259667,-1.9045530216705433,-1.5513796733337513,1,Connected Democratic Core,7.0,6.0,2.75,7.666666666666667,2.0,0.0,1
0.6861199837685984,1.1589707394355795,-0.4081683623697455,1,Connected Democratic Core,7.0,2.0,4.25,3.6666666666666665,1.0,5.0,1
-1.2630454267846534,-0.8086937426769153,-0.5443683151838421,0,Disappointed Democratic Participants,0.0,2.0,2.75,8.0,3.0,4.0,1
-0.5568124494349449,1.3078585589308194,2.6116221256560594,0,Disappointed Democratic Participants,5.0,5.0,2.25,6.333333333333333,2.0,10.0,1
-1.4015435305651323,1.362215167240464,-0.8310382297590257,0,Disappointed Democratic Participants,3.0,2.0,2.5,2.6666666666666665,1.0,5.0,1
-1.6866313345306425,0.12316962376530967,-0.1596838496995821,0,Disappointed Democratic Participants,5.0,1.0,1.0,6.333333333333333,2.0,5.0,1
1.2690312679042162,-0.31746537426573873,0.6194574247566674,1,Connected Democratic Core,6.0,6.0,3.25,7.333333333333333,2.0,5.0,1
1.0498028898237874,-1.16504050272997,-0.8635348531768768,1,Connected Democratic Core,6.0,6.0,2.75,6.333333333333333,2.0,2.0,1
2.658509641664994,1.313740432527368,2.0308186937841453,1,Connected Democratic Core,8.0,7.0,4.5,7.0,1.0,8.0,1
-1.3570969488464195,0.32339410842496286,-0.33824256221322085,0,Disappointed Democratic Participants,2.0,2.0,2.25,6.0,2.0,5.0,1
-2.0422171541426497,-0.1230912570338444,-1.5188711906457142,0,Disappointed Democratic Participants,1.0,2.0,1.75,4.333333333333333,2.0,3.0,1
1.2408720873330912,-0.21084125639530935,-1.1895193813521103,1,Connected Democratic Core,6.0,5.0,2.75,6.333333333333333,1.0,2.0,1
-0.5496554854297397,1.6176952336651054,0.5884983716531631,0,Disappointed Democratic Participants,4.0,3.0,2.5,5.333333333333333,1.0,7.0,1
0.6616907748872061,0.5841012818365007,0.2688660089570702,1,Connected Democratic Core,7.0,4.0,2.0,7.333333333333333,1.0,5.0,1
1.246491412059722,0.06400505603230823,0.07485858966961277,1,Connected Democratic Core,8.0,7.0,2.0,5.666666666666667,1.0,4.0,1
1.8400533913421255,0.9614312957921953,0.7533322066569509,1,Connected Democratic Core,7.0,5.0,4.0,6.666666666666667,1.0,6.0,1
-0.05521027888345931,-0.32540776639854474,-0.30656532229813566,0,Disappointed Democratic Participants,5.0,4.0,2.5,6.0,2.0,4.0,1
-0.4778153976163968,0.806470959555019,-0.9041329315885185,0,Disappointed Democratic Participants,7.0,0.0,2.25,5.333333333333333,1.0,4.0,1
2.0500923768159365,-0.3547422354485186,-0.9530075118546643,1,Connected Democratic Core,7.0,6.0,3.25,6.666666666666667,1.0,2.0,1
-2.88174732150853,0.6924462441334558,-0.9186278236856855,0,Disappointed Democratic Participants,1.0,0.0,1.75,3.6666666666666665,2.0,5.0,1
0.9764881853373812,0.07472448360945431,0.9542677000441032,1,Connected Democratic Core,7.0,4.0,3.25,7.666666666666667,2.0,6.0,1
-0.39888637167645197,-0.8147459750795255,-0.5921213695530183,0,Disappointed Democratic Participants,5.0,5.0,1.25,6.333333333333333,2.0,3.0,1
0.42949054096321293,-0.7015868075303885,-0.6910517852179382,1,Connected Democratic Core,6.0,7.0,3.0,2.6666666666666665,2.0,3.0,1
2.028774496772084,-1.2464489122391533,0.11741423893931897,1,Connected Democratic Core,8.0,8.0,2.75,7.333333333333333,2.0,3.0,1
1.9671940809635589,0.15666321037375747,0.07713989548018128,1,Connected Democratic Core,8.0,5.0,3.0,8.0,1.0,4.0,1
-1.198286547783876,-1.6839261725205192,-2.079183682607828,0,Disappointed Democratic Participants,7.0,2.0,2.75,1.3333333333333333,3.0,1.0,1
1.5757973975913186,0.06063342115354177,0.13430820656261105,1,Connected Democratic Core,8.0,6.0,2.25,7.333333333333333,1.0,4.0,1
-2.131267412784212,1.2275474123232433,0.17529899512301955,0,Disappointed Democratic Participants,0.0,1.0,2.75,5.0,2.0,7.0,1
-1.827832419766174,1.4280131778724008,0.7632746046928569,0,Disappointed Democratic Participants,1.0,2.0,3.0,4.333333333333333,2.0,8.0,1
2.0784142088932307,0.8089977686641788,0.9523964945631619,1,Connected Democratic Core,7.0,6.0,3.75,7.333333333333333,1.0,6.0,1
-0.2987052428559373,-0.1694739670418933,0.30923857706351765,0,Disappointed Democratic Participants,5.0,4.0,1.75,7.333333333333333,2.0,5.0,1
2.6920693162055946,0.33856201101025435,0.73539233223792,1,Connected Democratic Core,8.0,7.0,3.75,7.666666666666667,1.0,5.0,1
-1.368111735752608,1.2653860969299326,-0.6889881154740314,0,Disappointed Democratic Participants,3.0,1.0,2.0,5.0,1.0,5.0,1
1.4564838293001274,0.4153700687081574,0.5168762499734083,1,Connected Democratic Core,8.0,6.0,2.5,6.666666666666667,1.0,5.0,1
0.47426242569426397,0.8003203776203637,-0.005401717054036428,1,Connected Democratic Core,5.0,5.0,2.75,5.333333333333333,1.0,5.0,1
1.2068865608387769,-2.5503222861526162,0.038919038810768934,1,Connected Democratic Core,9.0,5.0,4.25,5.666666666666667,4.0,3.0,1
-0.1647552482720734,-0.5885405390179765,-0.8114234107132006,0,Disappointed Democratic Participants,5.0,3.0,2.25,6.666666666666667,2.0,3.0,1
0.08960429536490591,1.5004618435644719,0.8071685913788877,0,Disappointed Democratic Participants,4.0,3.0,2.75,7.333333333333333,1.0,7.0,1
-0.40152221877679256,-0.8360944189289513,-1.3509700909356872,0,Disappointed Democratic Participants,4.0,3.0,2.0,6.666666666666667,2.0,2.0,1
-2.5688100486191914,0.8320823574897804,-0.25387797121390504,0,Disappointed Democratic Participants,2.0,1.0,1.75,3.6666666666666665,2.0,6.0,1
2.2469658780716495,-0.16391137394060104,-0.36436074106083793,1,Connected Democratic Core,9.0,6.0,3.25,6.333333333333333,1.0,3.0,1
-0.9412340292380268,-0.04145495557325811,0.06065223898615279,0,Disappointed Democratic Participants,7.0,3.0,1.5,4.666666666666667,2.0,5.0,1
0.2754232346632469,-0.17172704033508776,0.3766022770063928,1,Connected Democratic Core,4.0,5.0,2.5,7.666666666666667,2.0,5.0,1
3.057617363094712,-1.9781638820159284,-0.5647584641887162,1,Connected Democratic Core,9.0,9.0,3.25,7.666666666666667,2.0,1.0,1
0.7714449354985685,0.758073895959331,0.04712852452510621,1,Connected Democratic Core,7.0,5.0,3.0,4.333333333333333,1.0,5.0,1
-1.9691805651428334,3.0104355417142177,1.3097876858167905,0,Disappointed Democratic Participants,0.0,1.0,3.0,4.666666666666667,1.0,10.0,1
0.4011792684610423,-0.6656678772111358,-0.6857032147011303,1,Connected Democratic Core,6.0,4.0,2.75,6.0,2.0,3.0,1
3.0482777347295813,-0.646970107839969,-0.5451055067816107,1,Connected Democratic Core,9.0,8.0,3.5,6.666666666666667,1.0,2.0,1
-3.4811847525461026,-1.2257736341982688,0.5073668122014909,2,Disengaged Non-voters,2.0,0.0,1.75,3.6666666666666665,2.0,5.0,0
1.976905552057607,0.006673399684323301,-0.5726814344649042,1,Connected Democratic Core,8.0,5.0,3.5,6.333333333333333,1.0,3.0,1
-1.935921981411602,0.4435834149886102,-0.5553419771418979,0,Disappointed Democratic Participants,0.0,4.0,2.25,3.3333333333333335,2.0,5.0,1
1.9287094512243341,1.0461817456229043,1.4608388714472422,1,Connected Democratic Core,8.0,6.0,3.5,7.0,1.0,7.0,1
-1.155360594956876,0.1034519415258874,-0.06016206538402968,0,Disappointed Democratic Participants,1.0,4.0,1.75,7.0,2.0,5.0,1
1.6059222679377474,0.7352258597306464,0.9726342478171331,1,Connected Democratic Core,7.0,7.0,3.0,6.333333333333333,1.0,6.0,1
0.399523318849862,-0.7621133848471042,-0.5675144819286544,1,Connected Democratic Core,4.0,6.0,2.5,6.333333333333333,2.0,3.0,1
1.1942506246163267,0.1359234044692595,0.014931288803369568,1,Connected Democratic Core,8.0,5.0,2.0,7.333333333333333,1.0,4.0,1
0.1721357517614577,0.46415069497840855,-0.4582465876527349,1,Connected Democratic Core,6.0,4.0,2.0,5.666666666666667,1.0,4.0,1
0.40698357220745196,-1.4290362620378791,0.22892808426792938,1,Connected Democratic Core,8.0,5.0,2.75,5.666666666666667,3.0,4.0,1
-0.7240654390625383,0.9125030098718983,-1.0318666112725567,0,Disappointed Democratic Participants,3.0,2.0,2.5,5.0,1.0,4.0,1
1.7904136792209793,-1.094015385111137,-0.0816500489668918,1,Connected Democratic Core,8.0,7.0,3.0,6.666666666666667,2.0,3.0,1
0.7503933744859936,-0.6906725488125185,0.15334990059128423,1,Connected Democratic Core,8.0,6.0,2.25,5.666666666666667,2.0,4.0,1
0.6506138568993974,1.3376746191033457,1.0211614018117936,1,Connected Democratic Core,5.0,5.0,3.0,6.333333333333333,1.0,7.0,1
2.8194191970497764,-0.555366232904785,-0.6673955517858785,1,Connected Democratic Core,9.0,7.0,3.5,6.666666666666667,1.0,2.0,1
-0.8151974707521685,-1.4559775431182378,-0.6118302397740268,0,Disappointed Democratic Participants,3.0,4.0,2.0,7.0,3.0,3.0,1
1.9739220744313177,-0.24682446889386864,-1.0782106841039585,1,Connected Democratic Core,7.0,5.0,3.5,6.666666666666667,1.0,2.0,1
0.4933482969315354,1.4678502659446788,0.8590276717340412,1,Connected Democratic Core,5.0,4.0,3.25,6.0,1.0,7.0,1
-0.10638985734302206,0.4606027109618447,1.2214257339749566,0,Disappointed Democratic Participants,4.0,5.0,2.5,7.0,2.0,7.0,1
-0.6395627365886507,1.2007690914425806,-0.49174383398904326,0,Disappointed Democratic Participants,1.0,1.0,2.5,8.333333333333334,1.0,5.0,1
-0.2174007940499458,-0.28089200582517815,-0.3804264379550527,0,Disappointed Democratic Participants,5.0,4.0,2.5,5.333333333333333,2.0,4.0,1
2.2386632464873824,0.9323199904010373,1.6200594742799685,1,Connected Democratic Core,8.0,7.0,3.5,7.333333333333333,1.0,7.0,1
2.4507250210281994,0.23749766956007914,0.03079879469265466,1,Connected Democratic Core,7.0,6.0,4.0,7.333333333333333,1.0,4.0,1
-3.471682472674803,-1.2866032863911017,0.5841410551034342,2,Disengaged Non-voters,2.0,0.0,1.5,4.333333333333333,2.0,5.0,0
1.9335530949282864,0.34265243918089044,0.6616853540422158,1,Connected Democratic Core,8.0,6.0,2.75,8.0,1.0,5.0,1
2.892687333302777,-0.12759267532764604,-0.33684072619144756,1,Connected Democratic Core,8.0,7.0,4.25,6.333333333333333,1.0,3.0,1
1.4620227340559775,0.1761396117236755,-0.7889162109188471,1,Connected Democratic Core,8.0,2.0,3.25,7.666666666666667,1.0,3.0,1
-0.9771440229178141,0.6480915321482363,0.12161674786229561,0,Disappointed Democratic Participants,3.0,2.0,3.0,5.333333333333333,2.0,6.0,1
-0.5632225808817559,0.4510804504602405,1.114313413121559,0,Disappointed Democratic Participants,9.0,4.0,2.0,3.3333333333333335,2.0,7.0,1
1.2834827151771093,0.6564193985671544,0.23111015244340943,1,Connected Democratic Core,6.0,6.0,3.25,5.666666666666667,1.0,5.0,1
0.31153741629269077,-1.6067319472759218,0.45447833951797834,1,Connected Democratic Core,5.0,7.0,2.0,7.666666666666667,3.0,4.0,1
2.0737555727258834,0.16629811441499737,0.07646873425619215,1,Connected Democratic Core,7.0,6.0,3.25,7.666666666666667,1.0,4.0,1
-2.718248487256812,0.5122265664672914,-0.7096359690576299,0,Disappointed Democratic Participants,3.0,0.0,1.25,4.0,2.0,5.0,1
1.0033440786131922,0.4520882801177257,0.43734301728765157,1,Connected Democratic Core,8.0,5.0,2.0,7.0,1.0,5.0,1
0.5090490793085987,-0.7917368902626937,-0.551243636953981,1,Connected Democratic Core,7.0,5.0,2.5,5.333333333333333,2.0,3.0,1
-0.714992129728685,0.1383490036771535,-0.08731919395185667,0,Disappointed Democratic Participants,3.0,4.0,2.5,5.333333333333333,2.0,5.0,1
0.4760462550335212,0.01841653404974973,-1.561066925657732,1,Connected Democratic Core,7.0,4.0,2.75,3.3333333333333335,1.0,2.0,1
0.9795995426917475,-0.5501269990189361,0.022320473851937514,1,Connected Democratic Core,8.0,5.0,3.0,5.666666666666667,2.0,4.0,1
-0.03622492807073689,-0.7398233488192313,-0.6416040799346406,0,Disappointed Democratic Participants,8.0,2.0,1.75,7.0,2.0,3.0,1
1.2291377986552103,-0.3741883926687959,0.6685575153280074,1,Connected Democratic Core,7.0,6.0,3.0,7.0,2.0,5.0,1
-2.2986112833019487,0.9828071670902236,0.4277188232935756,0,Disappointed Democratic Participants,3.0,0.0,1.5,6.0,2.0,7.0,1
-0.27756922324813166,-0.8408876902694066,-1.346197617479906,0,Disappointed Democratic Participants,7.0,1.0,2.0,6.666666666666667,2.0,2.0,1
2.647250891757964,0.1961791063392304,0.8727650372300956,1,Connected Democratic Core,9.0,8.0,3.25,7.0,1.0,5.0,1
1.2865698603285065,-0.9174866228189952,-0.3239881729543903,1,Connected Democratic Core,7.0,6.0,3.0,6.333333333333333,2.0,3.0,1
1.9150240454397123,-0.18188818291126044,-1.182659079336505,1,Connected Democratic Core,8.0,5.0,3.75,5.0,1.0,2.0,1
0.7906071434742465,1.250480452834054,1.1625403548727986,1,Connected Democratic Core,4.0,5.0,2.75,8.333333333333334,1.0,7.0,1
-0.0008274719997353919,0.2525784007546061,-0.14487012484456857,0,Disappointed Democratic Participants,7.0,0.0,3.5,6.333333333333333,2.0,5.0,1
-0.894501825577149,-0.9172755032550944,1.1349809587643542,2,Disengaged Non-voters,4.0,4.0,2.5,5.333333333333333,1.0,5.0,0
-1.3575697080890978,-4.134387090927113,0.9116855417933079,2,Disengaged Non-voters,7.0,3.0,3.0,5.0,4.0,3.0,0
2.3249150065224344,-1.710031244788603,-0.9293866331804823,1,Connected Democratic Core,8.0,7.0,3.25,7.333333333333333,2.0,1.0,1
-0.5814089746006473,-0.8056232710627168,-1.443248953425352,0,Disappointed Democratic Participants,6.0,3.0,2.0,4.333333333333333,2.0,2.0,1
-1.1745935548521016,0.021515126373133145,0.02429777821872113,0,Disappointed Democratic Participants,4.0,2.0,1.25,7.666666666666667,2.0,5.0,1
-0.3417104370316947,-2.1039915313739446,1.784179166060821,2,Disengaged Non-voters,7.0,5.0,2.5,6.0,2.0,5.0,0
-3.731075642308606,-2.2901599259999132,0.9798853867037928,2,Disengaged Non-voters,0.0,2.0,1.25,5.333333333333333,3.0,5.0,0
-2.346470313184397,1.054806003325621,0.29716708052747354,0,Disappointed Democratic Participants,3.0,2.0,2.0,2.6666666666666665,2.0,7.0,1
1.5403999130034909,-0.6237540649834609,0.9629088571318724,1,Connected Democratic Core,9.0,7.0,2.5,7.0,2.0,5.0,1
1.210051927417939,-1.0417182809931114,-0.19587187346007,1,Connected Democratic Core,7.0,7.0,2.5,6.333333333333333,2.0,3.0,1
2.4945626564627776,0.17986521471976424,0.8756781644751218,1,Connected Democratic Core,9.0,8.0,3.0,7.0,1.0,5.0,1
-1.0762260238758452,-0.043724234485591915,0.08198311306392704,0,Disappointed Democratic Participants,5.0,3.0,1.25,6.333333333333333,2.0,5.0,1
1.211889737465166,0.617847626661005,0.2709538375168943,1,Connected Democratic Core,6.0,6.0,3.0,6.0,1.0,5.0,1
0.8325507610937861,-0.03174014031471707,-1.4064253190300426,1,Connected Democratic Core,5.0,3.0,2.75,7.333333333333333,1.0,2.0,1
-0.6882644837533358,-1.1085838771653773,1.3271258713567096,2,Disengaged Non-voters,6.0,6.0,2.25,3.3333333333333335,1.0,5.0,0
1.4878357072371162,0.16506939748248348,0.7794521272148779,1,Connected Democratic Core,9.0,8.0,1.75,6.0,1.0,5.0,1
1.569911753833411,0.34282687670713896,-0.1658693897313064,1,Connected Democratic Core,6.0,5.0,3.25,7.333333333333333,1.0,4.0,1
-3.334862859992496,1.678218994300783,-1.3750099571658079,0,Disappointed Democratic Participants,1.0,0.0,1.25,1.3333333333333333,1.0,5.0,1
1.9402810883960453,-0.060835240086735645,-0.4936652255419237,1,Connected Democratic Core,7.0,6.0,3.25,6.666666666666667,1.0,3.0,1
0.3772032138032391,0.7298558213862911,0.07204368707189611,1,Connected Democratic Core,6.0,4.0,2.25,6.333333333333333,1.0,5.0,1
0.8817888619810141,-0.6499126353648813,-2.340614511243245,1,Connected Democratic Core,7.0,3.0,2.5,5.666666666666667,1.0,0.0,1
2.447328135712679,1.1266326421346629,1.438359152172234,1,Connected Democratic Core,9.0,4.0,4.25,8.333333333333334,1.0,7.0,1
-0.5468538682394969,0.3080727022251494,0.5090131775427772,0,Disappointed Democratic Participants,8.0,2.0,2.25,5.0,2.0,6.0,1
2.3018996119070874,-0.37434662457590484,1.5421450849666303,1,Connected Democratic Core,10.0,8.0,3.5,6.333333333333333,2.0,6.0,1
0.6459552207320504,0.6949749648541644,0.14523364150482387,1,Connected Democratic Core,5.0,5.0,2.5,6.666666666666667,1.0,5.0,1
1.0350435870761296,0.433937033620818,0.4465994227855068,1,Connected Democratic Core,9.0,5.0,2.0,6.333333333333333,1.0,5.0,1
-0.5733186813396868,1.0966548838015893,-0.44097787445769326,0,Disappointed Democratic Participants,4.0,3.0,2.5,4.333333333333333,1.0,5.0,1
0.3275603545815341,1.5837585011923023,1.4971571529094898,1,Connected Democratic Core,4.0,7.0,2.75,5.0,1.0,8.0,1
1.3498875657597105,-1.742978308522792,-1.0163562649428712,1,Connected Democratic Core,9.0,7.0,2.0,5.666666666666667,2.0,1.0,1
1.6490655338443194,0.4884069787306808,0.46486303215704183,1,Connected Democratic Core,7.0,6.0,3.0,7.0,1.0,5.0,1
-0.5080595268529745,0.41133947922440284,-0.40181322484673015,0,Disappointed Democratic Participants,5.0,2.0,3.75,3.3333333333333335,2.0,5.0,1
0.9556234880339445,0.8453966995784907,0.780067375624964,1,Connected Democratic Core,8.0,5.0,2.5,6.0,1.0,6.0,1
0.16414597892504604,-0.3561819891408958,-0.2610495201958113,1,Connected Democratic Core,5.0,5.0,2.75,5.333333333333333,2.0,4.0,1
2.558594831875756,0.11142865650852124,0.16525837243980407,1,Connected Democratic Core,8.0,7.0,3.75,6.666666666666667,1.0,4.0,1
1.3024872749197092,0.534760094181489,0.38465863824729607,1,Connected Democratic Core,6.0,6.0,2.75,7.0,1.0,5.0,1
-1.3498934451246356,-0.7262934973204793,-3.184389089372195,0,Disappointed Democratic Participants,1.0,1.0,3.25,3.0,2.0,0.0,1
-0.8659328833984551,-0.6033315451586329,1.5875973470139835,2,Disengaged Non-voters,7.0,1.0,2.5,6.333333333333333,1.0,6.0,0
0.8214546341761,0.4290769189171068,-1.1427171696157106,1,Connected Democratic Core,6.0,2.0,3.5,6.0,1.0,3.0,1
1.8746550659366807,0.40758872516349864,0.5572369588096693,1,Connected Democratic Core,9.0,6.0,3.0,6.333333333333333,1.0,5.0,1
1.9066208934308955,-0.16760228931462381,-0.3977070104202808,1,Connected Democratic Core,10.0,5.0,2.75,6.333333333333333,1.0,3.0,1
-3.182836998660473,0.12131415165717958,0.5932945636493172,0,Disappointed Democratic Participants,1.0,1.0,1.0,6.0,3.0,7.0,1
3.1102405528421477,0.33078066746559553,0.7757530410741809,1,Connected Democratic Core,9.0,7.0,4.25,7.333333333333333,1.0,5.0,1
0.7333302923157283,-0.7368512267370781,-0.5940004492724921,1,Connected Democratic Core,7.0,5.0,3.0,5.0,2.0,3.0,1
-0.09406174807851034,0.039205066086814996,0.8418658819721483,0,Disappointed Democratic Participants,8.0,5.0,2.0,4.666666666666667,2.0,6.0,1
0.7619184434242996,-0.13015099060559546,0.3472031824175288,1,Connected Democratic Core,7.0,4.0,3.25,6.333333333333333,2.0,5.0,1
2.8528161915673818,-2.492894512968191,-0.7339145079818195,1,Connected Democratic Core,9.0,7.0,4.75,6.666666666666667,3.0,1.0,1
-0.17902483510891973,0.0006950881672782137,0.16193830534949766,0,Disappointed Democratic Participants,2.0,4.0,2.5,8.333333333333334,2.0,5.0,1
2.2087475673637016,0.16856739332733123,0.0551378601784177,1,Connected Democratic Core,9.0,6.0,3.5,6.0,1.0,4.0,1
-1.5258875777525878,-0.1069518029406268,-0.694229574117218,0,Disappointed Democratic Participants,3.0,3.0,1.5,5.0,2.0,4.0,1
-0.03492509841471485,-1.433136457919643,1.7876171913071561,2,Disengaged Non-voters,6.0,7.0,1.75,6.333333333333333,1.0,5.0,0
-0.6675570671105916,0.009324074162581976,0.04556957899824484,0,Disappointed Democratic Participants,6.0,3.0,2.0,5.333333333333333,2.0,5.0,1
-0.7447693695491651,-0.30409401017118487,-1.1789647069499933,0,Disappointed Democratic Participants,4.0,1.0,2.5,6.333333333333333,2.0,3.0,1
-3.638970815065647,-0.9871101765065587,-0.5771858899507945,0,Disappointed Democratic Participants,0.0,2.0,2.25,1.6666666666666667,4.0,5.0,1
0.8017306011786337,-0.862617164912519,-0.41277781113800227,1,Connected Democratic Core,6.0,5.0,2.5,7.333333333333333,2.0,3.0,1
1.6167995355814528,-0.5609775521386444,-2.3345204346145914,1,Connected Democratic Core,4.0,4.0,3.75,7.0,1.0,0.0,1
2.0747975727798385,0.5876339653034143,1.175799847955136,1,Connected Democratic Core,9.0,7.0,3.0,6.666666666666667,1.0,6.0,1
0.7568308367195061,-1.486174998856689,0.3390485965293156,1,Connected Democratic Core,7.0,6.0,3.0,6.333333333333333,3.0,4.0,1
0.9653107469250235,-0.25364764986870253,0.5070949464742442,1,Connected Democratic Core,8.0,4.0,3.0,7.0,2.0,5.0,1
2.6211715995455482,0.7642890885616371,0.2685970738241758,1,Connected Democratic Core,8.0,3.0,5.0,8.0,1.0,5.0,1
1.2724437160679518,0.6493568483143652,0.2572134999769649,1,Connected Democratic Core,7.0,4.0,3.0,7.333333333333333,1.0,5.0,1
-2.2219708415087815,-2.930254815222365,0.2214554644365906,2,Disengaged Non-voters,2.0,3.0,2.75,4.333333333333333,3.0,3.0,0
1.76999713286804,0.9907517263316679,0.690298301294937,1,Connected Democratic Core,6.0,7.0,4.25,4.666666666666667,1.0,6.0,1
1.095663314325372,-0.601321747170529,0.09842355552989161,1,Connected Democratic Core,7.0,6.0,3.0,6.0,2.0,4.0,1
0.04952896567985348,-0.11938157485673319,0.2712542382007877,0,Disappointed Democratic Participants,8.0,2.0,2.25,7.0,2.0,5.0,1
0.7907971257671172,0.8685640163024316,-0.05264246141462157,1,Connected Democratic Core,7.0,3.0,3.25,5.666666666666667,1.0,5.0,1
-2.4331035554827727,1.2833925004578326,-1.61859515099785,0,Disappointed Democratic Participants,1.0,0.0,1.75,3.3333333333333335,1.0,4.0,1
-1.4365170478886047,0.7348537743826357,-0.004774609373763824,0,Disappointed Democratic Participants,1.0,2.0,2.75,5.666666666666667,2.0,6.0,1
1.2623654055180775,0.27444095624001213,0.6717670582252733,1,Connected Democratic Core,10.0,4.0,1.5,8.666666666666666,1.0,5.0,1
2.632799444485071,-0.7777056664936626,1.2611123095433534,1,Connected Democratic Core,9.0,8.0,3.25,8.666666666666666,2.0,5.0,1
0.3327324198815579,0.8196223414440332,-0.043903079679542635,1,Connected Democratic Core,7.0,3.0,2.5,5.666666666666667,1.0,5.0,1
-1.9799312567626628,-2.6729058877514924,-0.9059245471647064,2,Disengaged Non-voters,3.0,1.0,2.0,5.666666666666667,2.0,1.0,0
0.1514858019828008,1.6890234261600554,1.4171462362504883,0,Disappointed Democratic Participants,4.0,3.0,2.5,8.666666666666666,1.0,8.0,1
0.5709305859264938,-0.60317530766711,0.058734007917619784,1,Connected Democratic Core,7.0,5.0,2.25,6.666666666666667,2.0,4.0,1
0.3964169647685873,0.5190363585040241,-0.5010033999712461,1,Connected Democratic Core,6.0,4.0,2.5,5.333333333333333,1.0,4.0,1
-1.8617365777321646,-0.738307186048595,0.05192471652126018,0,Disappointed Democratic Participants,4.0,3.0,1.5,5.0,3.0,5.0,1
-2.131843811035172,-1.710844160501327,1.1605200685070693,2,Disengaged Non-voters,5.0,3.0,1.75,4.0,2.0,5.0,0
-1.622474426490146,2.0857330750568273,-0.04748439610468307,0,Disappointed Democratic Participants,1.0,2.0,3.0,3.0,1.0,7.0,1
-0.43050456864471787,-0.007405535872636858,0.1095031279333173,0,Disappointed Democratic Participants,4.0,4.0,2.25,6.333333333333333,2.0,5.0,1
0.4673767839934276,0.589742195627601,0.1880855179862974,1,Connected Democratic Core,9.0,5.0,2.0,4.0,1.0,5.0,1
-2.09623676765221,1.3870291956964587,-0.8885694271430186,0,Disappointed Democratic Participants,2.0,0.0,1.5,5.0,1.0,5.0,1
0.1621333818607776,-2.280520293666086,2.0265172900483193,2,Disengaged Non-voters,8.0,6.0,2.5,6.333333333333333,2.0,5.0,0
-0.5050900409100897,-1.895218548517434,1.5598761690957885,2,Disengaged Non-voters,8.0,1.0,2.75,7.666666666666667,2.0,5.0,0
1.0020357595279603,0.5877921972105234,0.30221227831651304,1,Connected Democratic Core,6.0,5.0,2.5,7.333333333333333,1.0,5.0,1
-0.9051220746684244,1.3999876580562978,-0.7860001116299459,0,Disappointed Democratic Participants,3.0,0.0,3.0,5.333333333333333,1.0,5.0,1
-0.4148159217785263,-1.261400966967957,1.550051540775439,2,Disengaged Non-voters,8.0,4.0,1.75,6.0,1.0,5.0,0
0.5602013269814601,0.07453319089166628,-0.7676246766306043,1,Connected Democratic Core,5.0,5.0,2.0,6.666666666666667,1.0,3.0,1
0.05308850250154356,0.26184757455180946,-1.0398789189697433,0,Disappointed Democratic Participants,6.0,3.0,2.0,5.666666666666667,1.0,3.0,1
1.3803135269155085,0.5232878352628074,0.3916730777241142,1,Connected Democratic Core,8.0,5.0,2.75,6.666666666666667,1.0,5.0,1
-1.1081922189424451,-1.971179248564854,1.530820354527675,2,Disengaged Non-voters,6.0,6.0,2.25,3.3333333333333335,2.0,5.0,0
0.09851995646568174,0.11224197610933832,0.7898526641557819,1,Connected Democratic Core,7.0,5.0,2.5,5.0,2.0,6.0,1
1.4498023755489478,-0.5406665325039448,0.8492040564014705,1,Connected Democratic Core,9.0,7.0,2.75,6.0,2.0,5.0,1
-0.6498608264532233,0.023368686869714286,0.06398732583099288,0,Disappointed Democratic Participants,4.0,3.0,2.0,7.0,2.0,5.0,1
0.6079461012468506,0.9382935736254953,-0.1618633301029493,1,Connected Democratic Core,5.0,5.0,3.5,4.0,1.0,5.0,1
1.6026532623503034,0.7460114810986481,0.9427181294654928,1,Connected Democratic Core,9.0,6.0,3.0,5.666666666666667,1.0,6.0,1
2.1837760523685232,-0.21676903944338707,-1.1094691249035775,1,Connected Democratic Core,7.0,6.0,4.0,5.333333333333333,1.0,2.0,1
0.5253141244257501,0.8926592514665566,-0.09591629749590902,1,Connected Democratic Core,6.0,3.0,3.0,6.0,1.0,5.0,1
-0.29222800557124046,1.840035316826383,1.1634048049070602,0,Disappointed Democratic Participants,7.0,1.0,2.5,6.333333333333333,1.0,8.0,1
0.07174540320136852,0.21605310887421283,0.6923236442370911,0,Disappointed Democratic Participants,6.0,4.0,2.75,6.0,2.0,6.0,1
-0.5432751224879295,0.9820581296687133,-0.3135327361873621,0,Disappointed Democratic Participants,3.0,5.0,2.25,4.0,1.0,5.0,1
-1.1918987438506747,1.4814307551875472,-0.13570109771161562,0,Disappointed Democratic Participants,3.0,3.0,2.25,3.6666666666666665,1.0,6.0,1
1.9336809746563637,-0.5356969120256919,-0.7757911217890039,1,Connected Democratic Core,8.0,7.0,2.5,6.333333333333333,1.0,2.0,1
2.719110188501185,-0.3222888897358348,-0.13127902257119478,1,Connected Democratic Core,9.0,7.0,3.25,7.333333333333333,1.0,3.0,1
0.9230468295662368,-0.8558570399634465,2.0177700755242305,1,Connected Democratic Core,10.0,7.0,2.75,5.666666666666667,3.0,7.0,1
-0.1406165421081011,-0.7137001156322768,-1.4727431121771786,0,Disappointed Democratic Participants,5.0,2.0,2.75,6.0,2.0,2.0,1
-0.10295508166567621,-0.8811538856955387,0.41300793683354253,0,Disappointed Democratic Participants,5.0,3.0,3.0,7.666666666666667,3.0,5.0,1
-0.3860337747230365,-0.09717205593037899,0.22544989468475618,0,Disappointed Democratic Participants,3.0,5.0,2.0,7.0,2.0,5.0,1
1.0435851783881465,0.7409607232495491,0.1349234549726971,1,Connected Democratic Core,7.0,3.0,3.0,7.333333333333333,1.0,5.0,1
-3.1412633675973174,1.2235372164539642,0.049156839511135524,0,Disappointed Democratic Participants,2.0,0.0,1.5,3.3333333333333335,2.0,7.0,1
0.04156340504641095,0.009340279781721373,0.09160240486334563,0,Disappointed Democratic Participants,7.0,4.0,3.0,4.0,2.0,5.0,1
-1.2318164253026493,0.47565319802673095,0.2902478936540902,0,Disappointed Democratic Participants,4.0,2.0,2.0,6.0,2.0,6.0,1
1.8097900816924963,-0.034470726010276856,-0.5582699357009856,1,Connected Democratic Core,8.0,6.0,3.25,5.333333333333333,1.0,3.0,1
1.4871413377091103,-0.02411702867716732,-0.5731984582276805,1,Connected Democratic Core,7.0,5.0,2.75,7.0,1.0,3.0,1
0.5361247233822817,0.6961256821809262,0.11598868437717276,1,Connected Democratic Core,8.0,3.0,2.25,6.333333333333333,1.0,5.0,1
-1.2222899332283805,1.3638780845916572,-0.00982676423833227,0,Disappointed Democratic Participants,4.0,3.0,1.75,4.0,1.0,6.0,1
-0.7947790682266962,0.02490296687103906,0.010880987190823492,0,Disappointed Democratic Participants,5.0,4.0,2.0,4.666666666666667,2.0,5.0,1
0.28942650246881607,-0.20392289953912787,0.36744093567149994,1,Connected Democratic Core,7.0,5.0,2.5,5.333333333333333,2.0,5.0,1
0.09402397180450389,0.7399064438432836,0.010352104157860769,0,Disappointed Democratic Participants,7.0,4.0,2.0,5.0,1.0,5.0,1
1.5234994823393948,0.6004313790751062,0.3119857075771446,1,Connected Democratic Core,8.0,5.0,3.25,6.0,1.0,5.0,1
-0.48147495588153233,0.689444782991151,0.910898611359381,0,Disappointed Democratic Participants,3.0,5.0,3.0,5.0,2.0,7.0,1
-1.0279486115479002,-0.29404338771419236,-1.2406562898640285,0,Disappointed Democratic Participants,5.0,1.0,2.25,5.0,2.0,3.0,1
-1.894524993538021,-2.2846135385177604,0.2602532427143364,2,Disengaged Non-voters,3.0,3.0,1.75,5.666666666666667,2.0,3.0,0
-0.15813092232942255,0.8353756716787388,-0.9061464152604863,0,Disappointed Democratic Participants,4.0,3.0,3.0,4.333333333333333,1.0,4.0,1
-2.0024465613486297,1.468279373298533,-0.9959309496205915,0,Disappointed Democratic Participants,3.0,0.0,2.0,3.3333333333333335,1.0,5.0,1
0.025599450738629338,-0.0833821567390345,0.20597836681773662,0,Disappointed Democratic Participants,8.0,3.0,2.5,5.333333333333333,2.0,5.0,1
-0.4017885378080697,-0.27905465094773646,-0.3867697162078816,0,Disappointed Democratic Participants,4.0,4.0,2.25,6.0,2.0,4.0,1
-1.0203878092489351,-0.18703505759679998,-0.5700801829021955,0,Disappointed Democratic Participants,6.0,2.0,1.75,5.0,2.0,4.0,1
-3.175761713722325,-2.8606843948758995,-1.6468168211039724,2,Disengaged Non-voters,2.0,2.0,1.0,2.6666666666666665,2.0,0.0,0
-1.0727130552875603,2.0050434588395136,0.9192073347088071,0,Disappointed Democratic Participants,3.0,2.0,2.25,6.0,1.0,8.0,1
-2.345780026888765,0.5547923286235804,-0.6693703243843314,0,Disappointed Democratic Participants,0.0,0.0,1.75,6.666666666666667,2.0,5.0,1
0.8351052681826292,-0.49156662573843724,-0.03312289497223133,1,Connected Democratic Core,6.0,5.0,3.0,6.666666666666667,2.0,4.0,1
1.1719962682161604,0.5611246082579477,0.32005392808823435,1,Connected Democratic Core,7.0,6.0,2.75,5.666666666666667,1.0,5.0,1
-0.39038634532474864,1.8161145191885066,0.3791238972148254,0,Disappointed Democratic Participants,6.0,0.0,3.25,5.333333333333333,1.0,7.0,1
-2.406673514160675,-1.6539031543083165,-2.2025077751376485,0,Disappointed Democratic Participants,5.0,1.0,1.25,2.6666666666666665,3.0,1.0,1
1.667993756848513,0.5418710057946075,0.3674290764013135,1,Connected Democratic Core,10.0,5.0,3.25,5.0,1.0,5.0,1
0.9987890814541264,-1.7100010006589623,-0.17387771239683897,1,Connected Democratic Core,8.0,4.0,3.25,7.333333333333333,3.0,3.0,1
0.41818522282277854,-0.151609589801963,0.2992519370434227,1,Connected Democratic Core,7.0,6.0,3.0,3.6666666666666665,2.0,5.0,1
0.8938996296491271,1.2709009782432958,1.131953075297169,1,Connected Democratic Core,5.0,5.0,3.0,7.333333333333333,1.0,7.0,1
-0.3492466595553052,1.2407007058238064,0.2428608860708244,0,Disappointed Democratic Participants,4.0,3.0,2.25,6.333333333333333,1.0,6.0,1
0.2866522160652751,-0.5465809266139212,-0.864683886814583,1,Connected Democratic Core,6.0,5.0,3.25,3.3333333333333335,2.0,3.0,1
2.5268953234128184,0.12957990300542904,0.15600196694194873,1,Connected Democratic Core,7.0,7.0,3.75,7.333333333333333,1.0,4.0,1
-1.332078894134662,-0.6507937392840472,0.0033416497126964747,0,Disappointed Democratic Participants,4.0,3.0,2.5,4.666666666666667,3.0,5.0,1
2.2783990675033103,0.37497714754370587,0.6090960391648227,1,Connected Democratic Core,10.0,7.0,3.5,5.0,1.0,5.0,1
0.9554850487307444,0.5240871163531231,0.3067912745215497,1,Connected Democratic Core,8.0,7.0,2.5,3.6666666666666665,1.0,5.0,1
1.2059035732827097,-0.1819043885303999,-1.2286919052016059,1,Connected Democratic Core,7.0,4.0,2.75,6.333333333333333,1.0,2.0,1
0.5739140635527832,-0.34967743908891824,0.564263257556674,1,Connected Democratic Core,8.0,5.0,2.25,6.333333333333333,2.0,5.0,1
-3.553691850583924,-2.5640306081994177,-1.989597092255188,2,Disengaged Non-voters,0.0,0.0,1.5,3.3333333333333335,2.0,0.0,0
-0.791162432113304,0.2462667702318035,-0.21252236620115073,0,Disappointed Democratic Participants,3.0,3.0,2.75,5.333333333333333,2.0,5.0,1
-0.5959640893986481,0.04789584606873139,0.005725893924760071,0,Disappointed Democratic Participants,6.0,3.0,2.25,5.0,2.0,5.0,1
0.28450154727019206,-0.28958278580709457,0.4557135500923356,1,Connected Democratic Core,7.0,6.0,2.25,5.0,2.0,5.0,1
2.8194191970497764,-0.555366232904785,-0.6673955517858785,1,Connected Democratic Core,9.0,7.0,3.5,6.666666666666667,1.0,2.0,1
-2.042554592665861,-1.658227775888045,1.1390941302663324,2,Disengaged Non-voters,3.0,3.0,2.0,5.333333333333333,2.0,5.0,0
-4.611894126749867,0.08246889943215398,-1.1615301854640245,0,Disappointed Democratic Participants,0.0,0.0,1.25,0.3333333333333333,3.0,5.0,1
0.31947006132057354,-0.3185196536720041,0.49488607394183115,1,Connected Democratic Core,6.0,7.0,2.25,5.0,2.0,5.0,1
-1.031407599428215,0.09865867018543202,-0.05538959192824854,0,Disappointed Democratic Participants,4.0,2.0,1.75,7.0,2.0,5.0,1
-1.638297161966554,-3.0976751675052885,-1.2260347822745163,2,Disengaged Non-voters,7.0,0.0,1.75,5.0,2.0,0.0,0
-0.8116794988907919,1.249088410929606,-0.6400421623639043,0,Disappointed Democratic Participants,4.0,2.0,2.75,3.6666666666666665,1.0,5.0,1
-2.2884516327405766,1.8388979884377223,-0.6012884376298754,0,Disappointed Democratic Participants,0.0,0.0,2.0,5.0,1.0,6.0,1
1.4426705437874288,0.06564949138057487,-0.6891452249791193,1,Connected Democratic Core,8.0,4.0,3.0,6.333333333333333,1.0,3.0,1
-0.12874473416773735,-0.196141555994469,0.32708022683523896,0,Disappointed Democratic Participants,6.0,5.0,2.0,5.666666666666667,2.0,5.0,1
1.11131752846903,-1.1933703594613385,0.8365096256572802,1,Connected Democratic Core,9.0,5.0,3.5,6.333333333333333,3.0,5.0,1
1.0643927763998808,0.13015385332829088,-0.7786060243867204,1,Connected Democratic Core,6.0,4.0,2.75,7.0,1.0,3.0,1
1.4821350424989883,-0.59095184421828,0.12952785886829749,1,Connected Democratic Core,7.0,6.0,3.5,6.333333333333333,2.0,4.0,1
3.1232018205937626,-0.1227510426268615,-0.3327394139596558,1,Connected Democratic Core,10.0,6.0,4.5,6.0,1.0,3.0,1
-2.471392985682654,-0.4763050191096501,0.4946683964256467,2,Disengaged Non-voters,3.0,0.0,2.0,4.666666666666667,1.0,5.0,0
-2.9944142078266336,-0.1454939802895356,-2.402291262843219,0,Disappointed Democratic Participants,0.0,1.0,1.5,2.3333333333333335,2.0,2.0,1
1.5346769207517525,0.9288035125532631,0.7591584611470036,1,Connected Democratic Core,7.0,5.0,3.5,6.666666666666667,1.0,6.0,1
1.2039620957103752,-0.014066406220174703,-0.6348900411417159,1,Connected Democratic Core,8.0,5.0,2.5,5.666666666666667,1.0,3.0,1
-0.01400849054922188,-0.4043886650882852,-0.2205346738983372,0,Disappointed Democratic Participants,6.0,4.0,2.25,6.0,2.0,4.0,1
-0.3175279421624902,1.5153057373619199,0.7407045350090712,0,Disappointed Democratic Participants,2.0,5.0,2.5,6.0,1.0,7.0,1
-0.3367609020577158,1.4333689222091655,0.825164378611822,0,Disappointed Democratic Participants,5.0,3.0,2.0,6.666666666666667,1.0,7.0,1
0.9928811101826093,0.8807712741321222,-0.027881436329044634,1,Connected Democratic Core,6.0,3.0,3.5,6.666666666666667,1.0,5.0,1
3.2772747117125873,-0.417264399549785,0.05046063932607144,1,Connected Democratic Core,9.0,7.0,3.5,9.0,1.0,3.0,1
0.3579323350293621,1.4085548937531711,0.8826955759958149,1,Connected Democratic Core,6.0,5.0,3.0,4.333333333333333,1.0,7.0,1
-0.7870798266245309,0.4532208802137991,1.1547331952560709,0,Disappointed Democratic Participants,6.0,3.0,1.5,7.0,2.0,7.0,1
-1.4037187791355696,-1.832487259267853,1.3601013801760566,2,Disengaged Non-voters,6.0,4.0,2.25,4.0,2.0,5.0,0
-1.1507211677194062,0.45339531774004765,0.32717845148254865,0,Disappointed Democratic Participants,4.0,2.0,2.0,6.333333333333333,2.0,6.0,1
1.05135517190986,0.75880889487034,0.07890398908750139,1,Connected Democratic Core,8.0,4.0,3.25,5.0,1.0,5.0,1
-0.9288053995489662,0.6190928702967141,0.8805605334079268,0,Disappointed Democratic Participants,8.0,4.0,2.25,2.0,2.0,7.0,1
-3.840457960191051,-1.2829285766362184,0.5714544985977763,2,Disengaged Non-voters,0.0,0.0,1.0,5.666666666666667,2.0,5.0,0
0.3229392412036263,-2.014208805697063,1.714265225174483,2,Disengaged Non-voters,9.0,5.0,3.75,4.0,2.0,5.0,0
1.4756975802654757,0.2045506058258905,-0.05617083706973399,1,Connected Democratic Core,8.0,6.0,2.75,5.666666666666667,1.0,4.0,1
1.933762286151035,0.25349228068428886,-0.06491021880481293,1,Connected Democratic Core,8.0,6.0,3.5,5.666666666666667,1.0,4.0,1
-2.14526567731669,1.9160415322500213,-0.6809758077768449,0,Disappointed Democratic Participants,0.0,0.0,2.5,4.333333333333333,1.0,6.0,1
-0.6052000502386711,-0.4483142697196506,-1.0352487237049888,0,Disappointed Democratic Participants,6.0,2.0,2.25,5.0,2.0,3.0,1
1.2707114297183655,0.7280346721279889,0.12441979118982578,1,Connected Democratic Core,8.0,5.0,3.5,4.333333333333333,1.0,5.0,1
0.24981856118096504,-0.5249294078883785,-0.05907210504457385,1,Connected Democratic Core,5.0,6.0,2.25,6.0,2.0,4.0,1
1.3264633295775126,-0.860763604415938,-0.3730882635257303,1,Connected Democratic Core,6.0,6.0,3.25,6.666666666666667,2.0,3.0,1
1.74644819257515,-0.46604784250107434,-0.8143875485774728,1,Connected Democratic Core,6.0,5.0,2.25,9.666666666666666,1.0,2.0,1
-0.05962495204996571,1.0914458940453813,-0.37518497931186595,0,Disappointed Democratic Participants,5.0,2.0,3.0,5.333333333333333,1.0,5.0,1
-0.3824121353365522,0.7804900081531233,-0.8633896029419752,0,Disappointed Democratic Participants,4.0,3.0,2.5,4.666666666666667,1.0,4.0,1
-1.0610029788126485,1.2193360563552413,-0.5620206611769449,0,Disappointed Democratic Participants,2.0,0.0,2.0,8.0,1.0,5.0,1
-1.6574671527434963,1.165615404163978,0.29019198084018716,0,Disappointed Democratic Participants,2.0,0.0,3.0,5.666666666666667,2.0,7.0,1
0.23124297197581156,0.3100542504991988,-1.0803937652672173,1,Connected Democratic Core,5.0,4.0,2.5,5.0,1.0,3.0,1
0.5913247762489968,-0.07134933643559245,1.0582941356768358,1,Connected Democratic Core,9.0,4.0,2.25,7.0,2.0,6.0,1
1.3279343001689135,0.27389660047439107,-0.14153032424554327,1,Connected Democratic Core,8.0,5.0,2.75,6.0,1.0,4.0,1
1.1749797458424498,0.8146224768361396,0.8255831777272884,1,Connected Democratic Core,8.0,6.0,2.75,5.333333333333333,1.0,6.0,1
-2.147760858053989,-0.6604448489444265,-0.042020014928415055,0,Disappointed Democratic Participants,4.0,1.0,1.25,6.333333333333333,3.0,5.0,1
-0.36524538564117953,-1.0007352038866584,-1.176666828115053,0,Disappointed Democratic Participants,5.0,4.0,1.5,6.333333333333333,2.0,2.0,1
0.946224875687752,-0.921177538193018,-0.3573344423138333,1,Connected Democratic Core,8.0,5.0,2.5,6.333333333333333,2.0,3.0,1
1.4122793544097232,-0.05190317921531508,-0.563270891505836,1,Connected Democratic Core,9.0,4.0,2.5,6.666666666666667,1.0,3.0,1
1.809048252407194,1.1687689684487539,2.096726386601654,1,Connected Democratic Core,8.0,8.0,3.0,6.333333333333333,1.0,8.0,1
-1.2343243926749132,-0.4240445970292772,-1.9060773035597984,0,Disappointed Democratic Participants,3.0,1.0,2.5,4.666666666666667,2.0,2.0,1
-0.11897613526516046,-0.8140109761685165,-0.5603459049906232,0,Disappointed Democratic Participants,6.0,4.0,1.5,7.0,2.0,3.0,1
1.1608759576123315,-0.2351271347048222,-0.36472362736240116,1,Connected Democratic Core,8.0,5.0,1.5,8.0,1.0,3.0,1
1.8337195966337205,-0.0704701441279756,-0.4929940643179346,1,Connected Democratic Core,8.0,5.0,3.0,7.0,1.0,3.0,1
-0.11431749909781316,-0.17131132191933504,0.3155818553163467,0,Disappointed Democratic Participants,6.0,4.0,2.0,6.666666666666667,2.0,5.0,1
0.05752238459792738,-0.8622498078570956,-0.48267201851562125,1,Connected Democratic Core,3.0,7.0,1.75,6.666666666666667,2.0,3.0,1
2.018107340391844,-0.07230749900541718,-0.48665078606510564,1,Connected Democratic Core,9.0,5.0,3.25,6.333333333333333,1.0,3.0,1
0.11936232625550867,1.650148579377789,1.4102268609366329,0,Disappointed Democratic Participants,6.0,4.0,2.5,6.0,1.0,8.0,1
-0.15848756978251036,-0.9925171252104831,1.2632316622111686,2,Disengaged Non-voters,9.0,2.0,3.0,5.0,1.0,5.0,0
-0.6164861594492281,0.39441922604379603,0.4436422419967637,0,Disappointed Democratic Participants,4.0,3.0,2.5,6.333333333333333,2.0,6.0,1
-0.25888811034533776,0.06237238281075587,0.009156044932562656,0,Disappointed Democratic Participants,7.0,3.0,2.75,4.333333333333333,2.0,5.0,1
1.5126075718881917,0.007775755650755901,-0.6108001772801283,1,Connected Democratic Core,6.0,6.0,3.0,6.333333333333333,1.0,3.0,1
2.0319206259045433,0.2774130783221653,0.7193706888874218,1,Connected Democratic Core,9.0,7.0,2.75,6.666666666666667,1.0,5.0,1
-0.2583014915748136,1.3897625980730566,0.10324621505761174,0,Disappointed Democratic Participants,4.0,1.0,2.75,7.333333333333333,1.0,6.0,1
0.9269192251357826,-2.3911919390158474,-1.0805862295301831,1,Connected Democratic Core,8.0,8.0,3.0,3.0,3.0,1.0,1
-0.4895254740913084,1.5921783620392913,0.5770950642972333,0,Disappointed Democratic Participants,8.0,2.0,2.5,3.3333333333333335,1.0,7.0,1
-1.9778280477248762,-1.5374779079396372,1.7813249236735729,2,Disengaged Non-voters,4.0,5.0,1.75,4.0,2.0,6.0,0
-1.5430683191313657,-0.8857824872208737,1.0752077953593242,2,Disengaged Non-voters,4.0,1.0,1.5,8.0,1.0,5.0,0
1.0099336327777508,-0.272708982375268,-1.1912836633999027,1,Connected Democratic Core,7.0,7.0,2.5,3.3333333333333335,1.0,2.0,1
0.3627759787333149,0.705025587311157,0.0835420585907884,1,Connected Democratic Core,6.0,5.0,2.25,5.333333333333333,1.0,5.0,1
-2.1603502830766863,0.9742908246345559,0.43630406756744156,0,Disappointed Democratic Participants,3.0,1.0,1.75,5.0,2.0,7.0,1
-1.5760813639260072,1.535372294653839,-1.0139267368535259,0,Disappointed Democratic Participants,2.0,0.0,2.75,4.0,1.0,5.0,1
1.857035162017719,0.21842078100677428,0.7898016535365363,1,Connected Democratic Core,8.0,7.0,2.25,8.0,1.0,5.0,1
0.9973007866222071,0.12021587441093408,-0.8246979235500717,1,Connected Democratic Core,9.0,4.0,2.75,4.333333333333333,1.0,3.0,1
1.3232756640015662,-0.3688030537747903,-1.0174580845525134,1,Connected Democratic Core,8.0,5.0,2.25,6.333333333333333,1.0,2.0,1
-1.9887146158474283,1.3368250213529695,0.8245442280070785,0,Disappointed Democratic Participants,3.0,2.0,2.5,3.3333333333333335,2.0,8.0,1
-0.9442545057022504,0.43278122322923074,-2.903309099920854,0,Disappointed Democratic Participants,1.0,0.0,3.25,4.333333333333333,1.0,1.0,1
1.9909851566015826,-0.20064579096930887,-0.330860334240182,1,Connected Democratic Core,8.0,6.0,2.75,7.333333333333333,1.0,3.0,1
1.5284436464678968,0.9788475433780941,0.7123003365967007,1,Connected Democratic Core,5.0,6.0,3.75,6.666666666666667,1.0,6.0,1
-0.593165590792138,1.3396084119012837,0.8610018156164773,0,Disappointed Democratic Participants,7.0,4.0,1.5,4.333333333333333,1.0,7.0,1
-1.168004000687543,-0.7032821361198606,-1.6043289024688332,0,Disappointed Democratic Participants,3.0,4.0,1.75,4.0,2.0,2.0,1
0.7875473291095505,1.1721059157054543,0.4060286636741296,1,Connected Democratic Core,6.0,4.0,3.5,5.333333333333333,1.0,6.0,1
-0.875526695283991,0.2793102718864885,-0.27936904238124943,0,Disappointed Democratic Participants,5.0,2.0,2.75,4.333333333333333,2.0,5.0,1
-0.018770794241676884,0.7803155706268748,-0.03583485916845302,0,Disappointed Democratic Participants,6.0,4.0,2.0,5.333333333333333,1.0,5.0,1
-1.0447307318793906,0.9915972016736746,1.277733552833387,0,Disappointed Democratic Participants,9.0,1.0,2.25,4.0,2.0,8.0,1
3.9385361539871413,-0.34524935769524834,-0.03405827757493,1,Connected Democratic Core,10.0,10.0,5.0,4.333333333333333,1.0,3.0,1
-0.7034058497494756,0.9201910532611548,2.188117276347975,0,Disappointed Democratic Participants,7.0,6.0,1.75,4.0,2.0,9.0,1
-0.07828277279050791,1.1701421998619312,1.0772365920704203,0,Disappointed Democratic Participants,7.0,7.0,1.75,3.0,1.0,7.0,1
0.22945914263655437,1.0919580940698126,0.4752714433364784,1,Connected Democratic Core,3.0,5.0,2.5,7.0,1.0,6.0,1
-2.436825743810632,-0.36820077093383674,-0.40388919413636787,0,Disappointed Democratic Participants,3.0,0.0,2.0,5.0,3.0,5.0,1
0.24074525184711154,0.24922459830636615,-1.003619522365274,1,Connected Democratic Core,5.0,4.0,2.25,5.666666666666667,1.0,3.0,1
-1.327100297283627,-0.9343243937855696,1.1061186214469854,2,Disengaged Non-voters,3.0,5.0,2.0,4.666666666666667,1.0,5.0,0
-1.2078819070883338,1.09595204063177,-0.509912379197616,0,Disappointed Democratic Participants,7.0,0.0,1.5,4.666666666666667,1.0,5.0,1
1.7587489425361338,1.07284933457548,1.442997221675521,1,Connected Democratic Core,7.0,5.0,3.25,8.666666666666666,1.0,7.0,1
1.6396669214981274,-1.278167259040828,-0.6725387857817554,1,Connected Democratic Core,7.0,6.0,3.0,7.333333333333333,2.0,2.0,1
-3.0249332769324164,0.6153027003211569,-0.8389404535387159,0,Disappointed Democratic Participants,1.0,0.0,1.25,4.333333333333333,2.0,5.0,1
0.5405741683268807,1.427985494926709,1.7185120175311714,1,Connected Democratic Core,8.0,3.0,2.0,8.333333333333334,1.0,8.0,1
-0.028169406587868918,-0.986258667144634,-1.1732366771072504,1,Connected Democratic Core,6.0,4.0,2.0,5.666666666666667,2.0,2.0,1
-1.0803551690811968,1.1088459360121405,-0.4622496752372169,0,Disappointed Democratic Participants,2.0,2.0,1.75,6.666666666666667,1.0,5.0,1
1.251416367258346,0.14966494230027488,-0.013414024751222843,1,Connected Democratic Core,8.0,6.0,2.25,6.0,1.0,4.0,1
0.03017677541130508,-0.22987169519983394,0.37102522414051564,1,Connected Democratic Core,8.0,4.0,2.0,5.666666666666667,2.0,5.0,1
-0.7548855989776906,0.08162598527409627,-0.038219103380516616,0,Disappointed Democratic Participants,4.0,4.0,2.25,5.0,2.0,5.0,1
-0.23195590884794662,0.5726271113062701,1.0685484093950592,0,Disappointed Democratic Participants,5.0,4.0,2.75,6.0,2.0,7.0,1
-1.8739171611880099,1.3498984036362314,2.3585125157470888,0,Disappointed Democratic Participants,8.0,5.0,1.0,1.6666666666666667,2.0,10.0,1
0.8607341538678802,0.8106902805726126,0.025702586284369486,1,Connected Democratic Core,5.0,5.0,3.25,5.666666666666667,1.0,5.0,1
-0.44356638533770776,-0.32780503308834674,1.3438620422019047,0,Disappointed Democratic Participants,6.0,3.0,2.75,7.0,3.0,7.0,1
-0.194646715192785,-0.4032385973339234,-2.7531939256091174,0,Disappointed Democratic Participants,6.0,3.0,2.25,2.6666666666666665,1.0,0.0,1
0.9288141629915386,-1.1995056408463438,-0.8513653204339953,1,Connected Democratic Core,7.0,6.0,2.5,5.666666666666667,2.0,2.0,1
-1.476329177126113,1.1593056852527241,-0.570128221477566,0,Disappointed Democratic Participants,2.0,2.0,1.5,5.666666666666667,1.0,5.0,1
0.3743010476716213,1.26554714551808,0.27739534041703295,1,Connected Democratic Core,5.0,3.0,3.25,6.0,1.0,6.0,1
-1.6862594918017246,1.3043735872518347,-0.7898522222375624,0,Disappointed Democratic Participants,5.0,0.0,1.75,3.6666666666666665,1.0,5.0,1
0.12439094897924059,-0.09159542431858543,0.2613266714789432,1,Connected Democratic Core,6.0,3.0,2.5,7.333333333333333,2.0,5.0,1
0.9936791472357233,-0.7574461896725684,0.26414157407665984,1,Connected Democratic Core,8.0,6.0,2.25,6.666666666666667,2.0,4.0,1
0.7524975035644976,0.41185359086038315,-0.3440247631595569,1,Connected Democratic Core,7.0,4.0,2.5,6.0,1.0,4.0,1
-0.00599950878293282,0.7087002970660404,0.07085550208513063,0,Disappointed Democratic Participants,4.0,5.0,1.75,6.666666666666667,1.0,5.0,1
-1.8342698819996865,2.223515627916571,0.5775759087548256,0,Disappointed Democratic Participants,2.0,2.0,2.25,3.6666666666666665,1.0,8.0,1
1.5804560337586657,0.7033330754027232,1.0102359668695808,1,Connected Democratic Core,8.0,6.0,2.75,7.0,1.0,6.0,1
-0.5486724693568465,-1.0587369273939458,0.5307747100062045,0,Disappointed Democratic Participants,6.0,5.0,2.0,5.666666666666667,3.0,5.0,1
1.7545850255526898,0.07670603188350374,-0.6351392427658913,1,Connected Democratic Core,4.0,6.0,3.5,7.666666666666667,1.0,3.0,1
1.8459855748166123,-0.68028644024113,0.2304870297947909,1,Connected Democratic Core,9.0,7.0,3.75,4.666666666666667,2.0,4.0,1
-0.5330775815647324,1.3855273269334127,-0.7433974367726477,0,Disappointed Democratic Participants,3.0,1.0,3.5,4.666666666666667,1.0,5.0,1
-2.948462251310813,-0.4035873895823832,0.34985929235683905,2,Disengaged Non-voters,3.0,0.0,1.75,3.3333333333333335,1.0,5.0,0
1.8907226877695706,-1.327092728280087,-0.6177665781815757,1,Connected Democratic Core,8.0,7.0,3.25,6.0,2.0,2.0,1
1.214563474927332,0.18657444642763127,1.6289451192377278,1,Connected Democratic Core,10.0,4.0,3.0,7.333333333333333,2.0,7.0,1
1.561717793047343,0.2679526118071739,-0.10751289366211116,1,Connected Democratic Core,8.0,5.0,3.0,6.333333333333333,1.0,4.0,1
-2.5975260794558395,1.10373147256488,0.24239487292729395,0,Disappointed Democratic Participants,2.0,1.0,1.75,4.0,2.0,7.0,1
-1.7800496981053058,1.2231234096497605,-0.6824906997599894,0,Disappointed Democratic Participants,4.0,0.0,1.25,5.333333333333333,1.0,5.0,1
0.3389849030952912,1.0623345886542233,0.4915422883111519,1,Connected Democratic Core,6.0,4.0,2.5,6.0,1.0,6.0,1
-2.4115636975812067,0.40915043261342593,-0.580331484576544,0,Disappointed Democratic Participants,5.0,0.0,1.25,3.6666666666666665,2.0,5.0,1
-0.29737271156773665,0.643876654623068,0.06752041524029041,0,Disappointed Democratic Participants,7.0,5.0,1.25,4.333333333333333,1.0,5.0,1
-0.7132083003894277,-0.6435548398934605,-1.6429844025555524,0,Disappointed Democratic Participants,5.0,3.0,2.5,3.3333333333333335,2.0,2.0,1
-3.9899535266371995,-1.134904758174094,0.3533013026348281,2,Disengaged Non-voters,1.0,0.0,1.5,3.0,2.0,5.0,0
0.6998277455836562,-0.22955241470457752,0.4638211103929568,1,Connected Democratic Core,7.0,4.0,2.75,7.333333333333333,2.0,5.0,1
1.0767158823913008,-0.9475420522694767,-0.2927297321547715,1,Connected Democratic Core,7.0,5.0,2.5,7.666666666666667,2.0,3.0,1
-0.04742107643186841,-0.014803316742732707,0.12600245525706005,0,Disappointed Democratic Participants,3.0,7.0,3.0,4.0,2.0,5.0,1
-2.1268943045780193,2.134530556518618,1.5268398867174031,0,Disappointed Democratic Participants,3.0,0.0,3.25,3.6666666666666665,2.0,10.0,1
-1.8007102074590857,1.2483372063994576,-0.7178504527914001,0,Disappointed Democratic Participants,2.0,2.0,1.5,4.333333333333333,1.0,5.0,1
-1.0122975159879746,1.7152430972675063,0.43219089606546335,0,Disappointed Democratic Participants,4.0,2.0,2.25,5.0,1.0,7.0,1
-2.3795246804491454,2.5681854473950545,0.9758027092145573,0,Disappointed Democratic Participants,0.0,1.0,1.75,5.666666666666667,1.0,9.0,1
-0.13358837787169003,0.507387750447545,1.1262337442402652,0,Disappointed Democratic Participants,6.0,5.0,2.75,4.666666666666667,2.0,7.0,1
0.01488940072347294,0.887082619854763,-0.13179307429009599,0,Disappointed Democratic Participants,3.0,5.0,2.5,5.666666666666667,1.0,5.0,1
-1.5732605378058873,0.5185060412489043,-0.6048246875235201,0,Disappointed Democratic Participants,3.0,1.0,2.75,4.0,2.0,5.0,1
-3.7230616857860515,-0.2127584396860148,1.7311740241118365,2,Disengaged Non-voters,1.0,1.0,2.5,2.0,2.0,8.0,0
-3.3156662900237044,1.7018082046708463,-1.385237405078672,0,Disappointed Democratic Participants,0.0,0.0,1.3333333333333333,2.0,1.0,5.0,1
-2.4766950008566684,0.5241307494208651,-0.7316380043593936,0,Disappointed Democratic Participants,4.0,1.0,1.75,2.0,2.0,5.0,1
1.1593013194958228,0.4576165503691902,0.46434600839426565,1,Connected Democratic Core,6.0,6.0,2.25,7.666666666666667,1.0,5.0,1
1.922584847738677,-0.0748798527938679,-0.5120829723746719,1,Connected Democratic Core,9.0,6.0,3.25,5.0,1.0,3.0,1
0.5583411609037967,1.0315603659118722,0.5370580904134763,1,Connected Democratic Core,6.0,5.0,2.75,5.333333333333333,1.0,6.0,1
1.162122145615943,-0.5592497030357448,0.8734480577242713,1,Connected Democratic Core,7.0,7.0,2.25,7.666666666666667,2.0,5.0,1
-1.5000737130475577,0.1570904061160626,-0.9851507649132802,0,Disappointed Democratic Participants,2.0,2.0,2.5,4.333333333333333,2.0,4.0,1
-1.5859852550312257,-1.0774172291068245,-2.8598724275925145,0,Disappointed Democratic Participants,5.0,2.0,1.75,1.6666666666666667,2.0,0.0,1
-0.7408581189691522,0.9984846648278153,-0.42422934550977515,0,Disappointed Democratic Participants,7.0,5.0,2.25,0.0,1.0,5.0,1
1.6949259583459042,1.0521257342901214,1.4268214408638102,1,Connected Democratic Core,8.0,6.0,3.25,6.666666666666667,1.0,7.0,1
0.6269072398566041,-0.4251765475529504,-0.12005318694508839,1,Connected Democratic Core,8.0,2.0,2.75,7.666666666666667,2.0,4.0,1
-1.1957491509621703,-2.1024734569917594,1.685040001555551,2,Disengaged Non-voters,7.0,5.0,1.5,5.0,2.0,5.0,0
-1.1425029947303689,1.4773241213977717,-0.10802694538101229,0,Disappointed Democratic Participants,2.0,3.0,2.25,4.666666666666667,1.0,6.0,1
0.006385699773281166,0.12743730614323237,0.779025453860879,0,Disappointed Democratic Participants,8.0,3.0,2.25,6.333333333333333,2.0,6.0,1
-0.10293086946270724,0.06790065306222028,0.03615903603917669,0,Disappointed Democratic Participants,5.0,4.0,3.0,5.0,2.0,5.0,1
2.6236690073426887,0.46432794918569525,0.55416969410343,1,Connected Democratic Core,9.0,7.0,4.25,5.333333333333333,1.0,5.0,1
-1.653466226321781,-1.9192657071213917,1.4404599115470154,2,Disengaged Non-voters,7.0,3.0,1.5,5.0,2.0,5.0,0
0.12692312855447374,1.7571569094951816,2.0808029678984656,0,Disappointed Democratic Participants,7.0,5.0,2.0,6.0,1.0,9.0,1
0.14015071533736556,0.7465854314215099,0.00811013813682364,1,Connected Democratic Core,8.0,3.0,2.0,5.333333333333333,1.0,5.0,1
0.6571134502145305,0.7305908202973,0.10381915163429124,1,Connected Democratic Core,7.0,3.0,2.5,7.0,1.0,5.0,1
1.8016724291280084,0.023545941077000962,1.076403607587158,1,Connected Democratic Core,7.0,6.0,4.25,6.666666666666667,2.0,6.0,1
-1.1428940463891641,0.0033638798762253962,0.033554183716576334,0,Disappointed Democratic Participants,5.0,2.0,1.25,7.0,2.0,5.0,1
0.694902790385032,-0.3152123009725444,0.5520937248137924,1,Connected Democratic Core,7.0,5.0,2.5,7.0,2.0,5.0,1
1.6428130506305862,0.24569473152049062,-0.07058233583365262,1,Connected Democratic Core,8.0,5.0,3.0,6.666666666666667,1.0,4.0,1
3.2070905735104245,0.4904053821962698,1.4249032097952772,1,Connected Democratic Core,8.0,8.0,4.0,8.666666666666666,1.0,6.0,1
1.766437624563176,0.3015083134862902,0.6760968528061345,1,Connected Democratic Core,8.0,7.0,2.5,7.0,1.0,5.0,1
1.4325301021559342,-0.49768505193190304,0.828449279384723,1,Connected Democratic Core,8.0,6.0,2.75,7.666666666666667,2.0,5.0,1
2.3107888622618797,-0.14318777365524263,-0.3481849602491268,1,Connected Democratic Core,8.0,5.0,3.25,8.333333333333334,1.0,3.0,1
0.3812233206380063,-1.7542547484272226,3.0362334668784494,2,Disengaged Non-voters,8.0,8.0,3.0,5.0,2.0,7.0,0
-0.9533529472797901,0.29078253080517,-0.28638348185806756,0,Disappointed Democratic Participants,3.0,3.0,2.75,4.666666666666667,2.0,5.0,1
-0.8786951519300598,1.0640271005626571,-0.4351516199676406,0,Disappointed Democratic Participants,4.0,3.0,2.0,4.333333333333333,1.0,5.0,1
-1.1184127129723345,-0.5459445327320468,-0.01564884525625858,0,Disappointed Democratic Participants,2.0,0.0,2.75,9.333333333333334,3.0,5.0,1
1.1546700141151771,-1.8373636623947405,-1.723191768509173,1,Connected Democratic Core,9.0,5.0,2.25,5.666666666666667,2.0,0.0,1
2.316326846977012,-0.3495163905007709,1.530646713447738,1,Connected Democratic Core,10.0,7.0,3.5,7.333333333333333,2.0,6.0,1
0.9986283146373163,0.27726823535315753,-0.2009799411385417,1,Connected Democratic Core,8.0,6.0,2.5,4.333333333333333,1.0,4.0,1
-0.22896742794856564,1.4824232406071998,0.7086415147993562,0,Disappointed Democratic Participants,9.0,3.0,2.5,2.6666666666666665,1.0,7.0,1
-0.2700928795443968,1.3862808078473483,0.8735933079591728,0,Disappointed Democratic Participants,5.0,4.0,2.0,6.0,1.0,7.0,1
-0.37165866418854937,1.0518360483521059,-0.4138798191881168,0,Disappointed Democratic Participants,6.0,4.0,2.75,2.0,1.0,5.0,1
2.396670635740547,-0.4010953508993269,-0.8728031179449184,1,Connected Democratic Core,8.0,6.0,3.5,6.666666666666667,1.0,2.0,1
-0.22855902353242594,-0.31650786126831376,-0.33901194808452007,0,Disappointed Democratic Participants,3.0,6.0,2.5,5.0,2.0,4.0,1
0.07853052447765617,-0.6553141798780264,-0.700631737227825,1,Connected Democratic Core,5.0,3.0,2.25,7.666666666666667,2.0,3.0,1
-2.9324513897140667,0.8322567950160289,-1.0814327149874277,0,Disappointed Democratic Participants,0.0,0.0,2.25,3.0,2.0,5.0,1
-1.0760168326530966,-0.13288439298219343,-0.6446124597831018,0,Disappointed Democratic Participants,5.0,3.0,2.0,4.0,2.0,4.0,1
0.93839775435751,-0.4711461003291957,-0.06371017454786096,1,Connected Democratic Core,7.0,5.0,3.25,5.666666666666667,2.0,4.0,1
1.4251319513631382,0.6656707399338313,0.2543003727319386,1,Connected Democratic Core,7.0,4.0,3.25,7.333333333333333,1.0,5.0,1
-0.6037098707173925,0.9791022132056996,-0.31510354098440985,0,Disappointed Democratic Participants,5.0,3.0,2.0,4.666666666666667,1.0,5.0,1
-0.1763076765139078,0.8112327247266848,1.631667929716357,0,Disappointed Democratic Participants,3.0,5.0,2.75,7.333333333333333,2.0,8.0,1
-1.3245180918356967,-0.5437854091666545,0.6739177566745296,0,Disappointed Democratic Participants,5.0,4.0,2.0,4.666666666666667,3.0,6.0,1
-1.0055940737787443,-2.447959412752098,-1.1777521161498459,2,Disengaged Non-voters,5.0,4.0,1.5,4.333333333333333,1.0,0.0,0
0.8462827065949867,-0.16319449226028035,0.41404985859762755,1,Connected Democratic Core,5.0,5.0,3.25,7.333333333333333,2.0,5.0,1
-0.0659122070417916,-1.2999798263545177,-2.444534023442829,1,Connected Democratic Core,6.0,3.0,2.75,3.6666666666666665,2.0,0.0,1
-2.238119774836342,-1.9847625544887604,0.6855780984436447,2,Disengaged Non-voters,3.0,3.0,1.5,5.333333333333333,2.0,4.0,0
1.7459155545125962,0.6480316934613548,1.1140132008781383,1,Connected Democratic Core,6.0,7.0,2.75,8.333333333333334,1.0,6.0,1
2.4539748176857663,-0.06604422984294374,-0.4278723303960965,1,Connected Democratic Core,8.0,5.0,3.75,7.666666666666667,1.0,3.0,1
-2.7530597206465006,-1.347416732964795,0.7069481238704783,2,Disengaged Non-voters,3.0,1.0,2.25,3.6666666666666665,2.0,5.0,0
1.4041046025535322,0.16597883391974105,-0.016327151996249192,1,Connected Democratic Core,8.0,6.0,2.5,6.0,1.0,4.0,1
-0.18788895322002494,0.6856889358654216,-1.5092046848182312,0,Disappointed Democratic Participants,2.0,2.0,3.25,5.666666666666667,1.0,3.0,1
2.47236542787114,0.13718680902383926,0.9431960018792099,1,Connected Democratic Core,8.0,8.0,2.75,8.333333333333334,1.0,5.0,1
0.9735097109841834,0.4775248757540004,-0.4166976938297083,1,Connected Democratic Core,9.0,3.0,3.0,5.0,1.0,4.0,1
-1.8535895242350608,-1.8065546692262862,1.3104842658419402,2,Disengaged Non-voters,4.0,4.0,1.75,5.0,2.0,5.0,0
-1.8055780633660072,1.0028119740837125,0.4581519654079923,0,Disappointed Democratic Participants,2.0,1.0,2.25,6.0,2.0,7.0,1
1.4009584734210738,-1.3578831566415777,-0.618283601944352,1,Connected Democratic Core,7.0,7.0,2.5,6.666666666666667,2.0,2.0,1
-1.8083229203201072,-0.6580911325183291,0.7939256298713995,2,Disengaged Non-voters,0.0,3.0,2.25,6.333333333333333,1.0,5.0,0
-1.1892871089533028,0.5537246602792139,0.9999965244654186,0,Disappointed Democratic Participants,4.0,4.0,1.5,6.0,2.0,7.0,1
-0.904161386109141,1.0321343162347338,-0.3975499009151928,0,Disappointed Democratic Participants,5.0,2.0,1.75,5.0,1.0,5.0,1
0.4281164732315249,0.5008851120071163,-0.49174699447339076,1,Connected Democratic Core,7.0,4.0,2.5,4.666666666666667,1.0,4.0,1
1.3228814652422123,1.0665860654130066,1.384218766006512,1,Connected Democratic Core,8.0,5.0,2.75,7.333333333333333,1.0,7.0,1
0.582746186099046,0.3493610213163573,-1.088461985778307,1,Connected Democratic Core,6.0,3.0,3.0,5.333333333333333,1.0,3.0,1
-2.8530312906718818,0.42079712905835603,-1.4149006678268845,0,Disappointed Democratic Participants,1.0,0.0,1.75,3.3333333333333335,2.0,4.0,1
1.014730708248298,0.6913002550992811,0.15792019801048163,1,Connected Democratic Core,7.0,5.0,3.0,5.333333333333333,1.0,5.0,1
-0.1413341591904346,1.4385941175845132,0.8054043093310954,0,Disappointed Democratic Participants,5.0,5.0,2.5,4.333333333333333,1.0,7.0,1
0.2704219427262163,-0.08226359515346245,0.21389244986761335,1,Connected Democratic Core,7.0,5.0,3.0,4.0,2.0,5.0,1
0.13420296901466403,0.5323459723001474,-0.5143611177008932,1,Connected Democratic Core,3.0,5.0,2.25,6.333333333333333,1.0,4.0,1
-0.37158232745014336,0.8767127169025141,-0.1628973776285019,0,Disappointed Democratic Participants,3.0,5.0,2.0,5.333333333333333,1.0,5.0,1
0.30582460234792364,-1.7800605184384521,-1.8233970395924144,1,Connected Democratic Core,5.0,5.0,1.3333333333333333,7.666666666666667,2.0,0.0,1
0.6596573977282502,-0.9288945995583701,-0.4336310012425319,1,Connected Democratic Core,8.0,8.0,2.5,2.3333333333333335,2.0,3.0,1
2.6063154224550042,-0.28187976295224376,-0.17746598589750834,1,Connected Democratic Core,8.0,7.0,3.25,7.666666666666667,1.0,3.0,1
0.31664923520045335,0.6983465997329309,0.08578402461182554,1,Connected Democratic Core,5.0,6.0,2.25,5.0,1.0,5.0,1
1.9177983318432532,0.16076984416353296,0.04946574314957807,1,Connected Democratic Core,9.0,5.0,3.0,7.0,1.0,4.0,1
-1.1662940703683926,1.834633122740838,0.2999732843393511,0,Disappointed Democratic Participants,2.0,2.0,2.5,5.333333333333333,1.0,7.0,1
-0.9690974898452589,-1.5021014217744568,0.18070815075839342,2,Disengaged Non-voters,6.0,2.0,2.0,5.666666666666667,1.0,3.0,0
0.03418260701095993,-2.100195271749605,-1.3886188355757267,1,Connected Democratic Core,3.0,4.0,2.5,8.333333333333334,3.0,1.0,1
0.7837680414899887,-0.3196220096384367,0.5330048167570551,1,Connected Democratic Core,8.0,6.0,2.75,5.0,2.0,5.0,1
-2.8073804249654306,-1.428969985442986,0.7675465859607107,2,Disengaged Non-voters,4.0,2.0,2.0,2.3333333333333335,2.0,5.0,0
-4.493647138287985,-4.145304166326022,-1.7726871695456017,2,Disengaged Non-voters,0.0,0.0,2.0,1.6666666666666667,4.0,0.0,0
-1.6854199183051235,-2.349666417755322,-0.4554158407531781,0,Disappointed Democratic Participants,4.0,5.0,1.5,4.666666666666667,4.0,3.0,1
-1.8687107612606058,0.48207469909631345,-0.5245612203155239,0,Disappointed Democratic Participants,0.0,0.0,2.0,8.0,2.0,5.0,1
1.463431573565758,1.1223811653758797,0.5456826744768739,1,Connected Democratic Core,7.0,3.0,4.0,7.0,1.0,6.0,1
-2.1747775181466102,0.9494605905594218,0.4478024390863339,0,Disappointed Democratic Participants,3.0,2.0,1.75,4.0,2.0,7.0,1
2.51870136262675,0.0547056381054641,0.21435846301114386,1,Connected Democratic Core,9.0,7.0,3.5,6.333333333333333,1.0,4.0,1
1.246676391079501,-0.9742096412220523,-0.2748880823830503,1,Connected Democratic Core,8.0,6.0,2.75,6.0,2.0,3.0,1
-0.3761596521228188,1.0232022553633133,-0.32794423495128067,0,Disappointed Democratic Participants,3.0,4.0,2.5,5.0,1.0,5.0,1
0.6554575006033502,0.6341453126613318,0.2220078844067671,1,Connected Democratic Core,5.0,5.0,2.25,7.333333333333333,1.0,5.0,1
-4.455613806599816,-3.4395682363395936,-1.8424390987321944,2,Disengaged Non-voters,0.0,1.0,1.0,1.6666666666666667,3.0,0.0,0
-2.7993003237072087,1.7762952635467548,-0.6348281842400628,0,Disappointed Democratic Participants,0.0,3.0,1.5,1.3333333333333333,1.0,6.0,1
-2.790031814834011,-1.6470747974646198,1.039283804537073,2,Disengaged Non-voters,2.0,4.0,1.25,4.0,2.0,5.0,0
1.0291579433182223,0.7161304891744151,0.14642182649158936,1,Connected Democratic Core,7.0,4.0,3.0,6.333333333333333,1.0,5.0,1
2.3120158413356133,-0.7600666200211862,0.401399481397154,1,Connected Democratic Core,10.0,5.0,3.75,7.666666666666667,2.0,4.0,1
-0.03740851452845073,1.4268805777763274,0.04588442672443745,0,Disappointed Democratic Participants,3.0,4.0,3.5,4.333333333333333,1.0,6.0,1
2.5968131425837044,-0.22105011075941103,-0.25424022879945163,1,Connected Democratic Core,8.0,7.0,3.5,7.0,1.0,3.0,1
0.7128082222651485,-0.3903278467620134,-0.15608410120048846,1,Connected Democratic Core,5.0,5.0,3.25,6.333333333333333,2.0,4.0,1
-0.40338238485445593,0.12093275609125474,-0.04628732389160633,0,Disappointed Democratic Participants,5.0,3.0,2.75,5.333333333333333,2.0,5.0,1
-2.130306724224929,0.8596940705016797,0.5637492058377728,0,Disappointed Democratic Participants,2.0,3.0,1.5,4.666666666666667,2.0,7.0,1
-3.3918955341767916,-1.1731572495849871,0.48594087396075397,2,Disengaged Non-voters,0.0,0.0,2.0,5.0,2.0,5.0,0
-0.6305657639932036,0.6017384166974282,0.20182114177204152,0,Disappointed Democratic Participants,4.0,2.0,3.25,5.333333333333333,2.0,6.0,1
0.29469911671021537,-0.19412785197923002,-1.2994857561522835,1,Connected Democratic Core,7.0,3.0,1.5,6.666666666666667,1.0,2.0,1
1.2655772832969927,0.7315349443566237,0.9392879784576901,1,Connected Democratic Core,8.0,6.0,2.5,6.333333333333333,1.0,6.0,1
0.8813946632216604,0.7854764838229156,0.06106233931578022,1,Connected Democratic Core,7.0,3.0,3.0,6.666666666666667,1.0,5.0,1
1.553442492249777,-0.288096582365937,0.5652973050822265,1,Connected Democratic Core,10.0,5.0,3.75,5.0,2.0,5.0,1
0.32468554775344394,0.15915500337250707,-0.9344358160011755,1,Connected Democratic Core,6.0,6.0,2.25,3.3333333333333335,1.0,3.0,1
1.949783368267345,-0.12166489227956835,-0.4168909826399805,1,Connected Democratic Core,7.0,6.0,3.0,7.333333333333333,1.0,3.0,1
-1.9568300998478854,-0.02755518583513357,-0.8412806442070627,0,Disappointed Democratic Participants,4.0,2.0,1.25,4.0,2.0,4.0,1
-0.6476288176466424,0.24754547533603355,-1.8708638137510682,0,Disappointed Democratic Participants,3.0,2.0,2.0,5.666666666666667,1.0,2.0,1
0.5870379828105674,0.4671549728017514,-0.44780199716811414,1,Connected Democratic Core,9.0,3.0,2.5,4.666666666666667,1.0,4.0,1
-1.5730416785319066,1.3538923938863712,2.438621845493872,0,Disappointed Democratic Participants,5.0,5.0,1.25,4.666666666666667,2.0,10.0,1
-2.708517807232886,0.6549930338128784,-0.8708700555623241,0,Disappointed Democratic Participants,0.0,2.0,2.0,2.6666666666666665,2.0,5.0,1
-1.7437071163232356,-0.008285377752653743,-0.8426229666550412,0,Disappointed Democratic Participants,2.0,4.0,1.75,3.3333333333333335,2.0,4.0,1
-1.2133439511542718,-1.067474439092843,-0.318533733441735,2,Disengaged Non-voters,4.0,0.0,3.25,5.0,1.0,3.0,0
0.42976741956961345,-0.0589676410796532,0.25550041698889053,1,Connected Democratic Core,6.0,3.0,3.0,7.333333333333333,2.0,5.0,1
-1.856654341872848,-2.541227467077624,1.4194087188780284,2,Disengaged Non-voters,3.0,4.0,2.75,5.0,3.0,5.0,0
-1.3922039022000012,0.031021393064504757,-0.8506911871661309,0,Disappointed Democratic Participants,3.0,3.0,2.25,3.6666666666666665,2.0,4.0,1
1.7175123824238039,-0.9968832399244884,-0.17693710286454573,1,Connected Democratic Core,6.0,7.0,3.25,7.333333333333333,2.0,3.0,1
-2.676889418261882,-1.4553344995194448,0.8321512961197723,2,Disengaged Non-voters,3.0,2.0,2.0,3.6666666666666665,2.0,5.0,0
0.8102964046936199,0.3934610634739712,-1.101302679745178,1,Connected Democratic Core,4.0,4.0,3.5,5.666666666666667,1.0,3.0,1
1.9797021659747582,-1.9592473924783709,0.213269515659467,1,Connected Democratic Core,9.0,5.0,3.5,9.0,3.0,3.0,1
-1.6435921037215633,-0.7988913958276991,0.8870657819109787,2,Disengaged Non-voters,7.0,2.0,2.0,3.0,1.0,5.0,0
-1.1644339042907292,0.8776059477206322,-1.0047094827047298,0,Disappointed Democratic Participants,1.0,2.0,1.75,6.666666666666667,1.0,4.0,1
2.1277559773055663,-1.636578616350327,-1.042420272686895,1,Connected Democratic Core,9.0,6.0,3.25,6.666666666666667,2.0,1.0,1
2.8412793546905886,0.4548216824943238,1.4291586594882821,1,Connected Democratic Core,10.0,6.0,3.25,9.333333333333334,1.0,6.0,1
-2.1062716855860644,2.5619383838517207,0.9630570794106491,0,Disappointed Democratic Participants,2.0,2.0,2.25,3.0,1.0,9.0,1
2.389942642272788,0.0023923283682992357,0.2825474616392213,1,Connected Democratic Core,9.0,6.0,3.0,8.0,1.0,4.0,1
-1.516466637892786,-0.6489563844066054,-0.0030016285401324575,0,Disappointed Democratic Participants,3.0,3.0,2.25,5.333333333333333,3.0,5.0,1
-3.8438998378042286,-0.9315057196890736,-0.6342000635720115,0,Disappointed Democratic Participants,0.0,0.0,2.0,3.3333333333333335,4.0,5.0,1
-2.487977991483493,-1.2344708520881964,-0.1875081544597445,0,Disappointed Democratic Participants,5.0,0.0,2.5,3.6666666666666665,4.0,5.0,1
-0.9041667569546181,-2.1268099730453884,0.9617795155533624,2,Disengaged Non-voters,4.0,5.0,2.75,5.0,2.0,4.0,0
1.7547846758967929,0.6193361064859496,1.9197200468111095,1,Connected Democratic Core,9.0,8.0,1.75,8.0,1.0,7.0,1
-1.004899365195179,0.5518873054017721,1.0063398027182475,0,Disappointed Democratic Participants,5.0,4.0,1.75,5.333333333333333,2.0,7.0,1
1.4571443185739321,-1.2690445550240195,-1.5236663696540893,1,Connected Democratic Core,8.0,4.0,3.75,5.333333333333333,2.0,1.0,1
0.5027692653081637,0.6178314210418656,0.22492101165179346,1,Connected Democratic Core,5.0,5.0,2.0,7.333333333333333,1.0,5.0,1
-0.12289608924776396,0.2493990358326147,-1.8311742661387964,0,Disappointed Democratic Participants,3.0,3.0,2.75,5.0,1.0,2.0,1
0.25948349255843417,0.6846050619019155,0.11412933816641797,1,Connected Democratic Core,5.0,5.0,2.0,6.333333333333333,1.0,5.0,1
-1.7177548123150055,0.5770664145294031,-0.660268056347689,0,Disappointed Democratic Participants,1.0,1.0,2.75,5.0,2.0,5.0,1
-1.6704010611915834,-0.341147707695149,-1.2382601863817786,0,Disappointed Democratic Participants,4.0,1.0,1.25,5.666666666666667,2.0,3.0,1
0.020326865014056516,-0.4011914677357674,0.5475704529821867,1,Connected Democratic Core,8.0,6.0,1.5,5.0,2.0,5.0,1
1.4518251931327801,-0.22732958554102398,-0.35905151033356153,1,Connected Democratic Core,8.0,6.0,2.0,7.0,1.0,3.0,1
-0.9310985908796237,-0.13441867298351814,-0.5915061211429323,0,Disappointed Democratic Participants,4.0,2.0,2.0,6.333333333333333,2.0,4.0,1
0.2886092564858251,1.1415382862305412,-0.4131693181745959,1,Connected Democratic Core,8.0,0.0,3.5,5.0,1.0,5.0,1
1.0895734826178078,0.4263301276024076,-0.3405946121517543,1,Connected Democratic Core,8.0,4.0,3.0,5.333333333333333,1.0,4.0,1
0.2773697155086732,0.3167332380774251,-1.0826357312882544,1,Connected Democratic Core,6.0,3.0,2.5,5.333333333333333,1.0,3.0,1
1.2132203840640077,-1.8264351096692801,-0.040089295873678966,1,Connected Democratic Core,8.0,6.0,3.25,6.333333333333333,3.0,3.0,1
0.40874007076000735,-0.5586595470937434,-0.01512710773929722,1,Connected Democratic Core,7.0,5.0,2.25,6.0,2.0,4.0,1
1.8362741037225636,-0.5302966295516958,0.8803083597398763,1,Connected Democratic Core,9.0,7.0,3.25,6.333333333333333,2.0,5.0,1
2.6353790838176008,-0.3213794532985773,-0.9270583017823218,1,Connected Democratic Core,8.0,5.0,4.0,7.333333333333333,1.0,2.0,1
1.0459400636497125,-0.5695101002134517,-2.3719680162058263,1,Connected Democratic Core,3.0,4.0,3.0,7.333333333333333,1.0,0.0,1
0.03097258540457742,1.0083583615658653,-0.26148017858146416,0,Disappointed Democratic Participants,5.0,2.0,2.75,6.333333333333333,1.0,5.0,1
1.520168374187157,0.1147840857681483,0.05977592968170486,1,Connected Democratic Core,7.0,7.0,2.5,6.333333333333333,1.0,4.0,1
-0.6036062031922846,-0.8483016767586419,-1.375731116021264,0,Disappointed Democratic Participants,5.0,3.0,1.75,5.666666666666667,2.0,2.0,1
-0.7098008554987837,-0.33303087803609444,-1.1397921831004978,0,Disappointed Democratic Participants,3.0,2.0,2.5,6.333333333333333,2.0,3.0,1
0.08944664713182834,0.886395982304083,-0.1546947531649181,0,Disappointed Democratic Participants,7.0,3.0,2.5,4.666666666666667,1.0,5.0,1
-0.27831142010581955,-2.14029402436776,1.8026919770565315,2,Disengaged Non-voters,9.0,5.0,2.5,4.666666666666667,2.0,5.0,0
-1.5068017065153165,0.5605780853836886,0.17019981467085943,0,Disappointed Democratic Participants,3.0,2.0,2.0,5.666666666666667,2.0,6.0,1
1.8287946414350964,-0.15613003039594234,-0.4047214498970989,1,Connected Democratic Core,8.0,6.0,2.75,6.666666666666667,1.0,3.0,1
0.5537048522500593,-1.9197181075747964,-0.7850435422552052,1,Connected Democratic Core,6.0,5.0,3.0,6.333333333333333,3.0,2.0,1
3.108850922262245,-0.32270460815158764,-0.07025860088114848,1,Connected Democratic Core,7.0,8.0,3.75,8.333333333333334,1.0,3.0,1
-0.015868628110058933,0.24462424649508582,-0.24118651251358977,0,Disappointed Democratic Participants,7.0,5.0,1.0,5.666666666666667,1.0,4.0,1
-0.006551355775364549,1.5300235549934484,1.5106690081003498,0,Disappointed Democratic Participants,7.0,5.0,2.0,5.0,1.0,8.0,1
0.08779069752064797,0.7899504746681147,-0.03650602039244225,0,Disappointed Democratic Participants,5.0,5.0,2.25,5.0,1.0,5.0,1
1.2899823084922424,0.04933559976110875,-0.686232097734093,1,Connected Democratic Core,8.0,4.0,2.75,6.333333333333333,1.0,3.0,1
1.3083139061797289,-2.5371871098827414,0.853116064854644,1,Connected Democratic Core,8.0,7.0,3.5,7.333333333333333,4.0,4.0,1
2.614142543785247,-0.7319112008160661,-0.4710902536634808,1,Connected Democratic Core,9.0,7.0,2.5,8.333333333333334,1.0,2.0,1
-2.7448415476574635,-0.32348792930707054,0.27174272700691743,2,Disengaged Non-voters,1.0,2.0,2.5,2.0,1.0,5.0,0
-1.0821116676337525,0.23846922106800522,-0.21819448322999035,0,Disappointed Democratic Participants,3.0,2.0,2.25,6.333333333333333,2.0,5.0,1
0.30401638904490974,1.0912714565191328,0.45236976446165633,1,Connected Democratic Core,7.0,3.0,2.5,6.0,1.0,6.0,1
0.6285252991059593,0.1238905841658174,-0.8373844800557294,1,Connected Democratic Core,7.0,4.0,2.25,5.666666666666667,1.0,3.0,1
0.7606914643505659,0.4867278557603482,-0.4023812592287521,1,Connected Democratic Core,5.0,4.0,2.75,7.0,1.0,4.0,1
-1.0490846311557058,0.3773703355133209,0.4147799046793951,0,Disappointed Democratic Participants,3.0,4.0,2.0,5.666666666666667,2.0,6.0,1
3.7209121825282225,-0.3931529587665207,0.053219629109884835,1,Connected Democratic Core,9.0,8.0,4.25,8.0,1.0,3.0,1
0.19776775603044108,-0.83492749598305,-1.3341822221982373,1,Connected Democratic Core,8.0,2.0,2.75,5.0,2.0,2.0,1
-1.7183312105659654,-2.361325158295167,0.32495301703636065,2,Disengaged Non-voters,6.0,3.0,1.75,4.0,2.0,3.0,0
1.1741227533251009,-0.9529423347434728,-1.9488292136836518,1,Connected Democratic Core,6.0,5.0,1.75,7.666666666666667,1.0,0.0,1
0.41049656931256284,0.31171716785039205,-0.25918229974652396,1,Connected Democratic Core,6.0,5.0,1.75,6.333333333333333,1.0,4.0,1
0.8574651482804361,0.8214759019406144,-0.004213532067270805,1,Connected Democratic Core,7.0,4.0,3.25,5.0,1.0,5.0,1
0.18331319017381525,0.7925228284565654,-0.011073834082876084,1,Connected Democratic Core,5.0,4.0,2.25,6.333333333333333,1.0,5.0,1
-2.3570391443681795,-3.0654150261219417,-1.3335307087045833,2,Disengaged Non-voters,3.0,3.0,1.25,3.6666666666666665,2.0,0.0,0
-1.2563790987309766,0.5437866813618569,0.9539046253020674,0,Disappointed Democratic Participants,7.0,4.0,1.5,3.3333333333333335,2.0,7.0,1
-4.578881110472051,-2.030671619005724,2.252938952408159,2,Disengaged Non-voters,2.0,0.0,2.0,3.3333333333333335,4.0,8.0,0
0.5840545051842779,0.21365710422355957,-0.9533312468071683,1,Connected Democratic Core,8.0,3.0,2.5,5.0,1.0,3.0,1
-0.37945286991323185,0.08493333797355603,0.018988547491444754,0,Disappointed Democratic Participants,5.0,2.0,2.5,7.0,2.0,5.0,1
2.790784477707799,0.5054720748802954,0.5397581953395113,1,Connected Democratic Core,9.0,6.0,4.5,6.333333333333333,1.0,5.0,1
-0.2556191047578937,0.05158676144275416,0.03907216328420298,0,Disappointed Democratic Participants,5.0,4.0,2.75,5.0,2.0,5.0,1
-1.5687868806583194,2.199420392752446,0.6208497448361129,0,Disappointed Democratic Participants,3.0,2.0,2.5,3.3333333333333335,1.0,8.0,1
1.5374164353772015,-0.8772519335616525,0.45737960749281814,1,Connected Democratic Core,8.0,7.0,2.5,7.333333333333333,2.0,4.0,1
-0.9136878781834101,0.1439094296698076,-0.09747524302277039,0,Disappointed Democratic Participants,5.0,1.0,2.0,7.0,2.0,5.0,1
1.7205150689799706,-0.4506290933112753,0.8171793902148998,1,Connected Democratic Core,4.0,9.0,3.5,7.333333333333333,2.0,5.0,1
-1.2526395861625992,-0.7694971272066988,0.15846094031363078,0,Disappointed Democratic Participants,2.0,5.0,2.25,5.333333333333333,3.0,5.0,1
0.2803531931349627,0.5702311066556169,-0.5771064816492001,1,Connected Democratic Core,7.0,3.0,2.5,5.0,1.0,4.0,1
-1.467470643833866,0.2389654272822041,-0.34983934681989554,0,Disappointed Democratic Participants,5.0,5.0,2.25,0.3333333333333333,2.0,5.0,1
-0.7218777714295214,-0.07222917831560922,0.10616804108847723,0,Disappointed Democratic Participants,7.0,4.0,1.75,4.0,2.0,5.0,1
2.749501377878891,-0.2047362191399449,-0.25715335604447787,1,Connected Democratic Core,8.0,7.0,3.75,7.0,1.0,3.0,1
-0.0729530592574065,1.0200719013740511,0.4980397040251937,0,Disappointed Democratic Participants,7.0,3.0,1.75,6.333333333333333,1.0,6.0,1
1.4789665858529195,0.19376498445788884,-0.026254718718093678,1,Connected Democratic Core,6.0,7.0,2.75,6.333333333333333,1.0,4.0,1
-0.7642494395457902,0.46376522069229664,0.3582827548209546,0,Disappointed Democratic Participants,4.0,2.0,2.5,6.666666666666667,2.0,6.0,1
-0.8675177135177019,1.392399234040814,0.012021133602218364,0,Disappointed Democratic Participants,3.0,3.0,2.25,5.0,1.0,6.0,1
-1.3155233177832646,1.4256171732217475,-0.8823802863514028,0,Disappointed Democratic Participants,3.0,1.0,2.75,3.3333333333333335,1.0,5.0,1
-1.1502264485355032,0.0999516692972526,-0.8750302526518939,0,Disappointed Democratic Participants,1.0,3.0,2.75,5.0,2.0,4.0,1
1.2805613401156142,0.8993544446639222,-0.05212543765184533,1,Connected Democratic Core,8.0,3.0,4.0,5.0,1.0,5.0,1
0.4474494545701959,0.3186189543151959,-1.0801052238535103,1,Connected Democratic Core,10.0,0.0,2.5,5.666666666666667,1.0,3.0,1
-0.40825021224455144,-0.4326067396613251,-0.19561951135154726,0,Disappointed Democratic Participants,5.0,3.0,1.5,8.0,2.0,4.0,1
3.057964993620661,-1.7460144572871625,-0.8180779359323306,1,Connected Democratic Core,9.0,7.0,4.0,7.666666666666667,2.0,1.0,1
1.3436890632539464,0.45577919549174856,0.47068928664709453,1,Connected Democratic Core,7.0,6.0,2.5,7.0,1.0,5.0,1
-1.13563656195941,1.3951460253555132,-0.7901014238617377,0,Disappointed Democratic Participants,1.0,1.0,2.75,5.666666666666667,1.0,5.0,1
-2.1188579635082028,1.2873246967213596,-0.8187145595549311,0,Disappointed Democratic Participants,4.0,1.0,1.25,3.0,1.0,5.0,1
-3.420402373790691,-0.9906682930064892,0.25561814525492416,2,Disengaged Non-voters,0.0,0.0,2.75,3.0,2.0,5.0,0
0.32958629074909895,-0.7042396491172853,-0.6458595296276455,1,Connected Democratic Core,6.0,4.0,2.5,6.333333333333333,2.0,3.0,1
0.2883845024148615,-0.6252587504275448,-0.7318901780274439,1,Connected Democratic Core,5.0,4.0,2.75,6.333333333333333,2.0,3.0,1
0.9290581259923795,0.8600476738467637,-0.04405721714075559,1,Connected Democratic Core,7.0,4.0,3.5,4.666666666666667,1.0,5.0,1
0.2577269940058787,-0.18577165304222007,0.3581845301736447,1,Connected Democratic Core,6.0,5.0,2.5,6.0,2.0,5.0,1
1.2087678205356764,0.043040174857445615,-0.7078515132255744,1,Connected Democratic Core,5.0,8.0,3.0,4.0,1.0,3.0,1
0.2272174942955675,-0.36477946896740976,-2.6852541286052154,1,Connected Democratic Core,2.0,3.0,2.75,6.333333333333333,1.0,0.0,1
3.021074210927822,-1.2564833290770063,0.2251386477184551,1,Connected Democratic Core,8.0,9.0,4.0,7.333333333333333,2.0,3.0,1
-3.3147399919743616,2.1107864727907772,1.4541866895559705,0,Disappointed Democratic Participants,0.0,1.0,1.75,4.0,2.0,10.0,1
0.7923909728135033,0.4685766092634404,-0.39312485373089695,1,Connected Democratic Core,6.0,4.0,2.75,6.333333333333333,1.0,4.0,1
1.5583866848951051,-0.21769468149978413,-0.35972267155755067,1,Connected Democratic Core,7.0,7.0,2.25,6.666666666666667,1.0,3.0,1
0.6599584885376196,0.6627791056501243,0.136072300169931,1,Connected Democratic Core,8.0,5.0,2.5,4.333333333333333,1.0,5.0,1
-4.373557521401731,-1.0190191664536214,-0.5856169967634477,0,Disappointed Democratic Participants,0.0,0.0,1.0,3.6666666666666665,4.0,5.0,1
-0.9062655151876453,-0.07039182343816759,0.0998247628356483,0,Disappointed Democratic Participants,6.0,4.0,1.5,4.666666666666667,2.0,5.0,1
-2.6367050502062446,1.4960493182175412,-1.0518913422075369,0,Disappointed Democratic Participants,0.0,0.0,1.25,5.0,1.0,5.0,1
1.3930848123742523,0.45167256170197306,0.49836343897769775,1,Connected Democratic Core,6.0,6.0,2.5,8.0,1.0,5.0,1
2.388495883884356,-0.18321333776427065,-0.32585937843533164,1,Connected Democratic Core,7.0,8.0,3.5,6.0,1.0,3.0,1
2.264395799697741,0.40717300674774587,0.6182573804997156,1,Connected Democratic Core,7.0,7.0,3.5,7.333333333333333,1.0,5.0,1
-1.6719756993080923,0.35159597737886333,-0.4091905506251116,0,Disappointed Democratic Participants,2.0,2.0,2.0,5.333333333333333,2.0,5.0,1
2.1692209375705223,0.6367500776880614,0.33950572244653493,1,Connected Democratic Core,7.0,6.0,4.25,6.0,1.0,5.0,1
1.000303473178374,0.6664700210241471,0.16941856952937395,1,Connected Democratic Core,7.0,6.0,3.0,4.333333333333333,1.0,5.0,1
0.984176867364423,-0.6966165374797356,0.18736733117471643,1,Connected Democratic Core,8.0,6.0,2.5,6.0,2.0,4.0,1
-0.020630960319340048,1.7373427456470807,1.2688479078756278,0,Disappointed Democratic Participants,7.0,4.0,2.75,4.0,1.0,8.0,1
0.5499845486115591,-0.31367802097121955,0.4989873861736229,1,Connected Democratic Core,8.0,6.0,2.5,4.666666666666667,2.0,5.0,1
1.7903100116958715,0.7333885048532047,0.9789775260699621,1,Connected Democratic Core,8.0,7.0,3.25,5.666666666666667,1.0,6.0,1
-0.3399070311901748,-0.09049306835215278,0.22320792866371908,0,Disappointed Democratic Participants,4.0,4.0,2.0,7.333333333333333,2.0,5.0,1
-0.7215301409035727,0.1599202464131568,-0.14715143065513725,0,Disappointed Democratic Participants,7.0,2.0,2.5,4.0,2.0,5.0,1
1.1002406389980477,-0.7478112856313284,0.2634704128526705,1,Connected Democratic Core,7.0,7.0,2.5,6.333333333333333,2.0,4.0,1
0.7541726621055554,0.8010553765313727,0.026373747508358733,1,Connected Democratic Core,6.0,4.0,3.0,6.0,1.0,5.0,1
-0.5289484363593806,0.2329571564356802,-0.19916464847150367,0,Disappointed Democratic Participants,6.0,2.0,3.0,4.333333333333333,2.0,5.0,1
1.8930931358793515,-0.7816063565883998,-2.0793416166602223,1,Connected Democratic Core,7.0,4.0,3.25,7.0,1.0,0.0,1
1.7380692242524762,0.805306853290156,0.919050225203719,1,Connected Democratic Core,8.0,5.0,3.25,7.333333333333333,1.0,6.0,1
-0.09624941571152734,1.0239372542743224,-0.29616877038888556,0,Disappointed Democratic Participants,4.0,3.0,2.75,5.666666666666667,1.0,5.0,1
0.6190230192346593,0.18472023635865012,-0.9141587229576728,1,Connected Democratic Core,7.0,4.0,2.5,5.0,1.0,3.0,1
1.744588026497487,0.49097933251913145,0.4902952184666082,1,Connected Democratic Core,7.0,5.0,3.0,8.333333333333334,1.0,5.0,1
-2.406410342229957,0.6984064384198124,-0.9066124284040169,0,Disappointed Democratic Participants,2.0,1.0,2.5,2.0,2.0,5.0,1
0.583416343424083,-0.410507091281751,0.6410375004586172,1,Connected Democratic Core,8.0,5.0,2.0,7.0,2.0,5.0,1
2.7695479376754446,0.09494032736280676,0.9957262434583526,1,Connected Democratic Core,10.0,8.0,3.0,7.333333333333333,1.0,5.0,1
-0.5452408122632333,0.20084157322117932,0.6571180286668934,0,Disappointed Democratic Participants,4.0,5.0,2.0,6.0,2.0,6.0,1
-1.319164166099626,0.25519883110322406,-0.2821280321650628,0,Disappointed Democratic Participants,5.0,1.0,2.0,5.333333333333333,2.0,5.0,1
-2.0809251807614095,1.2191294193996207,-0.7626000295067729,0,Disappointed Democratic Participants,7.0,0.0,1.0,2.3333333333333335,1.0,5.0,1
0.9828685482791913,-0.5609126203869378,0.05223659220357784,1,Connected Democratic Core,6.0,6.0,3.0,6.333333333333333,2.0,4.0,1
0.013433992980287005,1.6083796101191217,0.6819654191295937,0,Disappointed Democratic Participants,4.0,2.0,3.0,7.333333333333333,1.0,7.0,1
0.6157298014442463,-0.7535486810311073,-0.5672259405149473,1,Connected Democratic Core,9.0,2.0,2.5,7.0,2.0,3.0,1
-2.3839983375967133,0.8872710958915128,-0.24987172314507586,0,Disappointed Democratic Participants,0.0,0.0,2.0,6.333333333333333,2.0,6.0,1
-0.741010210900198,0.9277794772766386,1.3900960311158104,0,Disappointed Democratic Participants,7.0,3.0,2.5,4.333333333333333,2.0,8.0,1
-0.5636072102456385,0.9466650731121553,-1.090799204402779,0,Disappointed Democratic Participants,4.0,3.0,3.0,2.6666666666666665,1.0,4.0,1
-0.09624941571152734,1.0239372542743224,-0.29616877038888556,0,Disappointed Democratic Participants,4.0,3.0,2.75,5.666666666666667,1.0,5.0,1
-1.5701957201680998,1.253178839100242,-0.7137491405596083,0,Disappointed Democratic Participants,4.0,1.0,1.75,4.0,1.0,5.0,1
0.8047140788049233,-0.6091192963343273,0.09275143850105187,1,Connected Democratic Core,7.0,5.0,2.5,7.0,2.0,4.0,1
