party_id,party_short,party_name,issue_id,issue_title,issue_text,position,position_reason,position_score,connection_dimension,connection_dimension_label_refined,connection_relevance,issue_alignment_direction,connection_alignment_score
1,SPD,Sozialdemokratische Partei Deutschlands,1,Unterstützung der Ukraine,Deutschland soll die Ukraine weiterhin militärisch unterstützen.,stimme zu,"Die SPD bekennt sich klar zur diplomatischen, militärischen, finanziellen und humanitären Unterstützung der Ukraine im Kampf gegen den völkerrechtswidrigen russischen Angriffskrieg – so lange wie nötig. Die Ukraine muss mögliche Verhandlungen auf Augenhöhe mit Russland führen können. Zur Verteidigung der Ukraine und zur Sicherung des Friedens in Europa unterstützt die SPD mit Besonnenheit und Augenmaß. Für uns gilt, dass Deutschland und die NATO nicht selbst zur Kriegspartei werden dürfen.",1,democratic_institutions,Democratic institutions and rule of law,indirect,1,1
2,CDU / CSU,Christlich Demokratische Union Deutschlands / Christlich-Soziale Union in Bayern e.V.,1,Unterstützung der Ukraine,Deutschland soll die Ukraine weiterhin militärisch unterstützen.,stimme zu,"Unser Ziel ist Frieden in Europa. Die Ukraine verteidigt auch uns, denn fällt die Ukraine, droht ein russischer Angriff auf weitere Länder. Daher unterstützen wir die Ukraine mit diplomatischen, finanziellen und humanitären Mitteln sowie mit Waffenlieferungen. Sie muss ihr Selbstverteidigungsrecht ausüben können. Unser Ziel ist ein Friedensprozess, der von der Ukraine aus einer Position der Stärke geführt werden kann.",1,democratic_institutions,Democratic institutions and rule of law,indirect,1,1
3,GRÜNE,BÜNDNIS 90/DIE GRÜNEN,1,Unterstützung der Ukraine,Deutschland soll die Ukraine weiterhin militärisch unterstützen.,stimme zu,"Millionen Ukrainer*innen verteidigen Tag für Tag ihr Leben, ihre Freiheit und den Frieden in Europa gegen die brutale Aggression von Putins Russland. Dabei stehen wir fest an ihrer Seite - mit diplomatischer, finanzieller, humanitärer und militärischer Unterstützung. Die Ukraine muss in der Lage sein, sich zu verteidigen und eine starke Position für einen möglichen Friedensprozess sicherzustellen. Das ist auch unser bester Eigenschutz hier im Herzen Europas.",1,democratic_institutions,Democratic institutions and rule of law,indirect,1,1
4,FDP,Freie Demokratische Partei,1,Unterstützung der Ukraine,Deutschland soll die Ukraine weiterhin militärisch unterstützen.,stimme zu,Unsere Unterstützung für die Ukraine darf nicht an Geld oder Waffenlieferungen scheitern. Denn die Ukraine verteidigt auch unsere Freiheit. Daher fordern wir u.a. die Lieferung von Taurus und weiterer Waffensysteme an die Ukraine. Wir setzen uns zudem für eine dauerhafte und gerecht verteilte Finanzierung der Unterstützung der Ukraine ein. Ziel ist die Wiederherstellung der territorialen Integrität der Ukraine sowie ihr Beitritt zur EU und NATO.,1,democratic_institutions,Democratic institutions and rule of law,indirect,1,1
5,AfD,Alternative für Deutschland,1,Unterstützung der Ukraine,Deutschland soll die Ukraine weiterhin militärisch unterstützen.,stimme nicht zu,"Wir fordern von allen Kriegsparteien eine Einstellung der Kampfhandlungen und die Aufnahme von Friedensgesprächen ohne Vorbedingungen. Die Alternative für Deutschland versteht sich als Partei, in der Diplomatie und friedliche Konfliktbewältigung vorrangig sind.",-1,democratic_institutions,Democratic institutions and rule of law,indirect,1,-1
6,Die Linke,Die Linke,1,Unterstützung der Ukraine,Deutschland soll die Ukraine weiterhin militärisch unterstützen.,stimme nicht zu,"Militärische Unterstützung hat den Krieg und das Leid nicht beendet. Wir unterstützen diplomatische Initiativen, die Russland und die Ukraine an den Verhandlungstisch bringen. Ziel muss ein Waffenstillstand und ein gerechter Frieden sein.  ",-1,democratic_institutions,Democratic institutions and rule of law,indirect,1,-1
26,BSW,Bündnis Sahra Wagenknecht – Vernunft und Gerechtigkeit,1,Unterstützung der Ukraine,Deutschland soll die Ukraine weiterhin militärisch unterstützen.,stimme nicht zu,,-1,democratic_institutions,Democratic institutions and rule of law,indirect,1,-1
1,SPD,Sozialdemokratische Partei Deutschlands,2,Erneuerbare Energien,Der Ausbau erneuerbarer Energien soll weiterhin vom Staat finanziell gefördert werden.,stimme zu,Der konsequente Ausbau von und Umstieg auf erneuerbare Energien sowie die Einbindung von Speichern macht Energieversorgung sicher und dauerhaft bezahlbar. Wir wollen mit Augenmaß fördern: Gerade bisher weniger beachtete Erneuerbare wie etwa die Geothermie brauchen weiterhin gezielte Förderung. Perspektivisch sollen erneuerbare Energien wie Windkraft oder Sonnenenergie aber auch ohne staatliche Förderung auskommen.,1,institutional_responsiveness,Institutional responsiveness,indirect,1,1
2,CDU / CSU,Christlich Demokratische Union Deutschlands / Christlich-Soziale Union in Bayern e.V.,2,Erneuerbare Energien,Der Ausbau erneuerbarer Energien soll weiterhin vom Staat finanziell gefördert werden.,stimme zu,"Wir bringen alle Kapazitäten ans Netz, die klimafreundlich und systemdienlich sind, angefangen bei einem zielgerichteten weiteren Ausbau der Erneuerbaren Energien. Ein besonderes Augenmerk legen wir auf den integrierten und grenzüberschreitenden Netzausbau sowie auf eine effiziente Verknüpfung des Ausbaus von Erneuerbaren Energien, Netzen und Speichern. Dafür wollen wir auch mehr privates Kapital gewinnen.",1,institutional_responsiveness,Institutional responsiveness,indirect,1,1
3,GRÜNE,BÜNDNIS 90/DIE GRÜNEN,2,Erneuerbare Energien,Der Ausbau erneuerbarer Energien soll weiterhin vom Staat finanziell gefördert werden.,stimme zu,"Günstiger Strom aus erneuerbaren Energien wie Wind, Sonne, Wasserkraft, Geothermie sowie naturverträgliche Bioenergie sichern unseren Wohlstand. Wir halten Kurs mit dem erreichten Rekord-Ausbautempo. Dazu werden wir auch in Zukunft dezentrale Erzeuger von Solar- und Windenergie sowie Speicher, Elektrolyseure durch Bürokratieabbau und Planungssicherheit unterstützen. So sichern wir rentable Geschäftsmodelle, beispielsweise für Stadtwerke, Energiegenossenschaften und landwirtschaftliche Betriebe.",1,institutional_responsiveness,Institutional responsiveness,indirect,1,1
4,FDP,Freie Demokratische Partei,2,Erneuerbare Energien,Der Ausbau erneuerbarer Energien soll weiterhin vom Staat finanziell gefördert werden.,stimme nicht zu,"Wir wollen die erneuerbaren Energien marktwirtschaftlich stärken. Da auf diese bereits mehr als 60 Prozent der Stromproduktion entfallen, sind die EEG-Subventionen für neue Anlagen nicht mehr gerechtfertigt. Eine Vergütung am Markt gewährleistet, dass Photovoltaik- und Windkraftanlagen nur bei genügend Netz- und Speicherkapazitäten gebaut werden. Wir lehnen gesetzlich vorgegebene Ausbaupfade für einzelne Technologien und staatlich garantierte Abnahmepreise ab.",-1,institutional_responsiveness,Institutional responsiveness,indirect,1,-1
5,AfD,Alternative für Deutschland,2,Erneuerbare Energien,Der Ausbau erneuerbarer Energien soll weiterhin vom Staat finanziell gefördert werden.,stimme nicht zu,"Volatilen Energien destabilisieren das Stromnetz, gefährden die Versorgungssicherheit, erzeugen hohe Netzkosten und beschränken unsere Wettbewerbsfähigkeit massiv. Sie zerstören die Natur, u. A. durch Flächenbedarf. Die AfD wird den Dreiklang der Energieversorgung aus Versorgungssicherheit, Wirtschaftlichkeit und Umweltschutz wieder herstellen. Zukünftig müssen Anlagen zur Erzeugung „Erneuerbarer Energien“ Umweltverträglichkeit und ökonomischen Nutzen nachweisen. Das EEG wird gestrichen.",-1,institutional_responsiveness,Institutional responsiveness,indirect,1,-1
6,Die Linke,Die Linke,2,Erneuerbare Energien,Der Ausbau erneuerbarer Energien soll weiterhin vom Staat finanziell gefördert werden.,stimme zu,"Der größte Teil unserer zukünftigen Energieversorgung muss erst noch gebaut werden. Die öffentliche Hand soll sich stark am Aufbau der erneuerbaren Energien beteiligen, auch um so große Teile der Energieproduktion in öffentliche Hand zurückzuholen. Das wollen wir nutzen, um Windrad- und Solarfabriken (wieder) in Deutschland anzusiedeln.",1,institutional_responsiveness,Institutional responsiveness,indirect,1,1
26,BSW,Bündnis Sahra Wagenknecht – Vernunft und Gerechtigkeit,2,Erneuerbare Energien,Der Ausbau erneuerbarer Energien soll weiterhin vom Staat finanziell gefördert werden.,stimme nicht zu,"Der Ausbau der erneuerbaren Energien ist sinnvoll, die EEG-Umlage lehnen wir allerdings ab, denn sie verteuert den Strom für die Endkunden.",-1,institutional_responsiveness,Institutional responsiveness,indirect,1,-1
1,SPD,Sozialdemokratische Partei Deutschlands,3,Streichung des Bürgergelds,"Das Bürgergeld soll denjenigen gestrichen werden, die wiederholt Stellenangebote ablehnen.",stimme zu,"Die allermeisten Menschen im Bürgergeldbezug, die arbeiten können, wollen auch arbeiten. Wir beteiligen uns nicht an Versuchen, Geringverdiener gegen die auszuspielen, die noch weniger haben. Das Bürgergeld ist eine steuerfinanzierte Grundsicherung. Deswegen wird von arbeitsfähigen Personen zu Recht Mitwirkung eingefordert, natürlich in den Grenzen, die das Bundesverfassungsgericht gesetzt hat.",1,economic_security,Economic security,direct,-1,-1
2,CDU / CSU,Christlich Demokratische Union Deutschlands / Christlich-Soziale Union in Bayern e.V.,3,Streichung des Bürgergelds,"Das Bürgergeld soll denjenigen gestrichen werden, die wiederholt Stellenangebote ablehnen.",stimme zu,"Wer arbeiten kann, soll auch arbeiten. Wenn jemand grundsätzlich nicht bereit ist, Arbeit anzunehmen, muss der Staat davon ausgehen, dass er nicht bedürftig ist. Dann muss die Grundsicherung komplett gestrichen werden.",1,economic_security,Economic security,direct,-1,-1
3,GRÜNE,BÜNDNIS 90/DIE GRÜNEN,3,Streichung des Bürgergelds,"Das Bürgergeld soll denjenigen gestrichen werden, die wiederholt Stellenangebote ablehnen.",stimme nicht zu,"Mit dem Bürgergeld haben wir Instrumente geschaffen, mit denen für viele Menschen Chancen auf dem Arbeitsmarkt entstehen. Dazu gehören Qualifizierung und Coaching oder geförderte Beschäftigung durch den sozialen Arbeitsmarkt. Die Allermeisten nehmen diese Angebote an. Nur ein Bruchteil verweigert sich. Wir fordern aktive Mitwirkung ein. Unser Ziel ist, so viele Menschen wie möglich in zumutbare Arbeit zu führen. Grundsätzlich gilt: Ein menschenwürdiges Existenzminimum muss gewährleistet sein.",-1,economic_security,Economic security,direct,-1,1
4,FDP,Freie Demokratische Partei,3,Streichung des Bürgergelds,"Das Bürgergeld soll denjenigen gestrichen werden, die wiederholt Stellenangebote ablehnen.",stimme zu,"Unser oberstes Ziel lautet: Arbeit statt Bürgergeld. Denn Arbeit ist das Fundament für Glück und Erfolg. Gesellschaftlich ist das auch eine Frage der Fairness gegenüber dem arbeitenden Steuerzahler. Erwerbsfähige Arbeitslose müssen sich darum bemühen, die eigene Hilfsbedürftigkeit durch Arbeit und Qualifizierung zu überwinden. Bei fehlender Initiative sollen die Sozialleistungen Stück für Stück reduziert werden. Dazu wollen wir die Sanktionen wirksamer gestalten.",1,economic_security,Economic security,direct,-1,-1
5,AfD,Alternative für Deutschland,3,Streichung des Bürgergelds,"Das Bürgergeld soll denjenigen gestrichen werden, die wiederholt Stellenangebote ablehnen.",stimme zu,"Bürgergeld ist eine Sozialleistung für Arbeitssuchende. Wenn ein Arbeitssuchender wiederholt Stellenangebote ablehnt, obwohl sie zumutbar sind, kann der Solidargemeinschaft seine finanzielle Unterstützung nicht länger zugemutet werden.",1,economic_security,Economic security,direct,-1,-1
6,Die Linke,Die Linke,3,Streichung des Bürgergelds,"Das Bürgergeld soll denjenigen gestrichen werden, die wiederholt Stellenangebote ablehnen.",stimme nicht zu,"Das Verfassungsgericht hat bereits entschieden, dass das Bürgergeld nicht auf Null gekürzt werden darf. Wer das fordert, stellt sich außerhalb der Verfassung. Die Linke will, dass Erwerbslose in gute Arbeit vermittelt werden.",-1,economic_security,Economic security,direct,-1,1
26,BSW,Bündnis Sahra Wagenknecht – Vernunft und Gerechtigkeit,3,Streichung des Bürgergelds,"Das Bürgergeld soll denjenigen gestrichen werden, die wiederholt Stellenangebote ablehnen.",stimme zu,"Dies darf aber nur beim Angebot von zumutbaren Tätigkeiten gelten, die der beruflichen Qualifikation entsprechen.",1,economic_security,Economic security,direct,-1,-1
1,SPD,Sozialdemokratische Partei Deutschlands,4,Tempolimit auf Autobahnen,Auf allen Autobahnen soll ein generelles Tempolimit gelten.,stimme zu,"Wir wollen ein Tempolimit von 130 Stundenkilometern auf Bundesautobahnen einführen. Dadurch wird es deutlich sicherer und entspannter auf der Autobahn: Stress, Unfälle, Staus und Lärm werden weniger. Es gibt weniger Verkehrstote und Schwerverletzte. Und das Tempolimit leistet auch einen schnellen und wirksamen Beitrag zum Klimaschutz. In allen unseren Nachbarländern fährt es sich gut mit einem Tempolimit.",1,not_directly_related,Not directly related,low,0,0
2,CDU / CSU,Christlich Demokratische Union Deutschlands / Christlich-Soziale Union in Bayern e.V.,4,Tempolimit auf Autobahnen,Auf allen Autobahnen soll ein generelles Tempolimit gelten.,stimme nicht zu,"Wir sehen in der individuellen Mobilität den Inbegriff von Freiheit und spielen deshalb unterschiedliche Verkehrsmittel nicht gegeneinander aus. Anti-Auto-Haltung, Fahrverbote für Innenstädte, das Umwidmen von Parkplätzen und ein generelles Tempolimit auf deutschen Autobahnen lehnen wir ab und setzen stattdessen auf innovative, moderne Verkehrssteuerung. An Gefahrenstellen bestehen schon heute Tempolimits, um die Verkehrssicherheit zu erhöhen.",-1,not_directly_related,Not directly related,low,0,0
3,GRÜNE,BÜNDNIS 90/DIE GRÜNEN,4,Tempolimit auf Autobahnen,Auf allen Autobahnen soll ein generelles Tempolimit gelten.,stimme zu,"Als einziges Land weltweit erlaubt Deutschland das unbegrenzte Rasen auf Autobahnen, zum Schaden von Menschenleben und Umwelt. Ein Tempolimit ist gut für die Verkehrssicherheit und den Klimaschutz. Es sorgt zudem dafür, dass der Verkehr flüssiger läuft.",1,not_directly_related,Not directly related,low,0,0
4,FDP,Freie Demokratische Partei,4,Tempolimit auf Autobahnen,Auf allen Autobahnen soll ein generelles Tempolimit gelten.,stimme nicht zu,"Wir Freie Demokraten lehnen ein generelles Tempolimit auf Autobahnen ab. Auch ohne Tempolimit sind die deutschen Autobahnen mit die sichersten in Europa. Wir vertrauen auf die Eigenverantwortung mündiger Bürger. Ein faires Miteinander aller Verkehrsteilnehmer erreichen wir nicht durch Verbote, sondern durch ausgewogene Regeln und gegenseitigen Respekt. Ein Tempolimit würde keine entscheidende Reduzierung des CO2-Ausstoßes bewirken, es ist Symbolpolitik gegen die freie Entscheidung und das Auto.",-1,not_directly_related,Not directly related,low,0,0
5,AfD,Alternative für Deutschland,4,Tempolimit auf Autobahnen,Auf allen Autobahnen soll ein generelles Tempolimit gelten.,stimme nicht zu,Es gibt bereits viel zu viele politisch motivierte Einflüsse auf das Verkehrsgeschehen. Bürger sind mündig und in der Lage nach Maßgabe der StVo zu handeln und ihre Geschwindigkeit anzupassen wo dies erforderlich ist.,-1,not_directly_related,Not directly related,low,0,0
6,Die Linke,Die Linke,4,Tempolimit auf Autobahnen,Auf allen Autobahnen soll ein generelles Tempolimit gelten.,stimme zu,"Die Linke unterstützt die Einführung eines generellen Tempolimits auf Autobahnen. Wer schon mal im Ausland Auto gefahren ist, weiß: Das ist für alle entspannter. Mit dem Tempolimit können erhebliche Mengen an CO2 eingespart. Und es gibt viel weniger Tote und Verletzte bei Autounfällen.",1,not_directly_related,Not directly related,low,0,0
26,BSW,Bündnis Sahra Wagenknecht – Vernunft und Gerechtigkeit,4,Tempolimit auf Autobahnen,Auf allen Autobahnen soll ein generelles Tempolimit gelten.,stimme nicht zu,,-1,not_directly_related,Not directly related,low,0,0
1,SPD,Sozialdemokratische Partei Deutschlands,5,Abweisung Asylsuchender,"Asylsuchende, die über einen anderen EU-Staat eingereist sind, sollen an den deutschen Grenzen abgewiesen werden.",stimme nicht zu,"Wir halten uns an europäisches Recht! Nur so werden wir der großen Herausforderung der Bewältigung unserer humanitären Verantwortung gerecht. Dafür war es ein großer Erfolg, dass nach vielen Jahren der Blockade endlich alle Mitgliedstaaten wieder an einem Strang ziehen. Die SPD wird keine europarechtswidrigen Alleingänge unternehmen, wie es unsere politische Konkurrenz fordert. Auch, weil ansonsten ungewollten Kettenreaktionen durch andere Mitgliedstaaten die Lage wieder verschlechtern würden.",-1,social_trust,Social trust and cohesion,direct,-1,1
2,CDU / CSU,Christlich Demokratische Union Deutschlands / Christlich-Soziale Union in Bayern e.V.,5,Abweisung Asylsuchender,"Asylsuchende, die über einen anderen EU-Staat eingereist sind, sollen an den deutschen Grenzen abgewiesen werden.",stimme zu,"Die Grenzkontrollen an den deutschen Grenzen werden wir mit Zurückweisungen verbinden. Wir setzen einen faktischen Aufnahmestopp sofort durch. Dazu weisen wir diejenigen an den deutschen Grenzen zurück, die aus einem anderen Mitgliedstaat der EU oder dem Schengen-Raum nach Deutschland einreisen und bei uns einen Asylantrag stellen wollen. Wer aus einem anderen EU-Staat kommt, hat dort bereits die Gelegenheit Asyl zu beantragen.",1,social_trust,Social trust and cohesion,direct,-1,-1
3,GRÜNE,BÜNDNIS 90/DIE GRÜNEN,5,Abweisung Asylsuchender,"Asylsuchende, die über einen anderen EU-Staat eingereist sind, sollen an den deutschen Grenzen abgewiesen werden.",stimme nicht zu,"Wir setzen auf europäische Kooperation und eine faire Verteilung von Schutzsuchenden in Europa. Dafür ist eine zuverlässige Registrierung von Asylsuchenden bei der Einreise notwendig. Pauschale Zurückweisungen an den Binnengrenzen sind falsch, europarechtlich nicht zulässig und würden den europäischen Zusammenhalt gefährden.",-1,social_trust,Social trust and cohesion,direct,-1,1
4,FDP,Freie Demokratische Partei,5,Abweisung Asylsuchender,"Asylsuchende, die über einen anderen EU-Staat eingereist sind, sollen an den deutschen Grenzen abgewiesen werden.",stimme zu,"Menschen, die von vornherein keine Möglichkeit haben, ein Bleiberecht in Deutschland zu erlangen, sollten besser gar nicht erst einreisen. Aus diesem Grund unterstützen wir Freie Demokraten die modellhafte Erprobung von Zurückweisungen an den deutschen Außengrenzen, um alle rechtlichen Möglichkeiten zur Begrenzung der irregulären Migration auszuschöpfen.",1,social_trust,Social trust and cohesion,direct,-1,-1
5,AfD,Alternative für Deutschland,5,Abweisung Asylsuchender,"Asylsuchende, die über einen anderen EU-Staat eingereist sind, sollen an den deutschen Grenzen abgewiesen werden.",stimme zu,"Deutsches Recht schließt die Einreise aus einem sicheren Drittstaat zum Zweck der Asylgewährung aus. Entgegen dieser Rechtslage werden solche Einreisen seit Jahren geduldet. In der Realität bleibt fast jeder auch illegal eingereiste Asylbewerber dauerhaft hier. Dieser Zustand ist untragbar. Der Verweis auf eine angeblich notwendige Zuständigkeitsüberprüfung für das Asylverfahren greift hierbei ausdrücklich nicht, da diese auch im bereits sicheren, zuvor durchquerten EU-Nachbarstaat möglich wäre.",1,social_trust,Social trust and cohesion,direct,-1,-1
6,Die Linke,Die Linke,5,Abweisung Asylsuchender,"Asylsuchende, die über einen anderen EU-Staat eingereist sind, sollen an den deutschen Grenzen abgewiesen werden.",stimme nicht zu,"Wir halten es nicht für rechtens, Geflüchtete an den Grenzen abzuweisen. Die Verteilung innerhalb der EU muss in geordneten Verfahren erfolgen. Aufnahmebereite Länder, Städte und Regionen sollen mit EU-Mitteln finanziell und strukturell besonders unterstützt werden.",-1,social_trust,Social trust and cohesion,direct,-1,1
26,BSW,Bündnis Sahra Wagenknecht – Vernunft und Gerechtigkeit,5,Abweisung Asylsuchender,"Asylsuchende, die über einen anderen EU-Staat eingereist sind, sollen an den deutschen Grenzen abgewiesen werden.",stimme zu,,1,social_trust,Social trust and cohesion,direct,-1,-1
1,SPD,Sozialdemokratische Partei Deutschlands,6,Begrenzung der Mietpreise,Bei Neuvermietungen sollen die Mietpreise weiterhin gesetzlich begrenzt werden.,stimme zu,"Wir wollen langfristig für stabile und bezahlbare Mieten in angespannten Wohnungsmärkten sorgen. Die Mietpreisbremse läuft ohne gesetzliche Änderung zum 31.12.25 aus. Wir wollen das Gesetz ändern und sie unbefristet einführen. Wir werden dafür sorgen, dass die Mietpreisbremse nicht durch z.B. (teil-)möblierte und befristete Wohnungsangebote umgangen werden kann. Den Mietspiegel-Betrachtungszeitraum wollen wir auf zehn Jahre ausweiten und preisgebundenen Wohnraum in die Betrachtung einbeziehen.",1,economic_security,Economic security,direct,1,1
2,CDU / CSU,Christlich Demokratische Union Deutschlands / Christlich-Soziale Union in Bayern e.V.,6,Begrenzung der Mietpreise,Bei Neuvermietungen sollen die Mietpreise weiterhin gesetzlich begrenzt werden.,stimme zu,"Wir stehen für einen wirksamen und angemessenen Mieterschutz – dazu gehören auch Regeln zur Miethöhe. Gegen die hohen Mieten, die v. a. in Ballungsräumen ein Problem sind, hilft aber letztlich nur: bauen, bauen, bauen. Dafür setzen wir gute Rahmenbedingungen.",1,economic_security,Economic security,direct,1,1
3,GRÜNE,BÜNDNIS 90/DIE GRÜNEN,6,Begrenzung der Mietpreise,Bei Neuvermietungen sollen die Mietpreise weiterhin gesetzlich begrenzt werden.,stimme zu,"Ja, denn etwa die Hälfte der Menschen in unserem Land lebt zur Miete und muss dafür immer mehr Geld ausgeben. Die Mietpreisbremse nur zu verlängern reicht nicht mehr aus. Wir wollen die Anstiege der Mieten über die ortsübliche Vergleichsmiete hinaus stärker begrenzen und gesetzliche Schlupflöcher schließen, etwa bei möblierten Wohnungen oder Ferienwohnungen. Wir wollen gute Rahmenbedingungen für schnelles, preiswertes und klimaverträgliches Bauen schaffen.",1,economic_security,Economic security,direct,1,1
4,FDP,Freie Demokratische Partei,6,Begrenzung der Mietpreise,Bei Neuvermietungen sollen die Mietpreise weiterhin gesetzlich begrenzt werden.,stimme nicht zu,"Mehr bezahlbaren Wohnraum gibt es nur durch mehr Neubau. Um gutes Wohnen für alle zu ermöglichen, sind ausgewogene Regeln zwischen Mietern und Vermietern wichtig. Viele private Vermieter ziehen sich aus dem Markt zurück, weil Vermieten durch komplizierte Regelungen unattraktiv geworden ist. Das verschärft den Wohnungsmangel. Die Mietpreisbremse ist eher eine Investitionsbremse. Einen bundesweiten Mietendeckel lehnen wir ab. Menschen mit niedrigem Einkommen unterstützen wir durch das Wohngeld.",-1,economic_security,Economic security,direct,1,-1
5,AfD,Alternative für Deutschland,6,Begrenzung der Mietpreise,Bei Neuvermietungen sollen die Mietpreise weiterhin gesetzlich begrenzt werden.,stimme nicht zu,"Mieten steigen, weil staatlich Institutionen mit Bauvorschriften und Baubehinderung das Angebot verknappen. Wir brauchen einen massiven Rückbau der Bürokratie und Abschiebungen unberechtigter Personen, dies wird zur Regulierung der Mieten durch Angebot und Nachfrage führen.",-1,economic_security,Economic security,direct,1,-1
6,Die Linke,Die Linke,6,Begrenzung der Mietpreise,Bei Neuvermietungen sollen die Mietpreise weiterhin gesetzlich begrenzt werden.,stimme zu,"Die bisherige Begrenzung der Miete durch die Mietpreisbremse ist wirkungslos, das sehen wir an den explodierenden Mieten. Die Linke fordert einen bundesweiten Mietendeckel. Unser Ziel: Die Explosion der Mieten nicht nur bremsen, sondern beenden und rückgängig machen. In angespannten Wohnungsmärkten müssen besonders hohe Mieten abgesenkt werden. Als Sofortmaßnahme müssen Mieterhöhungen für die nächsten sechs Jahre ausgeschlossen werden.",1,economic_security,Economic security,direct,1,1
26,BSW,Bündnis Sahra Wagenknecht – Vernunft und Gerechtigkeit,6,Begrenzung der Mietpreise,Bei Neuvermietungen sollen die Mietpreise weiterhin gesetzlich begrenzt werden.,stimme zu,,1,economic_security,Economic security,direct,1,1
1,SPD,Sozialdemokratische Partei Deutschlands,7,Automatisierte Gesichtserkennung,An Bahnhöfen soll die Bundespolizei Software zur automatisierten Gesichtserkennung einsetzen dürfen.,stimme nicht zu,Wir sprechen uns gegen eine anlasslose Überwachung der Bürgerinnen und Bürger im öffentlichen Raum aus.,-1,democratic_institutions,Democratic institutions and rule of law,direct,-1,1
2,CDU / CSU,Christlich Demokratische Union Deutschlands / Christlich-Soziale Union in Bayern e.V.,7,Automatisierte Gesichtserkennung,An Bahnhöfen soll die Bundespolizei Software zur automatisierten Gesichtserkennung einsetzen dürfen.,stimme zu,"Wir fordern den Ausbau des Videoschutzes an öffentlichen Gefahrenorten und Systeme zur automatisierten Gesichtserkennung an Bahnhöfen, Flughäfen und anderen Kriminalitätsschwerpunkten zur Identifizierung schwerer Straftäter.",1,democratic_institutions,Democratic institutions and rule of law,direct,-1,-1
3,GRÜNE,BÜNDNIS 90/DIE GRÜNEN,7,Automatisierte Gesichtserkennung,An Bahnhöfen soll die Bundespolizei Software zur automatisierten Gesichtserkennung einsetzen dürfen.,stimme nicht zu,"Wir wollen, dass sich Menschen im Alltag bewegen können, ohne Sorge vor Überwachung zu haben. Eine automatisierte Gesichtserkennung von Fahrgästen wäre ein folgenreicher und unverhältnismäßiger Einschnitt in diese Freiheit. Kameraüberwachungen an Bahnhöfen und anderen gefährdeten öffentlichen Orten sowie eine regelmäßige Bestreifung durch die Polizei können hingegen mehr Sicherheit gewährleisten.",-1,democratic_institutions,Democratic institutions and rule of law,direct,-1,1
4,FDP,Freie Demokratische Partei,7,Automatisierte Gesichtserkennung,An Bahnhöfen soll die Bundespolizei Software zur automatisierten Gesichtserkennung einsetzen dürfen.,stimme nicht zu,"Die Bürgerinnen und Bürger haben das Recht, sich ohne ständige Kontrolle im öffentlichen Raum zu bewegen. Videoüberwachung kann an einzelnen Kriminalitätsschwerpunkten wie Bahnhöfen Sinn ergeben, ersetzt jedoch niemals die Präsenz von Polizistinnen und Polizisten sowie funktionierende Präventionskonzepte. Eine flächendeckende Überwachung im öffentlichen Raum darf es daher nicht geben. Den Einsatz von automatisierter Gesichtserkennung im öffentlichen Raum lehnen wir ab.",-1,democratic_institutions,Democratic institutions and rule of law,direct,-1,1
5,AfD,Alternative für Deutschland,7,Automatisierte Gesichtserkennung,An Bahnhöfen soll die Bundespolizei Software zur automatisierten Gesichtserkennung einsetzen dürfen.,stimme zu,Bahnhöfe gehören heutzutage leider zu den Hochrisikozonen. Dem wachsenden Anstieg der Kriminalität dort kann die Polizei nur begrenzt mit einem personellen Aufwuchs begegnen. Der Einsatz moderner Technik wie die automatisierte Gesichtserkennung kann die personelle Problematik zum Teil kompensieren. Datenschutzrechtliche Bedenken können durch entsprechende gesetzliche Regelungen ausgeräumt werden.,1,democratic_institutions,Democratic institutions and rule of law,direct,-1,-1
6,Die Linke,Die Linke,7,Automatisierte Gesichtserkennung,An Bahnhöfen soll die Bundespolizei Software zur automatisierten Gesichtserkennung einsetzen dürfen.,stimme nicht zu,"Flächendeckende Überwachung gehört in autoritäre Staaten, nicht in eine Demokratie. Wir verteidigen das Recht auf informationelle Selbstbestimmung. Automatisierte Gesichtserkennung und Verhaltensklassifikation führen oft zu Diskriminierung.",-1,democratic_institutions,Democratic institutions and rule of law,direct,-1,1
26,BSW,Bündnis Sahra Wagenknecht – Vernunft und Gerechtigkeit,7,Automatisierte Gesichtserkennung,An Bahnhöfen soll die Bundespolizei Software zur automatisierten Gesichtserkennung einsetzen dürfen.,neutral,,0,democratic_institutions,Democratic institutions and rule of law,direct,-1,0
1,SPD,Sozialdemokratische Partei Deutschlands,8,Energieintensive Unternehmen,Energieintensive Unternehmen sollen vom Staat einen finanziellen Ausgleich für ihre Stromkosten erhalten.,stimme zu,"Wir wollen schnell handeln, um Arbeitsplätze zu sichern und die Wirtschaft zu stärken. Dafür braucht es wettbewerbsfähige Strompreise für die Industrie und bezahlbare Preise für Privathaushalte. Die Stromkosten haben verschiedene Bestandteile, die wir mit unserem Vorschlag gezielt angehen: Die Kosten für den Ausbau der Stromnetze, die die Verbraucher*innen zu tragen haben, wollen wir deckeln. Die Stromsteuersenkung für das produzierende Gewerbe und die Landwirtschaft soll dauerhaft gelten.",1,economic_security,Economic security,direct,1,1
2,CDU / CSU,Christlich Demokratische Union Deutschlands / Christlich-Soziale Union in Bayern e.V.,8,Energieintensive Unternehmen,Energieintensive Unternehmen sollen vom Staat einen finanziellen Ausgleich für ihre Stromkosten erhalten.,stimme zu,"CDU und CSU wollen die Rahmenbedingungen am Standort Deutschland verbessern. Dafür werden wir nicht nur die Industrieunternehmen beim Strompreis entlasten, sondern auch Handwerks- und Dienstleistungsunternehmen sowie Haushalte. Kurzum: Wenn wir die Energiepreise für alle in Deutschland durch eine Reduktion der Netzentgelte und der Stromsteuer senken, profitieren alle.",1,economic_security,Economic security,direct,1,1
3,GRÜNE,BÜNDNIS 90/DIE GRÜNEN,8,Energieintensive Unternehmen,Energieintensive Unternehmen sollen vom Staat einen finanziellen Ausgleich für ihre Stromkosten erhalten.,stimme zu,"Unser Anspruch ist es, dass Deutschland ein starker Industriestandort bleibt, um Arbeitsplätze und Wertschöpfung zu sichern. Eine sichere, saubere und bezahlbare Energieversorgung ist ein entscheidender Standortfaktor. Durch den Ausbau der Erneuerbaren werden die Strompreise sinken. Bis es so weit ist, setzen wir uns für eine Strompreiskompensation für energieintensive Unternehmen ein, die im globalen Wettbewerb sind.",1,economic_security,Economic security,direct,1,1
4,FDP,Freie Demokratische Partei,8,Energieintensive Unternehmen,Energieintensive Unternehmen sollen vom Staat einen finanziellen Ausgleich für ihre Stromkosten erhalten.,stimme nicht zu,Wir Freie Demokraten wollen die Stromsteuer in einem ersten Schritt auf das EU-Mindestmaß absenken und werden uns auf europäischer Ebene für ihre Abschaffung einsetzen. Anders als bei einem Industriestrompreis gibt es dabei keine Wettbewerbsverzerrung zwischen Mittelstand und Industrie. Zudem wollen wir die Netzentgelte als großen Treiber der Stromkosten umfassend reformieren. Denn die hohen Energiekosten in Deutschland stellen einen großen Wettbewerbsnachteil für den Wirtschaftsstandort dar.,-1,economic_security,Economic security,direct,1,-1
5,AfD,Alternative für Deutschland,8,Energieintensive Unternehmen,Energieintensive Unternehmen sollen vom Staat einen finanziellen Ausgleich für ihre Stromkosten erhalten.,stimme nicht zu,Wir wollen unseren zukünftigen Energiemix ideologiefrei und technologieoffen gestalten und uns dafür günstige Energiequellen erschließen. Das schließt die Wiederinbetriebnahme von Atomkraftwerken und günstiges Pipeline-Gas mit ein. Wir wollen auf diese Weise wieder zu international wettbewerbsfähigen Energie- und Stromkosten gelangen. Zudem werden wir die Energiesteuern stark senken und die CO2-Abgabe komplett abschaffen. Eine Bezuschussung der Stromkosten von Unternehmen erübrigt sich damit.,-1,economic_security,Economic security,direct,1,-1
6,Die Linke,Die Linke,8,Energieintensive Unternehmen,Energieintensive Unternehmen sollen vom Staat einen finanziellen Ausgleich für ihre Stromkosten erhalten.,stimme zu,"Wir fordern, dass energieintensive Industrie im Umbau u.a. mit einem günstigen Strompreis unterstützt wird. Das wollen wir aus dem Klima- und Transformationsfonds finanzieren, mit dem wir den klimagerechten Umbau der Wirtschaft fördern wollen.",1,economic_security,Economic security,direct,1,1
26,BSW,Bündnis Sahra Wagenknecht – Vernunft und Gerechtigkeit,8,Energieintensive Unternehmen,Energieintensive Unternehmen sollen vom Staat einen finanziellen Ausgleich für ihre Stromkosten erhalten.,stimme nicht zu,Wir wollen mit vernünftiger Energiepolitik die Strompreise für Verbraucher und Industrie senken. Eine pauschale Dauersubvention von energieintensiven Unternehmen auf Kosten der Steuerzahler lehnen wir ab.,-1,economic_security,Economic security,direct,1,-1
1,SPD,Sozialdemokratische Partei Deutschlands,9,Rente nach 40 Beitragsjahren,Alle Beschäftigten sollen bereits nach 40 Beitragsjahren ohne Abschläge in Rente gehen können.,stimme nicht zu,"Die SPD hat dafür gesorgt, dass alle Menschen nach 45 Beitragsjahren zwei Jahre früher abschlagsfrei in Rente gehen können. Wir verteidigen dieses Recht gegen die Bestrebungen von Union und FDP, es abzuschaffen. Unser Schwerpunkt liegt darauf, auch künftig das Rentenniveau bei mindestens 48 % zu stabilisieren.",-1,economic_security,Economic security,direct,1,-1
2,CDU / CSU,Christlich Demokratische Union Deutschlands / Christlich-Soziale Union in Bayern e.V.,9,Rente nach 40 Beitragsjahren,Alle Beschäftigten sollen bereits nach 40 Beitragsjahren ohne Abschläge in Rente gehen können.,stimme nicht zu,Wir stehen für Verlässlichkeit beim Renteneintrittsalter. An der bestehenden gesetzlichen Regelung zum Renteneintrittsalter halten wir fest. Die Regelung für besonders langjährige Versicherte mit 45 Versicherungsjahren behalten wir mit Blick auf die Planungssicherheit für Unternehmen und rentennahe Jahrgänge bei. Eine Absenkung der Beitragsjahre würde zu stark steigenden Rentenbeiträgen führen und ist im Hinblick auf den Arbeitskräftemangel nicht zu vertreten.,-1,economic_security,Economic security,direct,1,-1
3,GRÜNE,BÜNDNIS 90/DIE GRÜNEN,9,Rente nach 40 Beitragsjahren,Alle Beschäftigten sollen bereits nach 40 Beitragsjahren ohne Abschläge in Rente gehen können.,stimme nicht zu,"Wir wollen grundsätzlich an den bisherigen Regeln zum Renteneintritt festhalten. Wer darüber hinaus noch arbeiten möchte und noch arbeiten kann, der oder dem erleichtern wir dies. Gleichzeitig unterstützen wir diejenigen, die schon vor dem Rentenalter ihre Belastungsgrenze erreicht haben.",-1,economic_security,Economic security,direct,1,-1
4,FDP,Freie Demokratische Partei,9,Rente nach 40 Beitragsjahren,Alle Beschäftigten sollen bereits nach 40 Beitragsjahren ohne Abschläge in Rente gehen können.,stimme nicht zu,"Wir Freie Demokraten stehen für einen wirklich flexiblen Renteneintritt. Die Menschen sollen nach schwedischem Vorbild künftig selbst entscheiden, wann der Ruhestand beginnt, sofern dann keine Sozialleistungen beantragt werden müssen. Je später jemand in Rente geht, desto höher die Rente - wer früher geht, bekommt eine niedrigere Rente. Teilrenten sind unkompliziert möglich.",-1,economic_security,Economic security,direct,1,-1
5,AfD,Alternative für Deutschland,9,Rente nach 40 Beitragsjahren,Alle Beschäftigten sollen bereits nach 40 Beitragsjahren ohne Abschläge in Rente gehen können.,stimme nicht zu,"Die Rente ist eine Versicherungsleistung. Ihre Höhe hängt von der Höhe der Einzahlungen ab. Eine Ausnahme gibt es nur in Form des Grundrentenaufschlags für langjährig Versicherte mit sehr niedriger Rente. Die AfD möchte im Grundsatz jedem Beschäftigtem die Entscheidung über den Renteneintritt selbst überlassen. Bei einem Renteneintritt vor dem Rentenregelalter bedeutet dies Abschläge, bei einem längerem Arbeitsleben Aufschläge. Das heißt aber auch, dass wer kürzer arbeitet, weniger Rente erhält",-1,economic_security,Economic security,direct,1,-1
6,Die Linke,Die Linke,9,Rente nach 40 Beitragsjahren,Alle Beschäftigten sollen bereits nach 40 Beitragsjahren ohne Abschläge in Rente gehen können.,stimme zu,"Die Rente erst ab 67 bedeutet Rentenkürzungen für alle. Das gilt besonders für Berufe, in denen Beschäftigte nicht so lange durchhalten können, wie auf dem Bau oder in der Pflege. Die Linke will die Regelaltersgrenze auf 65 Jahre senken und das Rentenniveau wieder auf 53 Prozent anheben. Wer 40 Jahre lang gearbeitet und Beiträge gezahlt hat, soll ab 60 ohne Abschläge und Kürzungen in Rente gehen können. ",1,economic_security,Economic security,direct,1,1
26,BSW,Bündnis Sahra Wagenknecht – Vernunft und Gerechtigkeit,9,Rente nach 40 Beitragsjahren,Alle Beschäftigten sollen bereits nach 40 Beitragsjahren ohne Abschläge in Rente gehen können.,stimme zu,"Dies würdigt die Lebensleistung der Arbeitnehmer. Es erkennt langjährige Arbeit und auch, dass mehr als 40 Arbeitsjahre in belastenden Berufen oft nicht leistbar sind.",1,economic_security,Economic security,direct,1,1
1,SPD,Sozialdemokratische Partei Deutschlands,10,Grundgesetz,Im einleitenden Satz des Grundgesetzes soll weiterhin die Formulierung „Verantwortung vor Gott“ stehen.,stimme zu,"Diese Formulierung spiegelt die historischen Wurzeln des Grundgesetzes (GG) in Deutschland wider und betont die ethischen Grundlagen unserer Gesellschaft. Sie ergänzt Artikel 1, der die Unantastbarkeit der Menschenwürde betont, indem sie eine Verpflichtung zur Achtung dieser Würde impliziert. Ebendiese Traditionen im GG zu bewahren, stärkt die Einheit und Stabilität unserer pluralistischen Gesellschaft.",1,democratic_institutions,Democratic institutions and rule of law,indirect,0,0
2,CDU / CSU,Christlich Demokratische Union Deutschlands / Christlich-Soziale Union in Bayern e.V.,10,Grundgesetz,Im einleitenden Satz des Grundgesetzes soll weiterhin die Formulierung „Verantwortung vor Gott“ stehen.,stimme zu,"Bei der Einführung der Präambel haben sich die Mütter und Väter des Grundgesetzes von folgendem Gedanken leiten lassen: Wir nehmen nicht für uns in Anspruch, dass wir die letzte Wahrheit präsentieren, sondern wir sind uns bewusst, dass alles, was wir tun, menschengemacht ist. Und der Mensch kann immer auch fehlbar sein. Das gilt auch heute noch. Als christlich geprägte Parteien wollen wir als CDU und CSU an der Formulierung festhalten.",1,democratic_institutions,Democratic institutions and rule of law,indirect,0,0
3,GRÜNE,BÜNDNIS 90/DIE GRÜNEN,10,Grundgesetz,Im einleitenden Satz des Grundgesetzes soll weiterhin die Formulierung „Verantwortung vor Gott“ stehen.,neutral,"Der Gottesbezug im Grundgesetz ist seit seiner Formulierung umstritten. Er hat aber kaum Direktionskraft für unsere Rechtslage und ist damit für das Leben der Menschen in Deutschland nahezu unbedeutend. Die religiöse Neutralität des Staates ist an anderer Stelle im Grundgesetz verankert. Daher sehen wir keine dringende Notwendigkeit, den Gottesbezug zu debattieren.",0,democratic_institutions,Democratic institutions and rule of law,indirect,0,0
4,FDP,Freie Demokratische Partei,10,Grundgesetz,Im einleitenden Satz des Grundgesetzes soll weiterhin die Formulierung „Verantwortung vor Gott“ stehen.,neutral,"Die FDP verteidigt die Verfassung. Das Grundgesetz sollte nur geändert werden, wenn damit ein Mehrwert einhergeht. Die Religionsfreiheit schützt schon heute unterschiedliche Bekenntnisse – ebenso wie die Freiheit, nicht religiös zu sein. Das Staatskirchenrecht wollen wir zu einem Religionsverfassungsrecht weiterentwickeln. Den Verfassungsauftrag, die Staatsleistungen abzulösen, wollen wir umsetzen.",0,democratic_institutions,Democratic institutions and rule of law,indirect,0,0
5,AfD,Alternative für Deutschland,10,Grundgesetz,Im einleitenden Satz des Grundgesetzes soll weiterhin die Formulierung „Verantwortung vor Gott“ stehen.,stimme zu,"Es handelt sich bei der Formulierung nicht um einen „einleitenden Satz“, sondern um einen Teil der Präambel, die Teil des gesamten Verfassungswerks ist. Der Gottesbezug war zum Zeitpunkt der Schaffung des GG ein Bezugspunkt für die Geschichte des christlichen Abendlandes, der die Verfassungsgeber sich verpflichtet fühlten im Kontrast zur Barbarei der NS-Diktatur. Diese zeithistorische Rahmenbedingung ist so bedeutungsvoll, dass sie es verdient, dauerhaft dokumentiert zu werden.",1,democratic_institutions,Democratic institutions and rule of law,indirect,0,0
6,Die Linke,Die Linke,10,Grundgesetz,Im einleitenden Satz des Grundgesetzes soll weiterhin die Formulierung „Verantwortung vor Gott“ stehen.,stimme nicht zu,Die Linke tritt für die Trennung von Staat und Religion sowie die Gleichbehandlung aller Religionen und Weltanschauungen mit den christlichen Kirchen ein.,-1,democratic_institutions,Democratic institutions and rule of law,indirect,0,0
26,BSW,Bündnis Sahra Wagenknecht – Vernunft und Gerechtigkeit,10,Grundgesetz,Im einleitenden Satz des Grundgesetzes soll weiterhin die Formulierung „Verantwortung vor Gott“ stehen.,neutral,,0,democratic_institutions,Democratic institutions and rule of law,indirect,0,0
1,SPD,Sozialdemokratische Partei Deutschlands,11,Anwerbung von Fachkräften,Deutschland soll weiterhin die Anwerbung von Fachkräften aus dem Ausland fördern.,stimme zu,"Deutschland profitiert seit langem davon, dass wir ein Einwanderungsland sind. Die Bundesagentur für Arbeit hat berechnet, dass wir jedes Jahr eine Nettozuwanderung von 400.000 Arbeitskräften aus dem Ausland brauchen, um dem Fachkräftemangel zu begegnen. Deshalb haben wir das Fachkräfteeinwanderungsgesetz geschaffen, um auch im internationalen Wettstreit um Fachkräfte bestehen zu können. Das ist wichtig für unsere Wirtschaft und unseren Wohlstand. Diesen Weg setzen wir fort.",1,institutional_responsiveness,Institutional responsiveness,indirect,1,1
2,CDU / CSU,Christlich Demokratische Union Deutschlands / Christlich-Soziale Union in Bayern e.V.,11,Anwerbung von Fachkräften,Deutschland soll weiterhin die Anwerbung von Fachkräften aus dem Ausland fördern.,stimme zu,Wir wollen ausländische Fachkräfte gewinnen und für ausländische Fachkräfte ein attraktiver Standort sein. Für schnellere und digitale Prozesse für Erwerbszuwanderer richten wir eine digitale Bundesagentur für Fachkräfteeinwanderung („Work-and-Stay-Agentur“) ein. Fachkräfte erhalten so Service aus einer Hand: von der Anwerbung und Arbeitsplatzvermittlung über die Prüfung der Einreisevoraussetzungen und Visavergabe bis hin zum Aufenthaltstitel.,1,institutional_responsiveness,Institutional responsiveness,indirect,1,1
3,GRÜNE,BÜNDNIS 90/DIE GRÜNEN,11,Anwerbung von Fachkräften,Deutschland soll weiterhin die Anwerbung von Fachkräften aus dem Ausland fördern.,stimme zu,"Der Mangel an Arbeits- und Fachkräften ist eine der größten Herausforderungen für die deutsche Wirtschaft. Neben besserer Ausbildung, Anreizen für längeres Arbeiten und mehr gleichberechtigter Erwerbstätigkeit von Frauen sind wir auch auf die Zuwanderung von ausländischen Fachkräften angewiesen. Wir wollen den Einwanderungsprozess durch eine digitale Einwanderungsagentur modernisieren und beschleunigen. Auch die Anerkennung von ausländischen Berufsabschlüssen werden wir vereinfachen.",1,institutional_responsiveness,Institutional responsiveness,indirect,1,1
4,FDP,Freie Demokratische Partei,11,Anwerbung von Fachkräften,Deutschland soll weiterhin die Anwerbung von Fachkräften aus dem Ausland fördern.,stimme zu,"Deutschland hat einen Arbeitskräftemangel. Daher ist es wichtig, die Qualifizierung zu verbessern und auch die Erwerbstätigkeit von Frauen zu erleichtern. Darüber hinaus brauchen wir Einwanderung in den Arbeitsmarkt. Hochqualifizierten Fachkräften wollen wir diese weiter erleichtern. Zudem wollen wir die Europäische Blue Card für weitere nicht-akademische Fachkräfte öffnen und die unpraktikablen Verdienstuntergrenzen abschaffen. Mit einem One-Stop-Shop bündeln und beschleunigen wir Verfahren.",1,institutional_responsiveness,Institutional responsiveness,indirect,1,1
5,AfD,Alternative für Deutschland,11,Anwerbung von Fachkräften,Deutschland soll weiterhin die Anwerbung von Fachkräften aus dem Ausland fördern.,neutral,"Wir begrüßen die Zuwanderung qualifizierter Fachkräfte, sofern diese zum Erfolg unseres Landes sowie zur Stärkung des Wirtschaftsstandorts Deutschland beitragen können. Das gilt für alle Berufsfelder, in denen bei uns Mangel herrscht., beispielsweise im Handwerk, im Gesundheitswesen, in naturwissenschaftlichen und IT-Berufen. Beenden werden wir dagegen den Irrweg der Vermischung von qualifizierter Zuwanderung und humanitärem Schutz.",0,institutional_responsiveness,Institutional responsiveness,indirect,1,0
6,Die Linke,Die Linke,11,Anwerbung von Fachkräften,Deutschland soll weiterhin die Anwerbung von Fachkräften aus dem Ausland fördern.,neutral,"Wir halten es für problematisch, wenn in anderen Ländern Fachkräfte abgeworben werden, die dort oft fehlen. Für Menschen, die bereits in Deutschland sind, wollen wir aber schnelle und umfassende Arbeitserlaubnisse. Qualifikationen und Abschlüsse auch von Nicht-EU-Bürger*innen müssen schneller anerkannt werden. Gegen den Fachkräftemangel hilft, wen die Betriebe wieder mehr ausbilden – und gute Löhne und Arbeitsbedingungen.",0,institutional_responsiveness,Institutional responsiveness,indirect,1,0
26,BSW,Bündnis Sahra Wagenknecht – Vernunft und Gerechtigkeit,11,Anwerbung von Fachkräften,Deutschland soll weiterhin die Anwerbung von Fachkräften aus dem Ausland fördern.,neutral,"Fachkräfte aus dem Ausland anzuwerben, kann sinnvoll sein. Das Problem des Fachkräftemangels mit Fachkräften aus dem Ausland zu lösen, halten wir für falsch. Viele junge Menschen verlassen unsere Schulen ohne Abschluss. Die hausgemachten Probleme des Fachkräftemangels müssen angegangen werden, indem unser Bildungssystem so reformiert wird, dass möglichst alle jungen Menschen die Schule mit einem Abschluss verlassen und eine gute Berufsausbildung erhalten – unabhängig vom Einkommen ihrer Eltern.",0,institutional_responsiveness,Institutional responsiveness,indirect,1,0
1,SPD,Sozialdemokratische Partei Deutschlands,12,Nutzung der Kernenergie,Für die Stromerzeugung soll Deutschland wieder Kernenergie nutzen.,stimme nicht zu,"Alle deutschen Atomkraftwerke wurden stillgelegt. Sie werden inzwischen abgebaut. Dieser Prozess ist nicht mehr umkehrbar. Neue Atomkraftwerke wären extrem teuer und passen nicht zu einer Energieversorgung, die auf Erneuerbare setzt. Für den Müll der bisherigen Nutzung der Atomkraft braucht es die sichere Endlagerung der radioaktiven Stoffe. Wir werden das Endlager-Suchverfahren konstruktiv begleiten und beschleunigen, ohne die Sicherheit zu gefährden.",-1,institutional_responsiveness,Institutional responsiveness,indirect,0,0
2,CDU / CSU,Christlich Demokratische Union Deutschlands / Christlich-Soziale Union in Bayern e.V.,12,Nutzung der Kernenergie,Für die Stromerzeugung soll Deutschland wieder Kernenergie nutzen.,stimme zu,"Mit Blick auf die Klimaziele und die Versorgungssicherheit hat die Kernkraft eine bedeutende Rolle. Dabei setzen wir auf Energiepartnerschaften mit Nachbarländern, die Forschung zu Kernenergie der vierten und fünften Generation, Kleinkernkraft- und Fusionskraftwerke. Gleichzeitig streben wir schnellstmöglich eine fachliche Bestandsaufnahme an, ob angesichts des jeweiligen Rückbaustadiums eine Wiederaufnahme des Betriebs der zuletzt abgeschalteten Kernkraftwerke noch möglich ist.",1,institutional_responsiveness,Institutional responsiveness,indirect,0,0
3,GRÜNE,BÜNDNIS 90/DIE GRÜNEN,12,Nutzung der Kernenergie,Für die Stromerzeugung soll Deutschland wieder Kernenergie nutzen.,stimme nicht zu,"Eine Rückkehr zur Atomkraft ist weder für das Erreichen der Klimaziele noch für die Versorgungssicherheit notwendig. Neue Atomkraftwerke scheiden wegen der extrem langen Planungs- und Bauzeiten, der hohen Kosten und Risiken und der ungeklärten Entsorgungsfrage von Atommüll als realistische Option für die Energieversorgung aus.",-1,institutional_responsiveness,Institutional responsiveness,indirect,0,0
4,FDP,Freie Demokratische Partei,12,Nutzung der Kernenergie,Für die Stromerzeugung soll Deutschland wieder Kernenergie nutzen.,stimme zu,"Wir setzen uns für eine technologieoffene Energiepolitik ein. Dies umfasst auch die Kernenergie. Die Wiederinbetriebnahme bestehender Kernkraftwerke wollen wir rechtlich ermöglichen und den Betreibern überlassen. Das deutsche Atomrecht wollen wir reformieren. Kernkraftwerke der neuen Generation, z. B. Small Modular Reactors, sollen in Deutschland rechtssicher gebaut werden können. Für die Kernfusion wollen wir einen innovationsfreundlichen Rechtsrahmen außerhalb des Atomrechts.",1,institutional_responsiveness,Institutional responsiveness,indirect,0,0
5,AfD,Alternative für Deutschland,12,Nutzung der Kernenergie,Für die Stromerzeugung soll Deutschland wieder Kernenergie nutzen.,stimme zu,"Kernenergie ist eine günstige, sichere, saubere und bedarfsgerecht steuerbare Energieform mit geringem Flächenbedarf. Kohle- wie auch Kernkraft müssen ausgebaut werden. Dabei sollen bewährte Techniken und neue Entwicklungen berücksichtigt werden. Bestehende Kraftwerke werden schnellstens wieder in Betrieb genommen. Dafür notwendigen Techniken und Voraussetzungen sollen wieder in deutschen Firmen, Behörden, Instituten und Universitäten angesiedelt werden.",1,institutional_responsiveness,Institutional responsiveness,indirect,0,0
6,Die Linke,Die Linke,12,Nutzung der Kernenergie,Für die Stromerzeugung soll Deutschland wieder Kernenergie nutzen.,stimme nicht zu,"Erneuerbare Energien sind mittlerweile viel billiger als Atomkraft. Atomkraft ist eine unbeherrschbare Risikotechnologie, die im Störfall todbringend ist und über Generationen hinweg Mensch und Umwelt massiv gefährdet. Die Endlagerfrage für Atommüll ist bis heute nicht geklärt. Die Linke will eine Energiewende auf der Basis von erneuerbaren Energien ohne Atomkraft.",-1,institutional_responsiveness,Institutional responsiveness,indirect,0,0
26,BSW,Bündnis Sahra Wagenknecht – Vernunft und Gerechtigkeit,12,Nutzung der Kernenergie,Für die Stromerzeugung soll Deutschland wieder Kernenergie nutzen.,stimme nicht zu,"Die abgeschalteten Kraftwerke können nicht wieder aktiviert werden. Der Aufwand wäre zu groß, zu teuer und das notwendige Personal fehlt. Der Neubau von Atommeilern ist ebenfalls teuer, wirtschaftlich nicht rentabel und dauert viele Jahre. Zudem ist das Problem der Lagerung des Atommülls nach wie vor nicht gelöst. Eine Rückkehr zur Atomkraft ist daher nicht möglich und auch nicht sinnvoll. Die Forschung und Entwicklung von neuer Kernkraft-Technologie sollte hingegen gefördert werden.",-1,institutional_responsiveness,Institutional responsiveness,indirect,0,0
1,SPD,Sozialdemokratische Partei Deutschlands,13,Anhebung des Spitzensteuersatzes,Bei der Besteuerung von Einkommen soll der Spitzensteuersatz angehoben werden.,stimme zu,"Wir wollen die große Mehrheit der Einkommensteuerpflichtigen entlasten (95 %). Das bedeutet mehr Netto vom Brutto. Gerade mittlere Einkommen werden durch den Steuertarif relativ stark in Anspruch genommen. Der Spitzensteuersatz greift aktuell zu früh und soll daher künftig erst bei höheren Einkommen einsetzen. Gleichzeitig soll der Spitzensteuersatz moderat steigen, um Spitzeneinkommen an der Finanzierung der Entlastung für die große Mehrheit gerecht zu beteiligen.",1,economic_security,Economic security,direct,1,1
2,CDU / CSU,Christlich Demokratische Union Deutschlands / Christlich-Soziale Union in Bayern e.V.,13,Anhebung des Spitzensteuersatzes,Bei der Besteuerung von Einkommen soll der Spitzensteuersatz angehoben werden.,stimme nicht zu,"Bürger und Unternehmen zahlen in Deutschland zu hohe Steuern. Daher ist jetzt keine Zeit für Steuererhöhungen, sondern für Steuersenkungen. Denn Leistung muss sich wieder lohnen. Daher werden wir die Einkommensteuer reduzieren. Dazu flachen wir den Einkommensteuertarif schrittweise spürbar ab und erhöhen den Grundfreibetrag. Das kommt allen kleinen und mittleren Einkommen zugute. Zudem erhöhen wir die Einkommensgrenze für den Spitzensteuersatz deutlich.",-1,economic_security,Economic security,direct,1,-1
3,GRÜNE,BÜNDNIS 90/DIE GRÜNEN,13,Anhebung des Spitzensteuersatzes,Bei der Besteuerung von Einkommen soll der Spitzensteuersatz angehoben werden.,stimme zu,"Wir wollen das Steuersystem gerechter gestalten. Bei einer Reform der Einkommensteuer sollten kleine und mittlere Einkommen bis weit in die obere Mittelschicht entlastet werden. Um dies zu finanzieren und damit die Reform für den Staatshaushalt tragbar ist, müssten Spitzen- und Reichensteuersatz entsprechend angehoben werden. Weitere Tarifstufen zwischen Spitzen- und Reichensteuersatz sind denkbar.",1,economic_security,Economic security,direct,1,1
4,FDP,Freie Demokratische Partei,13,Anhebung des Spitzensteuersatzes,Bei der Besteuerung von Einkommen soll der Spitzensteuersatz angehoben werden.,stimme nicht zu,"Der Spitzensteuersatz darf künftig nur noch von Menschen gezahlt werden, die auch wirklich spitzenmäßig verdienen und nicht schon von der Mitte der Gesellschaft. Konkret fordern wir, dass sich der Spitzensteuersatz künftig an der aktuellen Beitragsbemessungsgrenze der Rentenversicherung orientiert. Damit greift der Spitzensteuersatz nicht mehr schon ab einem Jahreseinkommen von gut 68.000 Euro, sondern erst ab 96.600 Euro.",-1,economic_security,Economic security,direct,1,-1
5,AfD,Alternative für Deutschland,13,Anhebung des Spitzensteuersatzes,Bei der Besteuerung von Einkommen soll der Spitzensteuersatz angehoben werden.,stimme nicht zu,"Wir setzen auf das Prinzip „Mehr Netto vom Brutto“ für alle Steuerzahler und werden deshalb die Einkommensteuer durchgehend senken: Der einkommensteuerliche Grundfreibetrag wird auf 15.000 Euro erhöht. Daraus ergibt sich eine korrespondierende Verschiebung von weiteren Tarifeckwerten bis hin zum Spitzensteuersatz. Die Finanzierung erfolgt durch massive Reduzierung von Ausgaben, insbesondere durch den Verzicht auf ideologiebasierte Projekte.",-1,economic_security,Economic security,direct,1,-1
6,Die Linke,Die Linke,13,Anhebung des Spitzensteuersatzes,Bei der Besteuerung von Einkommen soll der Spitzensteuersatz angehoben werden.,stimme zu,"Der Spitzensteuersatz in Deutschland ist im europäischen Vergleich sehr niedrig. Über Jahrzehnte ist die Steuerbelastung für hohe Einkommen abgesenkt worden. Wir wollen den Spitzensteuersatz und den Reichensteuersatz erhöhen. Den Steuerfreibetrag wollen wir auf 16.800 Euro erhöhen. So zahlen alle, die weniger als 7.000 Euro brutto im Monat verdienen, weniger Steuern.",1,economic_security,Economic security,direct,1,1
26,BSW,Bündnis Sahra Wagenknecht – Vernunft und Gerechtigkeit,13,Anhebung des Spitzensteuersatzes,Bei der Besteuerung von Einkommen soll der Spitzensteuersatz angehoben werden.,stimme zu,"Die verfehlte Steuerpolitik der vergangenen Bundesregierungen hat dazu geführt, dass immer mehr Bürger den Spitzensteuersatz zahlen müssen, obwohl sie eigentlich der Mittelschicht angehören. Das BSW akzeptiert diese Ungerechtigkeit nicht. Wir passen den Einkommensteuertarif so an, dass Menschen mit einem Einkommen unter 7500 Euro brutto pro Monat steuerlich entlastet und die Steuern auf sehr hohe Einkommen erhöht werden.",1,economic_security,Economic security,direct,1,1
1,SPD,Sozialdemokratische Partei Deutschlands,14,Kompetenzen in der Schulpolitik,Der Bund soll mehr Kompetenzen in der Schulpolitik erhalten.,stimme zu,"Wir brauchen einen echten Bildungsaufbruch, um den Herausforderungen beim Ausgleich von Bildungsnachteilen gerecht zu werden. Damit dieser Aufbruch gelingt, müssen sich alle staatlichen Ebenen ihrer Verantwortung bewusst sein und den Weg fortsetzen, in enger Abstimmung gemeinsame Impulse für ein besseres Bildungssystem und mehr Bildungsgerechtigkeit zu setzen – auch mit einer gemeinsamen finanziellen Kraftanstrengung. Das Startchancenprogramm für Schulen ist hierbei ein wesentlicher Meilenstein.",1,institutional_responsiveness,Institutional responsiveness,direct,1,1
2,CDU / CSU,Christlich Demokratische Union Deutschlands / Christlich-Soziale Union in Bayern e.V.,14,Kompetenzen in der Schulpolitik,Der Bund soll mehr Kompetenzen in der Schulpolitik erhalten.,stimme nicht zu,CDU und CSU stehen zum föderalen Bildungswesen und dem Wettbewerb um die besten Bildungskonzepte. Gleichwohl darf der Wohnort nicht über die Qualität der Bildung entscheiden. Daher setzen wir auf aussagekräftige und verbindliche Vergleichsarbeiten und Lernstandserhebungen. Außerdem streben wir ein bundesweit qualitativ vergleichbares Abitur auf hohem Niveau an.,-1,institutional_responsiveness,Institutional responsiveness,direct,1,-1
3,GRÜNE,BÜNDNIS 90/DIE GRÜNEN,14,Kompetenzen in der Schulpolitik,Der Bund soll mehr Kompetenzen in der Schulpolitik erhalten.,stimme zu,"Wir brauchen eine engere Kooperation zwischen Bund und Ländern in der Bildungspolitik. Wo verfassungsrechtliche Beschränkungen zuverlässige und notwendige Investitionen in Bildung aktuell verhindern, werden wir mit den Ländern gemeinsame Ziele und tragfähige Lösungen vereinbaren, um die großen Herausforderungen im Bildungssystem erfolgreich gemeinsam zu bewältigen.",1,institutional_responsiveness,Institutional responsiveness,direct,1,1
4,FDP,Freie Demokratische Partei,14,Kompetenzen in der Schulpolitik,Der Bund soll mehr Kompetenzen in der Schulpolitik erhalten.,stimme zu,Wir fordern eine grundlegende Reform des Bildungsföderalismus mit mehr Kompetenzen für den Bund. Wir wollen einheitliche bundesweite Qualitätsstandards für Bildung von Kindern ab der Kita bis zum Schulabschluss schaffen. Durch einheitliche Abschlussprüfungen (wie z. B. ein Deutschland-Abitur) stellen wir die bundesweite Vergleichbarkeit sicher. Die Kultusministerkonferenz wollen wir als Entscheidungsgremium abschaffen und durch einen Bundesbildungsrat ersetzen.,1,institutional_responsiveness,Institutional responsiveness,direct,1,1
5,AfD,Alternative für Deutschland,14,Kompetenzen in der Schulpolitik,Der Bund soll mehr Kompetenzen in der Schulpolitik erhalten.,stimme nicht zu,"Die Bundesländer sollten aufgrund ihrer Unterschiede in Kultur, Struktur und Region in den wichtigen Bildungsbereichen ihre Eigenständigkeit bewahren. Insofern bekennt die AfD sich zum Bildungsföderalismus und hält die bisherigen Kompetenzen des Bundes in der Schulpolitik für ausreichend.",-1,institutional_responsiveness,Institutional responsiveness,direct,1,-1
6,Die Linke,Die Linke,14,Kompetenzen in der Schulpolitik,Der Bund soll mehr Kompetenzen in der Schulpolitik erhalten.,stimme zu,"Überall im Bildungsbereich investieren die Bundesländer zu wenig. An vielen Schulen regnet es durchs Dach, ist die Sporthalle gesperrt oder sind die Toiletten unbenutzbar. Es fehlt an Personal, andauernd fällt Unterricht aus – und die Abschlüsse sind zwischen den Bundesländern immer noch nicht vergleichbar. Der Bund soll es sich zur Aufgabe machen, dass die Schule soziale Ungleichheiten ausgleicht, statt sie zu verstärken.",1,institutional_responsiveness,Institutional responsiveness,direct,1,1
26,BSW,Bündnis Sahra Wagenknecht – Vernunft und Gerechtigkeit,14,Kompetenzen in der Schulpolitik,Der Bund soll mehr Kompetenzen in der Schulpolitik erhalten.,stimme zu,,1,institutional_responsiveness,Institutional responsiveness,direct,1,1
1,SPD,Sozialdemokratische Partei Deutschlands,15,Rüstungsexporte nach Israel,Aus Deutschland sollen weiterhin Rüstungsgüter nach Israel exportiert werden dürfen.,stimme zu,"Aus der deutschen Verantwortung für die Shoa bekennen wir uns als SPD uneingeschränkt zum Existenzrecht Israels. Das bedeutet auch, dass wir Verantwortung für die Verteidigungsfähigkeit Israels tragen und Israel entsprechend mit Rüstungsgütern unterstützen. Dem liegen sorgfältige Einzelfallentscheidungen auf Basis des humanitären Völkerrechts und der Wahrung der Menschenrechte zugrunde.",1,democratic_institutions,Democratic institutions and rule of law,indirect,0,0
2,CDU / CSU,Christlich Demokratische Union Deutschlands / Christlich-Soziale Union in Bayern e.V.,15,Rüstungsexporte nach Israel,Aus Deutschland sollen weiterhin Rüstungsgüter nach Israel exportiert werden dürfen.,stimme zu,"Deutschland trägt mit seiner Geschichte eine besondere Verantwortung für die Existenz und die Sicherheit Israels. Aus dieser Überzeugung unterstützen wir das Recht Israels auf Selbstverteidigung gegen den Terror, der Israel bedroht. Es liegt in unserem Interesse, dass wir fest an der Seite der einzigen Demokratie im Nahen und Mittleren Osten stehen. Dazu wollen wir Israel auch militärisch unterstützen und noch bestehende Exportblockaden beenden.",1,democratic_institutions,Democratic institutions and rule of law,indirect,0,0
3,GRÜNE,BÜNDNIS 90/DIE GRÜNEN,15,Rüstungsexporte nach Israel,Aus Deutschland sollen weiterhin Rüstungsgüter nach Israel exportiert werden dürfen.,stimme zu,"Das ist eine der derzeit schwersten Fragen. Wir stehen ein für die Sicherheit Israels und aller Israelis - ebenso für das humanitäre Völkerrecht. Israel muss sich gegen Raketen der Hamas oder aus Iran verteidigen können. Doch das ist kein Blankoscheck, weder für Israel noch für Rüstungsexporte. Bei jeder Entscheidung dazu ist humanitäres Völkerrecht zu beachten. Wenn dem Schutz der Zivilbevölkerung in Gaza im Einzelfall nicht genug Rechnung getragen ist, dürfen Waffen nicht exportiert werden.",1,democratic_institutions,Democratic institutions and rule of law,indirect,0,0
4,FDP,Freie Demokratische Partei,15,Rüstungsexporte nach Israel,Aus Deutschland sollen weiterhin Rüstungsgüter nach Israel exportiert werden dürfen.,stimme zu,"Die Existenz und Sicherheit Israels ist Teil deutscher Staatsräson und unverzichtbarer Pfeiler deutscher Außen- und Sicherheitspolitik. Wir müssen Israel alles zur Verfügung stellen, was es für sein völkerrechtlich garantiertes Selbstverteidigungsrecht benötigt. Rüstungsexporte sind dafür ein legitimes Mittel und dienen dazu, strategische Partnerschaften und die Stabilität in geopolitisch wichtigen Regionen zu sichern. Israel wollen wir bei Rüstungsexporten NATO-Staaten gleichstellen.",1,democratic_institutions,Democratic institutions and rule of law,indirect,0,0
5,AfD,Alternative für Deutschland,15,Rüstungsexporte nach Israel,Aus Deutschland sollen weiterhin Rüstungsgüter nach Israel exportiert werden dürfen.,neutral,"Wir erkennen uneingeschränkt das Existenzrecht Israels an und das Recht des Staates Israel dieses auch militärisch zu verteidigen. Dies gilt ins besonders auch vor dem Hintergrund des terroristischen Angriffs der Hamas in Israel am 7. Oktober 2023. Die grundsätzliche Position der AfD keine Waffen in Spannungs- oder Kriegsgebiete zu liefern, bleibt davon aber unberührt.",0,democratic_institutions,Democratic institutions and rule of law,indirect,0,0
6,Die Linke,Die Linke,15,Rüstungsexporte nach Israel,Aus Deutschland sollen weiterhin Rüstungsgüter nach Israel exportiert werden dürfen.,stimme nicht zu,Auch beim Krieg im Nahen Osten gibt es keine militärische Lösung. Es braucht diplomatischen Druck für einen Waffenstillstand und einen nachhaltigen Frieden. Dazu gehört ein Prozess der Aussöhnung. Der Internationale Strafgerichtshof muss bei der Aufklärung und Verfolgung der Verbrechen auf beiden Seiten unterstützt werden.,-1,democratic_institutions,Democratic institutions and rule of law,indirect,0,0
26,BSW,Bündnis Sahra Wagenknecht – Vernunft und Gerechtigkeit,15,Rüstungsexporte nach Israel,Aus Deutschland sollen weiterhin Rüstungsgüter nach Israel exportiert werden dürfen.,stimme nicht zu,,-1,democratic_institutions,Democratic institutions and rule of law,indirect,0,0
1,SPD,Sozialdemokratische Partei Deutschlands,16,Krankenkassen,Alle Bürgerinnen und Bürger sollen in gesetzlichen Krankenkassen versichert sein müssen.,stimme zu,"Die SPD setzt auf ein solidarisches, beitragsfinanziertes Krankenversicherungssystem und auf einen gerechten Finanzausgleich zwischen den Krankenkassen. Auch die privaten Versicherungen sollen zum Risikostrukturausgleich beitragen. Krankenkassen und private Krankenversicherungen bilden so ein System einer solidarischen Bürgerversicherung aus, an dem alle beteiligt sind.",1,economic_security,Economic security,direct,1,1
2,CDU / CSU,Christlich Demokratische Union Deutschlands / Christlich-Soziale Union in Bayern e.V.,16,Krankenkassen,Alle Bürgerinnen und Bürger sollen in gesetzlichen Krankenkassen versichert sein müssen.,stimme nicht zu,Wir stehen zu den Grundpfeilern des deutschen Gesundheitssystems mit seiner bewährten Selbstverwaltung und zum Nebeneinander von gesetzlicher und privater Krankenversicherung. Das duale System wollen wir erhalten und stärken. Es sorgt für Wettbewerb und trägt zu einer auskömmlichen Finanzierung unseres Gesundheitssystems bei.,-1,economic_security,Economic security,direct,1,-1
3,GRÜNE,BÜNDNIS 90/DIE GRÜNEN,16,Krankenkassen,Alle Bürgerinnen und Bürger sollen in gesetzlichen Krankenkassen versichert sein müssen.,stimme zu,"Wir wollen Gesundheit und Pflege in unserer Gesellschaft verlässlicher und gerechter als bisher finanzieren. Dazu sollen alle Versicherten beitragen, gleich ob sie in einer gesetzlichen Krankenkasse oder privat versichert sind. In unserem Konzept einer Bürgerversicherung kann so auch die private Krankenversicherung als Teil eines integrierten Versicherungssystems mit solidarischem Finanzausgleich fortbestehen.",1,economic_security,Economic security,direct,1,1
4,FDP,Freie Demokratische Partei,16,Krankenkassen,Alle Bürgerinnen und Bürger sollen in gesetzlichen Krankenkassen versichert sein müssen.,stimme nicht zu,"Wir bekennen uns zum dualen System aus gesetzlicher (GKV) und privater (PKV) Krankenversicherung. Wir lehnen eine Einheitskasse (sogenannte Bürgerversicherung) ab, weil diese eine schlechtere Versorgung für alle Versicherten bedeuten würde. Wir setzen uns dafür ein, dass man leichter zwischen GKV und PKV hin- und herwechseln kann.",-1,economic_security,Economic security,direct,1,-1
5,AfD,Alternative für Deutschland,16,Krankenkassen,Alle Bürgerinnen und Bürger sollen in gesetzlichen Krankenkassen versichert sein müssen.,stimme nicht zu,"Der medizinische Fortschritt wird in erster Linie von den Privatversicherten finanziert, da Ärzte und Krankenhäuser deutlich mehr an ihnen verdienen als an gesetzlich Versicherten. Die hohen Versicherungsbeiträge für die gesetzlichen Krankenkasse entstehen, weil die Länder ihre gesetzlichen Aufgaben in der Krankenhaus-Infrastruktur nicht ausreichend wahrnehmen, und der Bund die gesetzlich Versicherten z.B. auch für die Krankenversicherung der Bürgergeldempfänger mitbezahlen lässt.",-1,economic_security,Economic security,direct,1,-1
6,Die Linke,Die Linke,16,Krankenkassen,Alle Bürgerinnen und Bürger sollen in gesetzlichen Krankenkassen versichert sein müssen.,stimme zu,"Die Linke will keine Zwei-Klassen-Versorgung für privat und gesetzlich Versicherte. Wenn alle in die gesetzlichen Krankenkassen einzahlen, wird die Versorgung für alle besser, Zuzahlungen entfallen. Die Beiträge für alle, die weniger als 7.100 Euro im Monat verdienen, sinken.",1,economic_security,Economic security,direct,1,1
26,BSW,Bündnis Sahra Wagenknecht – Vernunft und Gerechtigkeit,16,Krankenkassen,Alle Bürgerinnen und Bürger sollen in gesetzlichen Krankenkassen versichert sein müssen.,stimme zu,"Das BSW will die Zwei-Klassen-Medizin beenden. Zusatzbeiträge sollen abgeschafft und eine Bürgerversicherung eingeführt werden, in die alle Bürger nach ihrem Einkommen einzahlen und gleiche Leistungen auf dem Niveau der höchsten medizinischen Standards erhalten. Krankenhausprivatisierungen und das Vordringen von Finanzinvestoren in den medizinischen Sektor müssen gestoppt und die Krankenhausreform rückgängig gemacht werden. Krankenhausschließungen und das System der Fallpauschalen lehnen wir ab",1,economic_security,Economic security,direct,1,1
1,SPD,Sozialdemokratische Partei Deutschlands,17,Abschaffung der Frauenquote,Die gesetzliche Frauenquote in Vorständen und Aufsichtsräten börsennotierter Unternehmen soll abgeschafft werden.,stimme nicht zu,"Nein, im Gegenteil. Die Quote wirkt. Unser Ziel ist und bleibt die gleichberechtigte Teilhabe von Frauen und Männern in Führungspositionen. Dazu werden wir das Führungspositionen-Gesetz weiterentwickeln mit dem Ziel, bis 2030 Parität in Aufsichtsräten und Vorständen zu erreichen. Als nächsten Schritt streben wir ein Gleichstellungsgesetz für die Privatwirtschaft an.",-1,social_trust,Social trust and cohesion,direct,-1,1
2,CDU / CSU,Christlich Demokratische Union Deutschlands / Christlich-Soziale Union in Bayern e.V.,17,Abschaffung der Frauenquote,Die gesetzliche Frauenquote in Vorständen und Aufsichtsräten börsennotierter Unternehmen soll abgeschafft werden.,stimme nicht zu,"Solange Frauen in Aufsichtsräten und Vorständen von Unternehmen nach wie vor unterrepräsentiert sind, kann die Frauenquote für Aufsichtsräte und Vorstände von Unternehmen dazu beitragen, gleichberechtigte Teilhabe von Frauen in Führungspositionen zu ermöglichen.",-1,social_trust,Social trust and cohesion,direct,-1,1
3,GRÜNE,BÜNDNIS 90/DIE GRÜNEN,17,Abschaffung der Frauenquote,Die gesetzliche Frauenquote in Vorständen und Aufsichtsräten börsennotierter Unternehmen soll abgeschafft werden.,stimme nicht zu,"Frauen machen über die Hälfte der Bevölkerung aus, sind aber noch weit von der Hälfte der wirtschaftlichen und politischen Macht entfernt. Wir sind daher weiterhin für Frauenquoten in Aufsichtsräten und Vorständen großer Unternehmen. Die bereits bestehenden Regelungen werden wir weiterentwickeln, damit sie noch besser wirken.",-1,social_trust,Social trust and cohesion,direct,-1,1
4,FDP,Freie Demokratische Partei,17,Abschaffung der Frauenquote,Die gesetzliche Frauenquote in Vorständen und Aufsichtsräten börsennotierter Unternehmen soll abgeschafft werden.,neutral,"Wir Freie Demokraten setzen uns für mehr Vielfalt in Unternehmen sowie im öffentlichen Dienst und damit auch für mehr Frauen in Führungspositionen ein. Eine Quote verbessert aber nicht die bisherigen Rahmenbedingungen und greift tief in die unternehmerische Freiheit ein. Wir setzen daher auf bessere Vereinbarkeit von Familie und Beruf, mehr Wahlfreiheit bei der Aufteilung von Sorge- und Erwerbsarbeit und auf Anreize für eine Unternehmenskultur, die mehr Vielfalt in Führungspositionen ermöglicht.",0,social_trust,Social trust and cohesion,direct,-1,0
5,AfD,Alternative für Deutschland,17,Abschaffung der Frauenquote,Die gesetzliche Frauenquote in Vorständen und Aufsichtsräten börsennotierter Unternehmen soll abgeschafft werden.,stimme zu,"Unternehmen sollten ihre Arbeitnehmer nach dem Prinzip der Bestenauslese wählen und nicht aufgrund von festgelegten Quoten. Durch Frauenquoten wird die Leistung von Frau entwertet, gleichzeitig stellt sie eine erhebliche Form der Geschlechterdiskriminierung dar.",1,social_trust,Social trust and cohesion,direct,-1,-1
6,Die Linke,Die Linke,17,Abschaffung der Frauenquote,Die gesetzliche Frauenquote in Vorständen und Aufsichtsräten börsennotierter Unternehmen soll abgeschafft werden.,stimme nicht zu,"Die Linke setzt sich dafür ein, dass Frauen überall gleiches Geld für gleichwertige Arbeit bekommen und gleiche Chancen im Beruf haben. Die Quote wirkt: In den Vorständen der größten deutschen Börsenkonzerne sitzen so viele Frauen wie nie zuvor.",-1,social_trust,Social trust and cohesion,direct,-1,1
26,BSW,Bündnis Sahra Wagenknecht – Vernunft und Gerechtigkeit,17,Abschaffung der Frauenquote,Die gesetzliche Frauenquote in Vorständen und Aufsichtsräten börsennotierter Unternehmen soll abgeschafft werden.,stimme nicht zu,,-1,social_trust,Social trust and cohesion,direct,-1,1
1,SPD,Sozialdemokratische Partei Deutschlands,18,Ökologische Landwirtschaft,Ökologische Landwirtschaft soll stärker gefördert werden als konventionelle Landwirtschaft.,stimme zu,"Der Ökologische Landbau ist ressourcenschonend und umweltverträglich und bringt qualitativ hochwertige Lebensmittel hervor. Wir unterstützen Deutschlands Ziel, bis 2030 30 % der landwirtschaftlichen Fläche ökologisch zu bewirtschaften. Dafür braucht es gute Rahmenbedingungen entlang der gesamten Wertschöpfungskette. Auch im konventionellen Bereich kann bodenschonend, tierwohlgerecht und klimaangepasst gearbeitet werden. Das wollen wir ebenfalls unterstützen.",1,not_directly_related,Not directly related,low,0,0
2,CDU / CSU,Christlich Demokratische Union Deutschlands / Christlich-Soziale Union in Bayern e.V.,18,Ökologische Landwirtschaft,Ökologische Landwirtschaft soll stärker gefördert werden als konventionelle Landwirtschaft.,stimme nicht zu,"Konventionelle und ökologische Landwirtschaft sind uns gleich wichtig. Nachhaltige Wirtschaftsweisen lassen sich sowohl in ökologischen wie in konventionellen Betrieben erreichen, wenn diese z. B. Natur- und Umweltschutzmaßnahmen durchführen. Deshalb ist unser Ziel, dass die Betriebe bei der Vergabe von Fördermitteln für Nachhaltigkeitsmaßahmen mit vergleichbarer Wirkung auch gleichbehandelt werden.",-1,not_directly_related,Not directly related,low,0,0
3,GRÜNE,BÜNDNIS 90/DIE GRÜNEN,18,Ökologische Landwirtschaft,Ökologische Landwirtschaft soll stärker gefördert werden als konventionelle Landwirtschaft.,stimme zu,"Eine wichtige Rolle beim Schutz der natürlichen Lebensgrundlagen spielt die ökologische Landwirtschaft. Naturschonende Erzeugungsformen müssen einen Vorteil gegenüber konventioneller Landwirtschaft haben. Auch regionale Produkte sind immer mehr gefragt. Deshalb wollen wir landwirtschaftliche Betriebe mit dem regionalen Lebensmittelhandwerk zusammenbringen, beispielsweise mit der Förderung regionaler Wertschöpfungsketten.",1,not_directly_related,Not directly related,low,0,0
4,FDP,Freie Demokratische Partei,18,Ökologische Landwirtschaft,Ökologische Landwirtschaft soll stärker gefördert werden als konventionelle Landwirtschaft.,stimme nicht zu,"Die FDP setzt sich für eine nachhaltige Intensivierung der Landwirtschaft ein, die sowohl ökologische als auch konventionelle Betriebe berücksichtigt. Innovative Konzepte, die nachhaltige Praktiken mit hoher Ertragskraft verbinden, sollten stärker gefördert werden. Im Rahmen der Gemeinsamen Agrarpolitik (GAP) sollten daher Anreize geschaffen werden, um Betriebe bei der Einführung nachhaltiger Intensivierungsmaßnahmen zu unterstützen.",-1,not_directly_related,Not directly related,low,0,0
5,AfD,Alternative für Deutschland,18,Ökologische Landwirtschaft,Ökologische Landwirtschaft soll stärker gefördert werden als konventionelle Landwirtschaft.,stimme nicht zu,"Es kommt hier nicht auf die Gesamtmenge der Förderungen an, sondern auf die konkrete einzelbetriebliche Maßnahme. Die jeweiligen Förderungen sind hier so auszubalancieren, dass nicht zu viel in einen ökologischen Nischenmarkt investiert wird, der in Zeiten inflationärer Lebensmittelpreise keine Abnehmer findet, und zugleich die flächendeckende Versorgung mit heimischen Lebensmitteln aus konventioneller Produktion sichergestellt werden kann.",-1,not_directly_related,Not directly related,low,0,0
6,Die Linke,Die Linke,18,Ökologische Landwirtschaft,Ökologische Landwirtschaft soll stärker gefördert werden als konventionelle Landwirtschaft.,stimme zu,"Die Linke kämpft für eine sozial gerechte und auf das Gemeinwohl orientierte Landwirtschaft, die das Klima und die Natur schont und mit dem Tierschutz vereinbar ist. Wir stehen an der Seite der Landwirt*innen. Sie leisten für die Gesellschaft überlebensnotwendige Arbeit. Menschen, die in der Landwirtschaft arbeiten, müssen davon gut leben können. Wer sich zu höheren Standards verpflichtet, soll auch stärker gefördert werden.",1,not_directly_related,Not directly related,low,0,0
26,BSW,Bündnis Sahra Wagenknecht – Vernunft und Gerechtigkeit,18,Ökologische Landwirtschaft,Ökologische Landwirtschaft soll stärker gefördert werden als konventionelle Landwirtschaft.,neutral,"Wir streben eine Landwirtschaftspolitik im Interesse der Verbraucher an, die unsere Landwirte vorgroßen Agrarkonzernen schützt, lokal ausgerichtet ist und zu Tier- und Umweltschutz beiträgt. Es muss darum gehen, die konventionelle Landwirtschaft ökologischer zu machen und nicht einseitig vor allem Biobetriebe zu fördern.",0,not_directly_related,Not directly related,low,0,0
1,SPD,Sozialdemokratische Partei Deutschlands,19,Projekte gegen Rechtsextremismus,Der Bund soll Projekte gegen Rechtsextremismus verstärkt fördern.,stimme zu,"Eine lebendige Zivilgesellschaft ist das Rückgrat unserer Demokratie. Rechtsextremismus bedroht die demokratische Grundordnung, schürt Hass und spaltet unsere Gemeinschaft. 2024 erreichte die rechtsextreme Kriminalität mit 33.963 Straftaten, darunter 1.136 Gewaltdelikte, einen traurigen Höchststand. Mit dem Demokratiefördergesetz und Programmen wie Demokratie leben! unterstützen wir Initiativen gegen Extremismus, fördern Engagement und sichern den gesellschaftlichen Zusammenhalt.",1,democratic_institutions,Democratic institutions and rule of law,direct,1,1
2,CDU / CSU,Christlich Demokratische Union Deutschlands / Christlich-Soziale Union in Bayern e.V.,19,Projekte gegen Rechtsextremismus,Der Bund soll Projekte gegen Rechtsextremismus verstärkt fördern.,stimme zu,"Wir brauchen Wachsamkeit gegenüber jeder Form von Extremismus, von Gewalt und Terror – ob es sich um Rechts- oder Linksextremismus handelt oder den Islamismus. Rechtsextremisten delegitimieren unseren Staat und seine Institutionen. Offene Gewaltbereitschaft und Ausländerfeindlichkeit machen sie besonders gefährlich. Wir bekämpfen sie mit voller Härte auf der Basis unseres 2020 gestarteten Maßnahmenpakets gegen Rechtsextremismus.",1,democratic_institutions,Democratic institutions and rule of law,direct,1,1
3,GRÜNE,BÜNDNIS 90/DIE GRÜNEN,19,Projekte gegen Rechtsextremismus,Der Bund soll Projekte gegen Rechtsextremismus verstärkt fördern.,stimme zu,"Der Rechtsextremismus stellt nach Einschätzungen der Sicherheitsbehörden die größte Gefahr für unsere Demokratie dar. Die Förderung von Projekten, die über Rechtsextremismus aufklären, ist daher sehr wichtig. Sie ermöglicht eine umfassende und flächendeckende Bildungs- und Demokratiearbeit. Darüber hinaus ist es wichtig, dass auch Projekte gegen jede andere Form von Extremismus, wie den Islamismus, gefördert werden.",1,democratic_institutions,Democratic institutions and rule of law,direct,1,1
4,FDP,Freie Demokratische Partei,19,Projekte gegen Rechtsextremismus,Der Bund soll Projekte gegen Rechtsextremismus verstärkt fördern.,stimme zu,"Wir lehnen jede Form des politischen und religiösen Extremismus strikt ab. Vorhandene Projekte gegen Rechtsextremismus müssen auf ihre Wirksamkeit hin überprüft werden. Sinnvolle Projekte sollten durch den Staat gefördert werden. Eine Verstetigung im Wege eines so genannten Demokratiefördergesetzes lehnen wir ab. Neben einer Bekämpfung des Rechtsextremismus müssen auch Projekte gegen Islamismus evaluiert und, bei Bedarf, stärker gefördert werden.",1,democratic_institutions,Democratic institutions and rule of law,direct,1,1
5,AfD,Alternative für Deutschland,19,Projekte gegen Rechtsextremismus,Der Bund soll Projekte gegen Rechtsextremismus verstärkt fördern.,stimme nicht zu,Die bisherige Förderung gegen Rechtsextremismus dient vor allem der Finanzierung linker Vorfeldorganisationen bis hin zu extremistischen und gewaltbereiten Vereinigungen. Dementsprechend weigern sich diese Organisationen auch ein Bekenntnis zur freiheitlich-demokratischen Grundordnung als Voraussetzung zur Finanzierung abzugeben. Die ihnen nahestehenden Parteien haben ein solche Bekenntnis als Voraussetzung auch verhindert.,-1,democratic_institutions,Democratic institutions and rule of law,direct,1,-1
6,Die Linke,Die Linke,19,Projekte gegen Rechtsextremismus,Der Bund soll Projekte gegen Rechtsextremismus verstärkt fördern.,stimme zu,"Projekte gegen Rechtsextremismus und zur Stärkung der Demokratie sind auf öffentliche Förderung angewiesen. Die vielen Ehrenamtlichen, die sich hier engagieren, brauchen die Unterstützung durch hauptamtliche, professionelle Kräfte. Deshalb muss diese Förderung auf gesetzliche Füße gestellt werden.",1,democratic_institutions,Democratic institutions and rule of law,direct,1,1
26,BSW,Bündnis Sahra Wagenknecht – Vernunft und Gerechtigkeit,19,Projekte gegen Rechtsextremismus,Der Bund soll Projekte gegen Rechtsextremismus verstärkt fördern.,stimme zu,"Die Zahl rechtsextremer Straftaten hat im letzten Jahr laut Innenministerium deutlich zugenommen. Auch deshalb müssen Projekte, die sich gegen Rechtsextremismus, Faschismus und Neonazis engagieren oder den Opfern rechtsextremer Gewalt helfen, weiterhin gefördert werden. Es muss aber gesichert sein, dass der wichtige Einsatz gegen Rechtsextremismus nicht missbraucht wird, um unbeliebte Positionen zu diskreditieren.",1,democratic_institutions,Democratic institutions and rule of law,direct,1,1
1,SPD,Sozialdemokratische Partei Deutschlands,20,Kontrolle von Zulieferern,Unternehmen sollen weiterhin die Einhaltung der Menschenrechte und des Umweltschutzes bei allen Zulieferern kontrollieren müssen.,stimme zu,"Die Sorgfaltspflicht der Unternehmen endet nicht am Werkstor. In der gesamten Lieferkette darf es nicht zu Menschenrechtsverletzungen kommen. Es geht auch um fairen Wettbewerb. Wir wollen konkrete Vereinbarungen zu internationalen Standards, die gute Arbeit mit existenzsichernden Löhnen sicherstellen. Wir werden außerdem dafür sorgen, dass die Handhabung einfacher wird und dass die verschiedenen Regelungen besser aufeinander abgestimmt und Bürokratielasten reduziert werden.",1,democratic_institutions,Democratic institutions and rule of law,direct,1,1
2,CDU / CSU,Christlich Demokratische Union Deutschlands / Christlich-Soziale Union in Bayern e.V.,20,Kontrolle von Zulieferern,Unternehmen sollen weiterhin die Einhaltung der Menschenrechte und des Umweltschutzes bei allen Zulieferern kontrollieren müssen.,stimme nicht zu,"Der Schutz von Menschenrechten und Umwelt ist ein zentrales Anliegen. Selbstverständlich sind Unternehmen gefordert, ethisch zu handeln und Menschenrechte und Umweltschutz zu beachten. Viele kleine und mittlere Unternehmen sind aber überfordert, die komplette Lieferkette bei allen Zulieferern zu kontrollieren. Deshalb schaffen wir das deutsche Lieferkettengesetz ab.",-1,democratic_institutions,Democratic institutions and rule of law,direct,1,-1
3,GRÜNE,BÜNDNIS 90/DIE GRÜNEN,20,Kontrolle von Zulieferern,Unternehmen sollen weiterhin die Einhaltung der Menschenrechte und des Umweltschutzes bei allen Zulieferern kontrollieren müssen.,stimme zu,"Der gesetzliche Schutz von Menschenrechten und der Umwelt ist eine große Errungenschaft der letzten Jahre. Das Lieferkettengesetz regelt die unternehmerische Verantwortung für die Produktionsweise ihrer ausländischen Zulieferer. Dadurch können sich Verbraucherinnen und Verbraucher sicher sein, dass ihre Einkäufe nicht durch Ausbeutung oder Kinderarbeit hergestellt wurden. Wir werden dafür sorgen, dass Unternehmen die Vorschriften möglichst unbürokratisch und digitalisiert umsetzen können.",1,democratic_institutions,Democratic institutions and rule of law,direct,1,1
4,FDP,Freie Demokratische Partei,20,Kontrolle von Zulieferern,Unternehmen sollen weiterhin die Einhaltung der Menschenrechte und des Umweltschutzes bei allen Zulieferern kontrollieren müssen.,stimme nicht zu,"Regelungen wie die EU-Lieferkettenrichtlinie sowie die EU-Richtlinie zur Nachhaltigkeitsberichterstattung sorgen nicht für mehr Klimaschutz und Nachhaltigkeit, sondern in erster Linie für bürokratischen Aufwand in Betrieben. Vor allem der Mittelstand kann diese Bürokratie häufig kaum noch bewältigen. Die staatliche Aufgabe, die Einhaltung von Recht und Gesetz zu kontrollieren, darf nicht auf Unternehmen abgewälzt werden. Daher setzen wir uns für die Abschaffung solcher Regelungen ein.",-1,democratic_institutions,Democratic institutions and rule of law,direct,1,-1
5,AfD,Alternative für Deutschland,20,Kontrolle von Zulieferern,Unternehmen sollen weiterhin die Einhaltung der Menschenrechte und des Umweltschutzes bei allen Zulieferern kontrollieren müssen.,stimme nicht zu,"Das entsprechende Lieferkettengesetz macht deutsche Unternehmen für Missstände in ihren Liefer- und Unterlieferketten in Entwicklungsländern verantwortlich. Es will bessere Lebensbedingungen für die dortigen Beschäftigten erreichen, stellt aber so hohe Anforderungen hinsichtlich Bürokratie, Kostenaufwand und Haftung, dass viele Unternehmen sich zurückziehen und die dortigen Arbeitsplätze verloren gehen. In jedem Fall entsteht ein Wettbewerbsnachteil gegenüber ausländischen Unternehmen.",-1,democratic_institutions,Democratic institutions and rule of law,direct,1,-1
6,Die Linke,Die Linke,20,Kontrolle von Zulieferern,Unternehmen sollen weiterhin die Einhaltung der Menschenrechte und des Umweltschutzes bei allen Zulieferern kontrollieren müssen.,stimme zu,"Es sollte selbstverständlich sein, dass Unternehmen keine Kinderarbeit nutzen und nicht die Umwelt vergiften. Oft nehmen sie aber die Verletzung von Menschen- und Arbeitsrechten bei ihren Zulieferern in Kauf, um Kosten zu senken und ihre Profite zu erhöhen. Das muss beendet werden, auch im Interesse der anderen Hersteller, die sich an faire Bedingungen halten.",1,democratic_institutions,Democratic institutions and rule of law,direct,1,1
26,BSW,Bündnis Sahra Wagenknecht – Vernunft und Gerechtigkeit,20,Kontrolle von Zulieferern,Unternehmen sollen weiterhin die Einhaltung der Menschenrechte und des Umweltschutzes bei allen Zulieferern kontrollieren müssen.,neutral,,0,democratic_institutions,Democratic institutions and rule of law,direct,1,0
1,SPD,Sozialdemokratische Partei Deutschlands,21,Elternabhängiges BAföG,Die Ausbildungsförderung BAföG soll weiterhin abhängig vom Einkommen der Eltern gezahlt werden.,stimme zu,"Allen jungen Menschen müssen alle Ausbildungswege offenstehen. Wir haben daher die BAföG-Bedarfssätze ebenso erhöht wie die Freibeträge beim Elterneinkommen, innerhalb derer ein Anspruch auf Ausbildungsförderung besteht. Im nächsten Schritt wollen wir dafür sorgen, dass die Höhe der Ausbildungsförderung regelmäßig an die steigenden Lebenshaltungskosten angepasst wird. Langfristig wollen wir das Bafög elternunabhängiger machen und streben die schrittweise Rückkehr zum Vollzuschuss an.",1,economic_security,Economic security,direct,-1,-1
2,CDU / CSU,Christlich Demokratische Union Deutschlands / Christlich-Soziale Union in Bayern e.V.,21,Elternabhängiges BAföG,Die Ausbildungsförderung BAföG soll weiterhin abhängig vom Einkommen der Eltern gezahlt werden.,stimme zu,"CDU und CSU wollen das elternabhängige BAföG als Sozialleistung erhalten, damit jede und jeder unabhängig von der Herkunft studieren kann. Das ist ein Gebot der Chancengerechtigkeit. Außerdem werden wir das BAföG und den KfW-Studienkredit besser aufeinander abstimmen. BAföG-Empfängerinnen und -Empfängern wollen wir zudem die Möglichkeit bieten, mehr hinzuzuverdienen.",1,economic_security,Economic security,direct,-1,-1
3,GRÜNE,BÜNDNIS 90/DIE GRÜNEN,21,Elternabhängiges BAföG,Die Ausbildungsförderung BAföG soll weiterhin abhängig vom Einkommen der Eltern gezahlt werden.,stimme zu,"Wir wollen die BAföG-Sätze erhöhen. Das BAföG soll existenzsichernd sein, auch bei steigenden Lebenshaltungskosten. Auch die Freibeträge bei den elterlichen Einkommen wollen wir anheben und das BAföG für mehr Menschen öffnen. Das Aufstiegs-BAföG soll auch in Teilzeit bezogen werden können und grundsätzlich soll das Antragsverfahren vollständig digital möglich werden.",1,economic_security,Economic security,direct,-1,-1
4,FDP,Freie Demokratische Partei,21,Elternabhängiges BAföG,Die Ausbildungsförderung BAföG soll weiterhin abhängig vom Einkommen der Eltern gezahlt werden.,stimme nicht zu,"Wir Freie Demokraten wollen, dass ein Studium nicht von den Voraussetzungen des Elternhaues abhängt. Deshalb wollen wir das BAföG elternunabhängig machen. Es setzt sich zusammen aus dem bisherigen Kindergeld (bzw. Kinderfreibetrag), das direkt an die Studierenden sowie Schülerinnen und Schüler ausgezahlt wird, weiteren Zuschüssen des BAföG und einem monatlich anpassbaren, zinsfreien Darlehen. Das Darlehen muss erst bei gutem Einkommen und in begrenzter Höhe und Dauer zurückgezahlt werden.",-1,economic_security,Economic security,direct,-1,1
5,AfD,Alternative für Deutschland,21,Elternabhängiges BAföG,Die Ausbildungsförderung BAföG soll weiterhin abhängig vom Einkommen der Eltern gezahlt werden.,stimme zu,"BAföG ist ein wichtiges Instrument, das Auszubildenden aus einkommensschwachen Familien die Finanzierung eines schulischen Abschlusses oder eines Studiums ermöglichen soll. Es sollte ausschließlich einem Personenkreis vorbehalten bleiben, der auf diese finanzielle Unterstützung angewiesen ist. Allerdings sollte das BAföG zu einer gerechten Sozialleistung für Schüler und Studenten aus einkommensschwachen Familien weiterentwickelt werden. Das betrifft auch eine Erhöhung der Bedarfssätze.",1,economic_security,Economic security,direct,-1,-1
6,Die Linke,Die Linke,21,Elternabhängiges BAföG,Die Ausbildungsförderung BAföG soll weiterhin abhängig vom Einkommen der Eltern gezahlt werden.,stimme nicht zu,"Jede*r dritte Studierende in Deutschland ist arm. Nur 12,5 Prozent der Studierenden bekommen BAföG. Das Bafög selbst liegt unterhalb der Armutsgrenze. Die Linke will, dass BAföG unabhängig vom Einkommen der Eltern gezahlt wird, dann gibt es weniger Hemmnisse bei der Beantragung. Das BAföG soll existenzsichernd sein und als Vollzuschuss gezahlt werden. In vielen Ländern sind damit gute Erfahrungen gemacht worden.",-1,economic_security,Economic security,direct,-1,1
26,BSW,Bündnis Sahra Wagenknecht – Vernunft und Gerechtigkeit,21,Elternabhängiges BAföG,Die Ausbildungsförderung BAföG soll weiterhin abhängig vom Einkommen der Eltern gezahlt werden.,stimme zu,"Das BAföG muss insgesamt mehr Studenten zugutekommen. Hier ist es auch besonders wichtig, dass die bürokratischen Hürden abgebaut werden.",1,economic_security,Economic security,direct,-1,-1
1,SPD,Sozialdemokratische Partei Deutschlands,22,Schuldenbremse,Die Schuldenbremse im Grundgesetz soll beibehalten werden.,stimme nicht zu,"Die aktuelle Regelung zur Schuldenbremse ist nicht auf die Herausforderungen unserer Zeit und Zukunft ausgelegt. Darum kann sie in dieser Form nicht beibehalten werden. Wir möchten die Schuldenbremse reformieren, um mehr Zukunftsinvestitionen zu ermöglichen (z.B. in Verkehrsinfrastruktur, Bildung und Klimaneutralität), staatliche Handlungsfähigkeit in Notlagen zu stärken und flexibler auf wirtschaftliche Entwicklungen reagieren zu können.",-1,institutional_responsiveness,Institutional responsiveness,indirect,0,0
2,CDU / CSU,Christlich Demokratische Union Deutschlands / Christlich-Soziale Union in Bayern e.V.,22,Schuldenbremse,Die Schuldenbremse im Grundgesetz soll beibehalten werden.,stimme zu,"Wir halten an der grundgesetzlichen Schuldenbremse fest. Sie stellt sicher, dass Lasten nicht unseren Kindern und Enkeln aufgebürdet werden. Denn die Schulden von heute sind die Steuern von morgen.",1,institutional_responsiveness,Institutional responsiveness,indirect,0,0
3,GRÜNE,BÜNDNIS 90/DIE GRÜNEN,22,Schuldenbremse,Die Schuldenbremse im Grundgesetz soll beibehalten werden.,stimme nicht zu,"Wir wollen die Schuldenbremse reformieren, um notwendige Investitionen in unsere Infrastruktur zu finanzieren. Investitionen in Verkehrs-, Energie-, Bildungs- und Forschungsinfrastruktur sowie in die nationale Sicherheit haben für uns Priorität. Zugleich werden wir sicherstellen, dass die Gesamtverschuldung dauerhaft tragfähig bleibt.",-1,institutional_responsiveness,Institutional responsiveness,indirect,0,0
4,FDP,Freie Demokratische Partei,22,Schuldenbremse,Die Schuldenbremse im Grundgesetz soll beibehalten werden.,stimme zu,"Freiheit für künftige Generationen bedeutet auch, ihnen keine Schuldenberge zu hinterlassen. Daher ist für uns Freie Demokraten die Einhaltung der im Grundgesetz verankerten Schuldenbremse zentrales Gebot der Generationengerechtigkeit. Zudem schützt die Schuldenbremse vor übermäßiger Verschuldung und Inflation.",1,institutional_responsiveness,Institutional responsiveness,indirect,0,0
5,AfD,Alternative für Deutschland,22,Schuldenbremse,Die Schuldenbremse im Grundgesetz soll beibehalten werden.,stimme zu,"Dass Einnahmen und Ausgaben ohne Schulden ausgeglichen sein müssen, ist trivial. Und schon die bestehende Schuldenbremse des Art 109 (3) GG erlaubt einen Schuldenhaushalt von immerhin bis zu 0,35 % des BIP pro Jahr. Artikel 115 (2) GG erlaubt sogar das Aussetzen der Schuldenbremse in gewissen „Notsituationen“, wovon der deutsche Staat ja auch seit 2020 ausgiebig Gebrauch gemacht hat. All das ist schon die heutige Rechtslage. Eine Änderung des GG ist darum in keiner Weise erforderlich.",1,institutional_responsiveness,Institutional responsiveness,indirect,0,0
6,Die Linke,Die Linke,22,Schuldenbremse,Die Schuldenbremse im Grundgesetz soll beibehalten werden.,stimme nicht zu,"Die Schuldenbremse verhindert notwendige Investitionen in Bildung, Gesundheit, Klimaschutz und soziale Sicherheit. Die Schuldenbremse belastet die Lebensqualität von uns und der kommenden Generation: Die Bahn ist marode, Brücken brechen ein und in den Schulen regnet es durch die Decke. Es ist Zeit für ein Umdenken: Mehr Investitionen für Bildung, Soziales und öffentlichen Wohnungsbau schaffen langfristige Werte.",-1,institutional_responsiveness,Institutional responsiveness,indirect,0,0
26,BSW,Bündnis Sahra Wagenknecht – Vernunft und Gerechtigkeit,22,Schuldenbremse,Die Schuldenbremse im Grundgesetz soll beibehalten werden.,neutral,"Das BSW ist nicht dafür alles über Schulden zu finanzieren, aber die Schuldenbremse muss grundlegend reformiert werden. Ihre aktuelle Auslegung verhindert sinnvolle Investitionen in Straßen, Schienen und Schulen in der notwendigen Größenordnung. Eine hervorragende öffentliche Infrastruktur ist die Grundlage für eine florierende Wirtschaft und eine lebenswerte Gemeinschaft. Deshalb sollten Investitionen von der Schuldenbremse ausgeklammert werden.",0,institutional_responsiveness,Institutional responsiveness,indirect,0,0
1,SPD,Sozialdemokratische Partei Deutschlands,23,Arbeitserlaubnis für Asylsuchende,Asylsuchende sollen in Deutschland sofort nach ihrer Antragstellung eine Arbeitserlaubnis erhalten.,stimme zu,"Die SPD hat dafür gesorgt, dass Asylsuchende sehr früh für ihren Lebensunterhalt selbst arbeiten sollen. Zu beachten ist allerdings, dass es für die Durchführung eines schnellen Asylverfahrens besonders in den ersten 3 Monaten nach Antragstellung auf die Verfügbarkeit der Antragsteller*innen für die Behörden ankommt.",1,participation_civic_inclusion,Participation and civic inclusion,direct,1,1
2,CDU / CSU,Christlich Demokratische Union Deutschlands / Christlich-Soziale Union in Bayern e.V.,23,Arbeitserlaubnis für Asylsuchende,Asylsuchende sollen in Deutschland sofort nach ihrer Antragstellung eine Arbeitserlaubnis erhalten.,stimme nicht zu,Asylsuchende dürfen in Deutschland in der Regel nach 3 Monaten nach Antragstellung arbeiten. Für Personen aus sicheren Herkunftsstaaten sowie für Identitätstäuscher und Mitwirkungsverweigerer müssen aber weiterhin Arbeitsverbote gelten. Auf diese Weise werden Anreize für illegale Migration reduziert.,-1,participation_civic_inclusion,Participation and civic inclusion,direct,1,-1
3,GRÜNE,BÜNDNIS 90/DIE GRÜNEN,23,Arbeitserlaubnis für Asylsuchende,Asylsuchende sollen in Deutschland sofort nach ihrer Antragstellung eine Arbeitserlaubnis erhalten.,stimme zu,"Der stärkste Motor für Integration sind Arbeit und Beschäftigung. Für uns gilt: Wer arbeiten kann, soll arbeiten dürfen. Deswegen wollen wir bestehende Arbeitsverbote weiter abbauen sowie die Verfahren vereinfachen und beschleunigen. Wenn sich Arbeitgeber und Geflüchtete einig sind, sollte der Staat nicht mit unnötiger Bürokratie im Weg stehen. So ermöglichen wir auch, dass Menschen selbst für ihren Lebensunterhalt aufkommen können.",1,participation_civic_inclusion,Participation and civic inclusion,direct,1,1
4,FDP,Freie Demokratische Partei,23,Arbeitserlaubnis für Asylsuchende,Asylsuchende sollen in Deutschland sofort nach ihrer Antragstellung eine Arbeitserlaubnis erhalten.,neutral,"Schutzsuchende mit Bleiberecht müssen so schnell wie möglich arbeiten dürfen, damit sie schnell auf eigenen Füßen stehen. Ein Job ist der beste Integrationskurs. Auch für Menschen im Asylverfahren sollte der Arbeitsmarktzugang vereinfacht werden, wenn absehbar ist, dass die Antragsteller in Deutschland ein Bleiberecht erhalten können. Für gut integrierte Schutzsuchende muss es bessere Möglichkeiten eines sogenannten Spurwechsels aus dem Asylverfahren in erwerbsbezogene Aufenthaltstitel geben.",0,participation_civic_inclusion,Participation and civic inclusion,direct,1,0
5,AfD,Alternative für Deutschland,23,Arbeitserlaubnis für Asylsuchende,Asylsuchende sollen in Deutschland sofort nach ihrer Antragstellung eine Arbeitserlaubnis erhalten.,stimme nicht zu,"Eine Arbeitserlaubnis im laufenden Asylverfahren verfestigt den Aufenthalt in Deutschland, was im Falle eines negativen Asylbescheids aber unerwünscht ist. Daher ist die Arbeitserlaubnis nur bei einem positiven Asylbescheid zu gewähren. Für Asylantragsteller und abgelehnte Asylbewerber werden wir dagegen keine Arbeitserlaubnis außerhalb verpflichtender gemeinnütziger Arbeitsgelegenheiten mehr vorsehen.",-1,participation_civic_inclusion,Participation and civic inclusion,direct,1,-1
6,Die Linke,Die Linke,23,Arbeitserlaubnis für Asylsuchende,Asylsuchende sollen in Deutschland sofort nach ihrer Antragstellung eine Arbeitserlaubnis erhalten.,stimme zu,"Niemand soll darauf warten müssen, sein Leben selbst in die Hand zu nehmen. Das ist gut für die Geflüchteten und es hilft in den vielen Bereichen, in denen Arbeitskräfte dringend gesucht werden. Die meisten Geflüchteten wollen arbeiten, dürfen aber nicht.",1,participation_civic_inclusion,Participation and civic inclusion,direct,1,1
26,BSW,Bündnis Sahra Wagenknecht – Vernunft und Gerechtigkeit,23,Arbeitserlaubnis für Asylsuchende,Asylsuchende sollen in Deutschland sofort nach ihrer Antragstellung eine Arbeitserlaubnis erhalten.,stimme nicht zu,,-1,participation_civic_inclusion,Participation and civic inclusion,direct,1,-1
1,SPD,Sozialdemokratische Partei Deutschlands,24,Verwerfen der Klimaziele,"Deutschland soll das Ziel verwerfen, klimaneutral zu werden.",stimme nicht zu,"Wir bekennen uns klar zu den Klimazielen für Deutschland und die EU. Wir müssen den Anstieg der globalen Durchschnittstemperatur auf deutlich unter zwei Grad Celsius begrenzen und nach Möglichkeit auf den 1,5-Grad-Pfad führen. Diese Ziele sind europäisch und international festgelegt und das Bundesverfassungsgericht hat sie 2021 noch einmal bekräftigt.",-1,institutional_responsiveness,Institutional responsiveness,indirect,-1,1
2,CDU / CSU,Christlich Demokratische Union Deutschlands / Christlich-Soziale Union in Bayern e.V.,24,Verwerfen der Klimaziele,"Deutschland soll das Ziel verwerfen, klimaneutral zu werden.",stimme nicht zu,"CDU und CSU ist die Einhaltung der Pariser Klimaziele ein wichtiges Anliegen. Die Klimaneutralität bis 2045 haben wir daher fest im Blick. Die Erderwärmung ist ein globales Problem, das die Weltgemeinschaft nur gemeinsam lösen kann. Wir verbinden dieses Ziel unbedingt mit dem Erhalt der Wettbewerbsfähigkeit unserer Wirtschaft und der Notwendigkeit der sozialen Tragfähigkeit. Nur so sichern wir die Akzeptanz bei den Menschen und die Chancen auf wirtschaftliches Wachstum.",-1,institutional_responsiveness,Institutional responsiveness,indirect,-1,1
3,GRÜNE,BÜNDNIS 90/DIE GRÜNEN,24,Verwerfen der Klimaziele,"Deutschland soll das Ziel verwerfen, klimaneutral zu werden.",stimme nicht zu,"Die Staatengemeinschaft hat sich mit dem Pariser Klimaabkommen darauf verständigt, die Klimakrise – die heute schon immer mehr Opfer fordert- einzudämmen. Europa muss nach wissenschaftlichem Rat bis 2040 seine Treibhausgasemissionen um 90 Prozent gegenüber 1990 verringern. Dazu braucht es entschiedene Anstrengungen und einen bedeutenden Beitrag von Deutschland. Wir halten deshalb an den rechtlich festgeschriebenen Zielen der Klimaneutralität 2045 und den verbindlichen Zwischenzielen fest.",-1,institutional_responsiveness,Institutional responsiveness,indirect,-1,1
4,FDP,Freie Demokratische Partei,24,Verwerfen der Klimaziele,"Deutschland soll das Ziel verwerfen, klimaneutral zu werden.",stimme nicht zu,"Nationale Sonderziele haben keinen zusätzlichen Nutzen für den Klimaschutz, belasten aber die privaten Haushalte und schaden Deutschlands Wettbewerbsfähigkeit. Daher wollen wir das deutsche Ziel der Klimaneutralität bis 2045 durch das europäische Ziel der Klimaneutralität bis 2050 ersetzen. So verschaffen wir Betrieben, gerade der energieintensiven Industrie, mehr Zeit für den Umstieg auf klimafreundliche Technologien, stärken die Wirtschaft, sichern Jobs und vermeiden teure Subventionen.",-1,institutional_responsiveness,Institutional responsiveness,indirect,-1,1
5,AfD,Alternative für Deutschland,24,Verwerfen der Klimaziele,"Deutschland soll das Ziel verwerfen, klimaneutral zu werden.",stimme zu,"Die festgelegten Klimaziele sind überambitioniert und bremsen das wirtschaftliche Wachstum. Zudem wird industrielle Produktion, die in Deutschland an hohe Umweltstandards gebunden ist, ins Ausland verlagert wo sie aufgrund dort fehlender Regulierungen teils erhebliche Umweltschäden verursacht.",1,institutional_responsiveness,Institutional responsiveness,indirect,-1,-1
6,Die Linke,Die Linke,24,Verwerfen der Klimaziele,"Deutschland soll das Ziel verwerfen, klimaneutral zu werden.",stimme nicht zu,"Die Auswirkungen der globalen Erwärmung sind längst auch in Deutschland zu spüren: Flutkatastrophen, mehr Dürren und Wassermangel. Die Ampel hat den Klimaschutz in Deutschland massiv geschwächt, weil es zu wenig sozialen Ausgleich und Unterstützung für Maßnahmen wie CO2-Preis oder das Heizungsgesetz gab. Die Linke will das Klima schützen, aber sozial gerecht: Dann gibt es ein mehr an Wohlstand, nicht weniger. Das sind wir unseren Kindern schuldig.",-1,institutional_responsiveness,Institutional responsiveness,indirect,-1,1
26,BSW,Bündnis Sahra Wagenknecht – Vernunft und Gerechtigkeit,24,Verwerfen der Klimaziele,"Deutschland soll das Ziel verwerfen, klimaneutral zu werden.",stimme nicht zu,"Die Klimaneutralität zu erreichen, ist ein richtiges Ziel. Allerdings ist dieses Ziel nicht schnell zu erreichen. Wir fordern daher eine Abkehr vom Wunschdenken einer schnell erreichbaren völligen Klimaneutralität. Denn es führt zu der Vorgabe, dass nur Technologien zukunftsfähig sind, die auf 100 Prozent erneuerbaren Energien beruhen. Effiziente Mischtechnologien werden dadurch zugunsten von extrem teuren und vielfach unrealistischen Projekten ausgeschlossen. Das lehnen wir ab.",-1,institutional_responsiveness,Institutional responsiveness,indirect,-1,1
1,SPD,Sozialdemokratische Partei Deutschlands,25,35-Stunden-Woche,In Deutschland soll die 35-Stunden-Woche als gesetzliche Regelarbeitszeit für alle Beschäftigten festgelegt werden.,neutral,"Die SPD unterstützt branchenspezifische Lösungen für die Regelarbeitszeit. Die SPD unterstützt daher die Gewerkschaften überall dort, wo sie sich für Arbeitszeitverkürzungen einsetzen. Technischer Fortschritt muss auch für kürzere Arbeitszeit und damit die Entlastung der Beschäftigten genutzt werden. Arbeitszeitpolitik ist in Deutschland aber Kernaufgabe der grundgesetzlich geschützten Tarifautonomie. Das betrifft insbesondere die Festlegung der Wochenarbeitszeit in den verschiedenen Branchen.",0,economic_security,Economic security,direct,1,0
2,CDU / CSU,Christlich Demokratische Union Deutschlands / Christlich-Soziale Union in Bayern e.V.,25,35-Stunden-Woche,In Deutschland soll die 35-Stunden-Woche als gesetzliche Regelarbeitszeit für alle Beschäftigten festgelegt werden.,stimme nicht zu,"Die Sozialpartnerschaft, die Tarifautonomie und die Mitbestimmung haben Deutschland stark gemacht. Wir werden den Tarifpartnern auch weiterhin möglichst großen Spielraum in der Gestaltung von Arbeitsregelungen wie der Wochenarbeitszeit lassen. Denn die Arbeitgeber- und Arbeitnehmervertreter wissen am besten, was in den einzelnen Branchen vor Ort möglich ist und was nicht. Für mehr Flexibilität wollen wir eine wöchentliche anstatt einer täglichen Höchstarbeitszeit einführen.",-1,economic_security,Economic security,direct,1,-1
3,GRÜNE,BÜNDNIS 90/DIE GRÜNEN,25,35-Stunden-Woche,In Deutschland soll die 35-Stunden-Woche als gesetzliche Regelarbeitszeit für alle Beschäftigten festgelegt werden.,stimme nicht zu,"Die Sicherheit und der Gesundheitsschutz der Arbeitnehmer*innen haben für uns oberste Priorität, deshalb werden Beschäftigte gesetzlich durch Höchstarbeitszeiten geschützt. Wie viel oder wenig innerhalb dieser Grenzen gearbeitet wird, möchten wir politisch nicht bestimmen. Um aber insbesondere die Vereinbarkeit von Beruf und Familie zu fördern, wollen wir die Sozialpartner dabei unterstützen, flexible Arbeitszeitmodelle zum Vorteil der Arbeitnehmer*innen zu ermöglichen.",-1,economic_security,Economic security,direct,1,-1
4,FDP,Freie Demokratische Partei,25,35-Stunden-Woche,In Deutschland soll die 35-Stunden-Woche als gesetzliche Regelarbeitszeit für alle Beschäftigten festgelegt werden.,stimme nicht zu,"In Deutschland existieren kollektivrechtliche Wochenarbeitszeitregelungen, z. B. auf Basis von Tarifverträgen. Daher gibt es etwa in der westdeutschen Metallindustrie sowie der Stahl-, Elektro- und Druckindustrie die 35-Stunden-Woche. Wir wollen das Arbeitszeitgesetz reformieren und mit einer wöchentlichen statt einer täglichen Höchstarbeitszeit flexible Arbeitszeitmodelle ermöglichen. So werden wir Veränderungen in der Arbeitswelt und Wünschen von Arbeitnehmern und Unternehmen besser gerecht.",-1,economic_security,Economic security,direct,1,-1
5,AfD,Alternative für Deutschland,25,35-Stunden-Woche,In Deutschland soll die 35-Stunden-Woche als gesetzliche Regelarbeitszeit für alle Beschäftigten festgelegt werden.,stimme nicht zu,"Deutschland gehört zu den Ländern mit der geringsten Wochenarbeitszeit pro Beschäftigten. Eine weitere Kürzung würde zum einen die ohnehin fragile internationale Wettbewerbsfähigkeit deutscher Unternehmen weiter reduzieren, zum anderen zu Preiserhöhungen auch im Inland führen. Beides würde den Wohlstand im Land weiter herabsetzen.",-1,economic_security,Economic security,direct,1,-1
6,Die Linke,Die Linke,25,35-Stunden-Woche,In Deutschland soll die 35-Stunden-Woche als gesetzliche Regelarbeitszeit für alle Beschäftigten festgelegt werden.,stimme zu,"Die Linke unterstützt die Gewerkschaften im Kampf um kürzere Arbeitszeiten. Arbeitszeitverkürzung darf nicht zur Verdichtung der Arbeit oder zu niedrigeren Löhnen führen, deshalb unterstützen wir einen vollen Personalausgleich. Eine geringere Wochenarbeitszeit (z.B. in einer 4-Tage-Woche) ermöglicht mehr Erholung und eine bessere Vereinbarkeit von Familie und Beruf. Damit sich das tatsächlich alle leisten können, dürfen die Löhne nicht sinken.",1,economic_security,Economic security,direct,1,1
26,BSW,Bündnis Sahra Wagenknecht – Vernunft und Gerechtigkeit,25,35-Stunden-Woche,In Deutschland soll die 35-Stunden-Woche als gesetzliche Regelarbeitszeit für alle Beschäftigten festgelegt werden.,neutral,"Das BSW spricht sich für ein großangelegtes Investitionsprogramm aus, das die gesamte verfallene Infrastruktur Deutschlands wieder auf Vordermann bringt. Eine spürbare Arbeitszeitverkürzung für alle würde die Engpässe an Fachkräften in allen Bereichen verstärken, weshalb eine allgemeine Arbeitszeitverkürzung zurzeit nicht zielführend ist.",0,economic_security,Economic security,direct,1,0
1,SPD,Sozialdemokratische Partei Deutschlands,26,Schwangerschaftsabbruch nach Beratung,Schwangerschaftsabbrüche sollen in den ersten drei Monaten weiterhin nur nach Beratung straffrei sein.,stimme nicht zu,"Für die SPD gehören Schwangerschaftskonflikte nicht ins Strafrecht. Deshalb wollen wir Schwangerschaftsabbrüche entkriminalisieren und außerhalb des Strafrechts regeln. Davon ausgenommen sind Fälle, in denen sie gegen oder ohne den Willen der Schwangeren erfolgen (sollen). Ein Abbruch der Schwangerschaft nach Ende der 12. Woche soll rechtswidrig bleiben. Wir stehen für einen Rechtsanspruch auf eine rechtebasierte und psychosoziale Beratung rund um Schwangerschaft und Schwangerschaftskonflikt.",-1,democratic_institutions,Democratic institutions and rule of law,indirect,0,0
2,CDU / CSU,Christlich Demokratische Union Deutschlands / Christlich-Soziale Union in Bayern e.V.,26,Schwangerschaftsabbruch nach Beratung,Schwangerschaftsabbrüche sollen in den ersten drei Monaten weiterhin nur nach Beratung straffrei sein.,stimme zu,Wir bekennen uns zum Paragrafen 218 StGB und zur aktuell geltenden Rechtslage zum Schwangerschaftsabbruch als bewährten gesellschaftlichen Kompromiss – er verbindet das Selbstbestimmungsrecht der Frau und den Schutz des ungeborenen Kindes.,1,democratic_institutions,Democratic institutions and rule of law,indirect,0,0
3,GRÜNE,BÜNDNIS 90/DIE GRÜNEN,26,Schwangerschaftsabbruch nach Beratung,Schwangerschaftsabbrüche sollen in den ersten drei Monaten weiterhin nur nach Beratung straffrei sein.,stimme nicht zu,"Wir wollen, dass selbstbestimmte Schwangerschaftsabbrüche grundsätzlich außerhalb des Strafrechts geregelt werden. Wir treten dafür ein, dass die notwendige Beratung durch ein abgesichertes Angebot von Beratungsstellen in vielfältiger Trägerschaft garantiert ist.",-1,democratic_institutions,Democratic institutions and rule of law,indirect,0,0
4,FDP,Freie Demokratische Partei,26,Schwangerschaftsabbruch nach Beratung,Schwangerschaftsabbrüche sollen in den ersten drei Monaten weiterhin nur nach Beratung straffrei sein.,neutral,"Eine Reform der Regelungen zum Schwangerschaftsabbruch (§§ 218, 218a StGB) soll im Wege sogenannter fraktionsübergreifender Gruppenanträge mit Gewissensfreiheit für jede Abgeordnete und jeden Abgeordneten im nächsten Bundestag beraten werden. Bei komplexen ethischen Abwägungsfragen hat der Bundestag mit diesem Verfahren gute Erfahrungen gemacht. Unabhängig davon müssen die Angebote zur Beratung und zur medizinischen Versorgung von ungewollt schwangeren Frauen verbessert werden.",0,democratic_institutions,Democratic institutions and rule of law,indirect,0,0
5,AfD,Alternative für Deutschland,26,Schwangerschaftsabbruch nach Beratung,Schwangerschaftsabbrüche sollen in den ersten drei Monaten weiterhin nur nach Beratung straffrei sein.,stimme zu,Das Recht auf Leben ist ein fundamentales Menschenrecht. Das Lebensrecht des ungeborenen Kindes steht einem Wunsch der Mutter auf Abtreibung diametral entgegen. Eine einfühlsame Beratung muss die Bedürfnisse von Mutter und Kind gleichermaßen thematisieren.,1,democratic_institutions,Democratic institutions and rule of law,indirect,0,0
6,Die Linke,Die Linke,26,Schwangerschaftsabbruch nach Beratung,Schwangerschaftsabbrüche sollen in den ersten drei Monaten weiterhin nur nach Beratung straffrei sein.,stimme nicht zu,"Schwangerschaftsabbrüche sollten außerhalb des Strafgesetzbuches geregelt werden. Wie für andere medizinische Eingriffe sollten stattdessen fachliche Leitlinien gelten. Die Entscheidung für oder gegen eine Schwangerschaft muss frei von Zwängen, Hindernissen und Stigmatisierung möglich sein. Die Versorgung ungewollt Schwangerer muss deutschlandweit verbessert werden und Beratungsangebote freiwillig statt verpflichtend sein.",-1,democratic_institutions,Democratic institutions and rule of law,indirect,0,0
26,BSW,Bündnis Sahra Wagenknecht – Vernunft und Gerechtigkeit,26,Schwangerschaftsabbruch nach Beratung,Schwangerschaftsabbrüche sollen in den ersten drei Monaten weiterhin nur nach Beratung straffrei sein.,stimme nicht zu,"Das BSW fordert die grundsätzliche Straffreiheit des Schwangerschaftsabbruchs bis zur 12. Woche. Eine vorherige Beratung ist aber sinnvoll und hilfreich, wenn hierbei sachlich und neutral über Risiken, mögliche Alternativen und Hilfsangebote aufgeklärt wird und die betroffene Frau dadurch in ihrem Entscheidungsprozess für oder gegen einen Schwangerschaftsabbruch sinnvoll unterstützt wird.",-1,democratic_institutions,Democratic institutions and rule of law,indirect,0,0
1,SPD,Sozialdemokratische Partei Deutschlands,27,Nationale Währung,Der Euro soll in Deutschland durch eine nationale Währung ersetzt werden.,stimme nicht zu,Ein Austritt Deutschlands aus der Währungsunion würde der Exportnation Deutschland und der deutschen Wirtschaft massiven Schaden zufügen und zu großen Verlusten bei Wohlstand und Arbeitsplätzen führen.,-1,democratic_institutions,Democratic institutions and rule of law,indirect,-1,1
2,CDU / CSU,Christlich Demokratische Union Deutschlands / Christlich-Soziale Union in Bayern e.V.,27,Nationale Währung,Der Euro soll in Deutschland durch eine nationale Währung ersetzt werden.,stimme nicht zu,"Eine einheitliche Währung macht Geschäfte und Investitionen in der Eurozone einfacher, günstiger, stabiler und sicherer. Eine Rückkehr zur nationalen Währung würde – gerade für Deutschland als Exportnation – massiven volkswirtschaftlichen Schaden anrichten. Unser Wohlstand und deutsche Arbeitsplätze würden gefährdet.",-1,democratic_institutions,Democratic institutions and rule of law,indirect,-1,1
3,GRÜNE,BÜNDNIS 90/DIE GRÜNEN,27,Nationale Währung,Der Euro soll in Deutschland durch eine nationale Währung ersetzt werden.,stimme nicht zu,"Der Euro macht uns stärker und vieles leichter: das Reisen, das Einkaufen im Netz, Überweisungen quer durch Europa. Insbesondere Deutschland als Handelsnation profitiert besonders vom Euro: Unternehmen müssen sich keine Sorgen über schwankende Wechselkurse machen und sparen Kosten, die bei Geschäften mit anderen Währungen entstehen würden.",-1,democratic_institutions,Democratic institutions and rule of law,indirect,-1,1
4,FDP,Freie Demokratische Partei,27,Nationale Währung,Der Euro soll in Deutschland durch eine nationale Währung ersetzt werden.,stimme nicht zu,"Wir Freie Demokraten bekennen uns zur europäischen Wirtschafts- und Währungsunion. Gerade Deutschland als Exportnation profitiert von einer gemeinsamen Währung. Damit dauerhaft ein stabiler Euro erhalten werden kann, braucht es strenge Schuldenregeln auf nationaler und europäischer Ebene und solide Staatsfinanzen in ganz Europa.",-1,democratic_institutions,Democratic institutions and rule of law,indirect,-1,1
5,AfD,Alternative für Deutschland,27,Nationale Währung,Der Euro soll in Deutschland durch eine nationale Währung ersetzt werden.,stimme zu,"Grundlagen des Euros waren Stabilitätsregeln und keine Gemeinschaftshaftung der Staaten. Beide Regeln werden ständig gebrochen. Der Euro wird heute jeden Tag „gerettet“: über EU-Gemeinschaftsfonds, Garantien, Geldgeschenke und Aufkäufe von Staatsanleihen durch die EZB. Jede weitere Teilnahme an der Dauerrettung kommt einer Insolvenzverschleppung auf Kosten deutscher Steuerzahler gleich. Anfallende Umstellungsbelastungen wären inzwischen niedriger als die Kosten eines Verbleibs im Eurosystem.",1,democratic_institutions,Democratic institutions and rule of law,indirect,-1,-1
6,Die Linke,Die Linke,27,Nationale Währung,Der Euro soll in Deutschland durch eine nationale Währung ersetzt werden.,stimme nicht zu,"Der Euro als gemeinsame europäische Währung ist nicht das Problem, sondern die Wirtschaftspolitik, die dahintersteht.",-1,democratic_institutions,Democratic institutions and rule of law,indirect,-1,1
26,BSW,Bündnis Sahra Wagenknecht – Vernunft und Gerechtigkeit,27,Nationale Währung,Der Euro soll in Deutschland durch eine nationale Währung ersetzt werden.,stimme nicht zu,,-1,democratic_institutions,Democratic institutions and rule of law,indirect,-1,1
1,SPD,Sozialdemokratische Partei Deutschlands,28,Schiene vor Straße,Beim Ausbau der Verkehrsinfrastruktur soll die Schiene Vorrang vor der Straße haben.,stimme zu,"Die SPD hat die jahrelange Vernachlässigung der Schiene beendet. Eine verlässliche Bahn ist das Rückgrat der Verkehrswende. Wir haben Milliardeninvestitionen in unser Schienennetz auf den Weg gebracht, das jetzt einer Generalsanierung unterzogen wird, damit die Bahn wieder pünktlicher wird. Gleichzeitig müssen unsere Straßen dringend saniert werden, insbesondere die Autobahnbrücken.",1,institutional_responsiveness,Institutional responsiveness,indirect,1,1
2,CDU / CSU,Christlich Demokratische Union Deutschlands / Christlich-Soziale Union in Bayern e.V.,28,Schiene vor Straße,Beim Ausbau der Verkehrsinfrastruktur soll die Schiene Vorrang vor der Straße haben.,stimme nicht zu,"Alle Verkehrsträger brauchen einen bedarfsgerechten Ausbau. Individualverkehr und ÖPNV gehören zusammen und müssen barrierefrei gedacht werden. Bus, Bahn, Schiff, Flugzeug und Auto, Rad- und Fußverkehr ergänzen sich sinnvoll.",-1,institutional_responsiveness,Institutional responsiveness,indirect,1,-1
3,GRÜNE,BÜNDNIS 90/DIE GRÜNEN,28,Schiene vor Straße,Beim Ausbau der Verkehrsinfrastruktur soll die Schiene Vorrang vor der Straße haben.,stimme zu,"Deutschland soll ein Bahnland werden, in dem man seine Wege preiswert und verlässlich zurücklegen kann. Unser Ziel im Schienenverkehr ist der Deutschlandtakt, mit dem Städte und ländliche Regionen miteinander verbunden werden. Das Bahnnetz, das wir marode vorgefunden haben, werden wir weiter mit Hochdruck sanieren und im erforderlichen Maß ausbauen. Straßen und Brücken wurden auf Verschleiß gefahren. Mit schnelleren Planungsverfahren werden wir die Sanierung von Straßen und Brücken vorantreiben.",1,institutional_responsiveness,Institutional responsiveness,indirect,1,1
4,FDP,Freie Demokratische Partei,28,Schiene vor Straße,Beim Ausbau der Verkehrsinfrastruktur soll die Schiene Vorrang vor der Straße haben.,stimme nicht zu,"Eine moderne und leistungsfähige Infrastruktur ist der Schlüssel für Wachstum und Wohlstand. Verkehrsprognosen zeigen, dass das Verkehrsvolumen auch in Zukunft weiterwachsen wird. Daher werden wir weiterhin auf alle Verkehrsträger mit ihren spezifischen Leistungsprofilen angewiesen sein. Alle Verkehrsträger benötigen eine auskömmliche Finanzierung und es muss prioritär dort investiert werden, wo der Bedarf am dringlichsten ist. Einen grundsätzlichen Vorrang eines Verkehrsträgers lehnen wir ab.",-1,institutional_responsiveness,Institutional responsiveness,indirect,1,-1
5,AfD,Alternative für Deutschland,28,Schiene vor Straße,Beim Ausbau der Verkehrsinfrastruktur soll die Schiene Vorrang vor der Straße haben.,stimme nicht zu,Verkehrsinfrastruktur wurde in allen Bereich über Jahrzehnte vernachlässigt und muss in gleicher Form massiv betrieben werden.,-1,institutional_responsiveness,Institutional responsiveness,indirect,1,-1
6,Die Linke,Die Linke,28,Schiene vor Straße,Beim Ausbau der Verkehrsinfrastruktur soll die Schiene Vorrang vor der Straße haben.,stimme zu,"Die Linke will mehr Personen und Güter von der Straße auf die Schiene bringen. Dafür müssen mehr Züge auf funktionierenden Strecken fahren. Daher sprechen wir uns für die dringend nötige Sanierung von Brücken, Bahninfrastruktur und den Ausbau der Bahn aus.",1,institutional_responsiveness,Institutional responsiveness,indirect,1,1
26,BSW,Bündnis Sahra Wagenknecht – Vernunft und Gerechtigkeit,28,Schiene vor Straße,Beim Ausbau der Verkehrsinfrastruktur soll die Schiene Vorrang vor der Straße haben.,stimme zu,,1,institutional_responsiveness,Institutional responsiveness,indirect,1,1
1,SPD,Sozialdemokratische Partei Deutschlands,29,Ehrenamt,Ehrenamtliche Tätigkeiten sollen auf die zukünftige Rente angerechnet werden.,stimme nicht zu,"Die SPD sieht im Ehrenamt eine große Leistung für den gesellschaftlichen Zusammenhalt. Deshalb haben wir zum Beispiel die Übungsleiterpauschalen deutlich erhöht. Außerdem haben wir die Hinzuverdienstgrenzen im Rentenrecht weitgehend aufgehoben, so dass es keine Probleme bei der Einkommensanrechnung bei Rentenbezug mehr gibt. Vorschläge für die rentenrechtliche Anerkennung von bestimmten Ehrenamtszeiten werfen aber neue Gerechtigkeitsfragen auf hinsichtlich der Gleichstellung aller Ehrenämter.",-1,participation_civic_inclusion,Participation and civic inclusion,direct,1,-1
2,CDU / CSU,Christlich Demokratische Union Deutschlands / Christlich-Soziale Union in Bayern e.V.,29,Ehrenamt,Ehrenamtliche Tätigkeiten sollen auf die zukünftige Rente angerechnet werden.,stimme nicht zu,"Wir messen dem Ehrenamt eine hohe Bedeutung bei und wollen freiwilliges Engagement stärken. Wir halten steuerliche Entlastungen und die Erhöhung der Ehrenamts- und Übungsleiterpauschale für den richtigen Weg. Auch setzen wir ein Vereinspaket für unser Ehrenamt um, mit dem wir Bürokratie, Datenschutz und Haftungsfragen angehen. Zudem setzen wir mehr Anreize für private Gelder und Spenden und erleichtern den Zugang zu öffentlicher Förderung.",-1,participation_civic_inclusion,Participation and civic inclusion,direct,1,-1
3,GRÜNE,BÜNDNIS 90/DIE GRÜNEN,29,Ehrenamt,Ehrenamtliche Tätigkeiten sollen auf die zukünftige Rente angerechnet werden.,stimme zu,"Viele Millionen Menschen engagieren sich in Deutschland ehrenamtlich, etwa in der Freiwilligen Feuerwehr, beim Technischen Hilfswerk, im Sportverein oder in der Kirche. Sie tragen erheblich zum Zusammenhalt und Funktionieren der Gesellschaft bei. Menschen, die jemanden häuslich pflegen oder Freiwilligenarbeit leisten, erwerben dadurch bereits Rentenanwartschaften. Diese Wertschätzung wollen wir weiteren Ehrenamtlern zukommen lassen. Wir sehen das als eine gesamtgesellschaftliche Aufgabe.",1,participation_civic_inclusion,Participation and civic inclusion,direct,1,1
4,FDP,Freie Demokratische Partei,29,Ehrenamt,Ehrenamtliche Tätigkeiten sollen auf die zukünftige Rente angerechnet werden.,stimme nicht zu,"Das Ehrenamt ist eine gesamtgesellschaftliche Aufgabe und bedeutet aufopferungsvollen und engagierten Einsatz vor Ort durch viele Freiwillige. Gleichwohl kann das Ehrenamt nicht allein den Beitragszahlern der Rentenversicherung aufgebürdet werden. Es wäre auch unfair gegenüber Selbstständigen, die selten rentenversichert sind. Vielmehr ist es wichtig, dass Anreize geschaffen werden, sich neben Ausbildung, Beruf, Familie und Herausforderungen des Alltags für das Vereinsleben zu engagieren.",-1,participation_civic_inclusion,Participation and civic inclusion,direct,1,-1
5,AfD,Alternative für Deutschland,29,Ehrenamt,Ehrenamtliche Tätigkeiten sollen auf die zukünftige Rente angerechnet werden.,stimme nicht zu,"Eine ehrenamtliche Tätigkeit wird selbstbestimmt und ohne Gewinnabsicht durchgeführt. In der Regel erhält die Person dafür eine zumeist steuer- und abgabenfreie Aufwandsentschädigung. Wir legen Wert darauf, dass das bürgerschaftliche Engagement weiterhin aus Überzeugung für das Gemeinwohl ausgeübt wird. Der Lohn fürs Ehrenamt sind öffentliche Anerkennung und Ehre, wie auch kleinere Vergünstigungen für Freifahrtscheine. Hier kann in vielen Bundesländern noch deutlich nachgebessert werden.",-1,participation_civic_inclusion,Participation and civic inclusion,direct,1,-1
6,Die Linke,Die Linke,29,Ehrenamt,Ehrenamtliche Tätigkeiten sollen auf die zukünftige Rente angerechnet werden.,neutral,"Viele Menschen leisten in großen Umfang und regelmäßig ehrenamtliche Arbeit – bei der freiwilligen Feuerwehr, bei Hilfs- und Rettungsorganisationen oder beim Technischen Hilfswerk. Die Organisationen, Kommunen und Länder können dafür Rentenbeiträge zahlen. Bei unregelmäßigen Tätigkeiten oder in geringerem Umfang können wir uns das nicht gut vorstellen. Wir wollen die hauptamtlichen Strukturen für gute Versorgung ausbauen, damit Ehrenamt wirklich ein zusätzliches Engagement bleiben kann.",0,participation_civic_inclusion,Participation and civic inclusion,direct,1,0
26,BSW,Bündnis Sahra Wagenknecht – Vernunft und Gerechtigkeit,29,Ehrenamt,Ehrenamtliche Tätigkeiten sollen auf die zukünftige Rente angerechnet werden.,neutral,"Ehrenamtlich Aktiven gebührt große Anerkennung. Allerdings rechtfertigt der Unterschied zwischen ehrenamtlicher Tätigkeit in den Bereichen Sport, Jugend, etc. und sozialen Berufen wie Lehrer, Erzieher, etc., dass erstere durch ihre Tätigkeit keine Rentenansprüche sammeln. Anders ist das bei ehrenamtlichen Aktivitäten, die so wichtig sind, dass sie verstärkt in reguläre Institutionen und Berufe überführt werden sollten. Hierunter fallen bspw. das THW, die DLRG oder freiwillige Feuerwehren.",0,participation_civic_inclusion,Participation and civic inclusion,direct,1,0
1,SPD,Sozialdemokratische Partei Deutschlands,30,Umlegung der Grundsteuer,Die Grundsteuer soll weiterhin auf Mieterinnen und Mieter umgelegt werden dürfen.,stimme nicht zu,"Die Grundsteuer ist eine Steuer auf Eigentum an Grund und Boden. Mieterinnen und Mieter wollen wir bei der Grundsteuer entlasten. Die Umlagefähigkeit der Grundsteuer darf deshalb nicht so weit gehen, dass der Eigentümer sämtliche Lasten auf die Mietparteien umlegen darf.",-1,economic_security,Economic security,direct,-1,1
2,CDU / CSU,Christlich Demokratische Union Deutschlands / Christlich-Soziale Union in Bayern e.V.,30,Umlegung der Grundsteuer,Die Grundsteuer soll weiterhin auf Mieterinnen und Mieter umgelegt werden dürfen.,stimme zu,"Betriebskosten können generell auf die Mieterinnen und Mieter umgelegt werden, so auch die Grundsteuer. Bei einer Änderung würde die wirtschaftliche Belastung aus der Grundsteuer in der Kalkulation der Vermieter berücksichtigt und die Kaltmieten würden steigen.",1,economic_security,Economic security,direct,-1,-1
3,GRÜNE,BÜNDNIS 90/DIE GRÜNEN,30,Umlegung der Grundsteuer,Die Grundsteuer soll weiterhin auf Mieterinnen und Mieter umgelegt werden dürfen.,stimme nicht zu,"Die Grundsteuer kann momentan auf die Betriebskosten der Mieter umgelegt werden. Das ist ungerecht, denn die Grundsteuer wird erhoben, um damit der Kommune zu ermöglichen, die Infrastruktur vor Ort zu erhalten und zu verbessern. Damit einhergehende Wertsteigerungen kommen den Eigentümern zugute. Vermieter profitieren bei Umlage der Steuer auf Mieter somit doppelt. Wir wollen deshalb die Umlagefähigkeit beenden.",-1,economic_security,Economic security,direct,-1,1
4,FDP,Freie Demokratische Partei,30,Umlegung der Grundsteuer,Die Grundsteuer soll weiterhin auf Mieterinnen und Mieter umgelegt werden dürfen.,stimme zu,"Die Erhebung der Grundsteuer durch die Städte und Gemeinden dient der Finanzierung der kommunalen Infrastruktur, wie z. B. des Abwassersystems, der Straßen, Schulen, Kindergärten und Parks. Damit zählt die Grundsteuer wie Heizkosten, Müllabfuhr oder Gebäudereinigung zu den Betriebskosten und sollte von den Nutzern eines Gebäudes getragen werden. Wir setzen uns hier für ein einfaches Flächenmodell ein, das die Belastung für Mieter wie Eigentümer in einem angemessenen Rahmen hält.",1,economic_security,Economic security,direct,-1,-1
5,AfD,Alternative für Deutschland,30,Umlegung der Grundsteuer,Die Grundsteuer soll weiterhin auf Mieterinnen und Mieter umgelegt werden dürfen.,neutral,Die Grundsteuer soll abgeschafft und den Gemeinden aus Bundesmitteln ein Ausgleich gezahlt werden.,0,economic_security,Economic security,direct,-1,0
6,Die Linke,Die Linke,30,Umlegung der Grundsteuer,Die Grundsteuer soll weiterhin auf Mieterinnen und Mieter umgelegt werden dürfen.,stimme nicht zu,"Die Grundsteuer ist eine Steuer der Eigentümer*innen. Es muss ausgeschlossen werden, dass die Kosten dafür weiterhin auf die Mieter*innen umgelegt werden. Die Grundsteuer darf nicht als Teil der Betriebskosten gelten, dann könnte sie nicht umgelegt werden.",-1,economic_security,Economic security,direct,-1,1
26,BSW,Bündnis Sahra Wagenknecht – Vernunft und Gerechtigkeit,30,Umlegung der Grundsteuer,Die Grundsteuer soll weiterhin auf Mieterinnen und Mieter umgelegt werden dürfen.,stimme nicht zu,,-1,economic_security,Economic security,direct,-1,1
1,SPD,Sozialdemokratische Partei Deutschlands,31,Einschränkung des Streikrechts,Das Streikrecht für Beschäftigte in Unternehmen der kritischen Infrastruktur soll gesetzlich eingeschränkt werden.,stimme nicht zu,"Das Streikrecht gewährleistet Tarifverhandlungen auf Augenhöhe. Die Sozialdemokratie erteilt allen Versuchen, das Streikrecht einzuschränken, eine klare Absage.",-1,participation_civic_inclusion,Participation and civic inclusion,direct,-1,1
2,CDU / CSU,Christlich Demokratische Union Deutschlands / Christlich-Soziale Union in Bayern e.V.,31,Einschränkung des Streikrechts,Das Streikrecht für Beschäftigte in Unternehmen der kritischen Infrastruktur soll gesetzlich eingeschränkt werden.,neutral,"Das Streikrecht ist ein hohes Gut in unserer Sozialen Marktwirtschaft. Wir wollen es erhalten. Aber wenn Kita, Bahn und Energieversorgung streiken, werden sehr viel Menschen negativ getroffen und nicht nur ein Betrieb oder eine Branche. Deshalb sollte Streik hier immer nur das letzte Mittel sein und die betroffenen Menschen müssen sich darauf einstellen können.",0,participation_civic_inclusion,Participation and civic inclusion,direct,-1,0
3,GRÜNE,BÜNDNIS 90/DIE GRÜNEN,31,Einschränkung des Streikrechts,Das Streikrecht für Beschäftigte in Unternehmen der kritischen Infrastruktur soll gesetzlich eingeschränkt werden.,stimme nicht zu,"Das Streikrecht ist ein hohes Gut in unserem Land und gehört zur liberalen Demokratie. Wo viel und hart zum Wohle unserer Gesellschaft gearbeitet wird und wo die Arbeitsbedingungen oft auch wegen Personalmangel schwierig sind - beispielsweise in Krankenhäusern -, wollen wir mehr investieren und für bessere Bedingungen sorgen, anstatt die Rechte von Arbeitnehmer*innen zu schleifen.",-1,participation_civic_inclusion,Participation and civic inclusion,direct,-1,1
4,FDP,Freie Demokratische Partei,31,Einschränkung des Streikrechts,Das Streikrecht für Beschäftigte in Unternehmen der kritischen Infrastruktur soll gesetzlich eingeschränkt werden.,stimme zu,"Das Streikrecht ist ein wichtiges Grundrecht. Um die kritische Infrastruktur und die Grundversorgung zu gewährleisten, braucht es eine Modernisierung. In kritischen Bereichen braucht es eine verpflichtende Schlichtungsvereinbarung zu Beginn von Tarifverhandlungen, Mindestankündigungsfristen sowie die Sicherstellung eines Notbetriebs. Denn hier droht sonst ein überproportional großer gesellschaftlicher Schaden, der mit einer Verzerrung der Verhandlungsmacht der Tarifparteien verbunden ist.",1,participation_civic_inclusion,Participation and civic inclusion,direct,-1,-1
5,AfD,Alternative für Deutschland,31,Einschränkung des Streikrechts,Das Streikrecht für Beschäftigte in Unternehmen der kritischen Infrastruktur soll gesetzlich eingeschränkt werden.,stimme zu,"Der Arbeitskampf wurde bei uns bisher im Wesentlichen durch die Rechtsprechung entwickelt. Das BVerfG hat in Bezug auf Bereiche der öffentlichen Daseinsvorsorge Einschränkungen im Streikrecht vorgegeben z. B. für die Aufrechterhaltung eines Notbetriebs. Andere EU-Länder haben zusätzlich gesetzliche Fristen für die Ankündigungen von Streiks in kritischen Infrastrukturen. Da die Versorgung der Bürger oberste Priorität hat, müssen auch bei uns klare gesetzliche Regelungen dazu geschaffen werden.",1,participation_civic_inclusion,Participation and civic inclusion,direct,-1,-1
6,Die Linke,Die Linke,31,Einschränkung des Streikrechts,Das Streikrecht für Beschäftigte in Unternehmen der kritischen Infrastruktur soll gesetzlich eingeschränkt werden.,stimme nicht zu,"Das Streikrecht stellt sicher, dass die Beschäftigten Arbeitsbedingungen und Löhne mitgestalten können. Die Gewerkschaften sind immer ihrer gesellschaftlichen Verantwortung gerecht geworden und haben über Notdienstvereinbarungen und ähnliches den absolut notwendigen Betrieb sichergestellt. Um den Betrieb kritischer Infrastrukturen zu sichern, müssen sie ausreichend finanziert werden, statt Löcher auf Kosten der Belegschaften zu stopfen. Die Linke verteidigt das Streikrecht gegen alle Angriffe.",-1,participation_civic_inclusion,Participation and civic inclusion,direct,-1,1
26,BSW,Bündnis Sahra Wagenknecht – Vernunft und Gerechtigkeit,31,Einschränkung des Streikrechts,Das Streikrecht für Beschäftigte in Unternehmen der kritischen Infrastruktur soll gesetzlich eingeschränkt werden.,stimme nicht zu,,-1,participation_civic_inclusion,Participation and civic inclusion,direct,-1,1
1,SPD,Sozialdemokratische Partei Deutschlands,32,Volksentscheide,In Deutschland soll es auf Bundesebene Volksentscheide geben können.,neutral,"Wir wollen mehr Bürgerbeteiligung auch auf Bundesebene und setzen uns dafür ein, dass geloste Bürgerräte als fester Bestandteil unserer Demokratie etabliert werden. Sie beraten zu schwierigen Themen und stärken das Vertrauen in die Demokratie. Sie machen Demokratie erlebbar, indem sie Menschen mit unterschiedlichen Positionen in den Austausch bringen, zur Kompromissfindung ermutigen und erreichen, dass der Interessenausgleich als Kern der Demokratie verstanden wird.",0,political_efficacy,Direct participation / political voice,direct,1,0
2,CDU / CSU,Christlich Demokratische Union Deutschlands / Christlich-Soziale Union in Bayern e.V.,32,Volksentscheide,In Deutschland soll es auf Bundesebene Volksentscheide geben können.,stimme nicht zu,"Wir stehen zur repräsentativen Demokratie. Die Bürgerinnen und Bürger wählen ihre Abgeordneten, die ihre Interessen in den Parlamenten auf Zeit vertreten. Damit wird ein fester Rahmen für die gesellschaftliche Willensbildung und für die Wahrung von Minderheitsrechten gesichert. Niedrige Beteiligungszahlen bei Volksentscheiden sollten keine Basis sein, auf der grundlegende Entscheidungen in Deutschland gefällt werden.",-1,political_efficacy,Direct participation / political voice,direct,1,-1
3,GRÜNE,BÜNDNIS 90/DIE GRÜNEN,32,Volksentscheide,In Deutschland soll es auf Bundesebene Volksentscheide geben können.,stimme nicht zu,"Wir setzen auf das Instrument der Bürgerräte. Es ermöglicht, dass zufällig ausgewählte Bürger*innen als Expert*innen des Alltags ihren Rat in politische Entscheidungsprozessen einfließen lassen kann. Die Bürgerräte wollen wir stärken und gesetzlich absichern. Bürgerräte haben den Vorteil, dass sie eine sachliche Debatte ermöglichen und weniger polarisieren als Volksentscheide.",-1,political_efficacy,Direct participation / political voice,direct,1,-1
4,FDP,Freie Demokratische Partei,32,Volksentscheide,In Deutschland soll es auf Bundesebene Volksentscheide geben können.,stimme nicht zu,Unser Land ist eine parlamentarische Demokratie. Wir wollen den Deutschen Bundestag als Ort der demokratischen und differenzierten Debatte stärken.,-1,political_efficacy,Direct participation / political voice,direct,1,-1
5,AfD,Alternative für Deutschland,32,Volksentscheide,In Deutschland soll es auf Bundesebene Volksentscheide geben können.,stimme zu,"Dies ist ein Gebot eines reifen Demokratieverständnisses. Die parlamentarische Demokratie trägt dem Umstand moderner entwickelter Staaten Rechnung, die einen hohen Steuerungsbedarf haben. Diese Form des mittelbaren Einflusses des Staatsvolkes auf die Staatsgeschäfte muss seine Grenze finden bei Grundsatzentscheidungen über fundamentale Fragen des Gemeinschaftslebens. Die Stabilität der Schweizer Demokratie ist ein leuchtendes Beispiel für den Mehrwert von Volksabstimmungen.",1,political_efficacy,Direct participation / political voice,direct,1,1
6,Die Linke,Die Linke,32,Volksentscheide,In Deutschland soll es auf Bundesebene Volksentscheide geben können.,stimme zu,"Demokratie ist mehr, als alle vier Jahre die Stimme abgeben. Wir wollen deshalb Formen der direkten Demokratie stärken – und sicherstellen, dass auch was daraus folgt.",1,political_efficacy,Direct participation / political voice,direct,1,1
26,BSW,Bündnis Sahra Wagenknecht – Vernunft und Gerechtigkeit,32,Volksentscheide,In Deutschland soll es auf Bundesebene Volksentscheide geben können.,stimme zu,,1,political_efficacy,Direct participation / political voice,direct,1,1
1,SPD,Sozialdemokratische Partei Deutschlands,33,Strafrecht für unter 14-Jährige,Unter 14-Jährige sollen strafrechtlich belangt werden können.,stimme nicht zu,"Kinder unter 14 Jahren besitzen grundsätzlich noch nicht die nötige Reife, die Folgen ihres Handelns voll zu erkennen und zu steuern. Statt härterer Strafen setzen wir auf Prävention, Jugendhilfe und Sozialarbeit. Auch nicht strafmündige Täter bleiben nicht ohne Konsequenzen: Erziehungshilfen, intensive Betreuung und sozialpädagogische Maßnahmen greifen, um Fehlverhalten zu korrigieren und die Kinder auf den richtigen Weg zu bringen.",-1,democratic_institutions,Democratic institutions and rule of law,indirect,0,0
2,CDU / CSU,Christlich Demokratische Union Deutschlands / Christlich-Soziale Union in Bayern e.V.,33,Strafrecht für unter 14-Jährige,Unter 14-Jährige sollen strafrechtlich belangt werden können.,stimme zu,"Wir halten es für fragwürdig, ob die Strafmündigkeitsgrenze dem heutigen Reifegrad von Kindern noch entspricht. Deshalb wollen wir durch eine wissenschaftliche Untersuchung prüfen lassen, ob die Altersgrenze noch angemessen ist und sie gegebenenfalls anpassen. Aus Respekt vor den Opfern gilt es aber, Gerichtsverfahren zu etablieren, die die Straftaten unter Anwesenheit der erziehungsberechtigten Eltern und der Kinder von Staatsanwaltschaft und Jugendgericht aufarbeiten.",1,democratic_institutions,Democratic institutions and rule of law,indirect,0,0
3,GRÜNE,BÜNDNIS 90/DIE GRÜNEN,33,Strafrecht für unter 14-Jährige,Unter 14-Jährige sollen strafrechtlich belangt werden können.,stimme nicht zu,"Junges Alter ist schon jetzt kein Freifahrtschein für Kriminalität. Bei Kindern entscheiden Jugendamt und Familiengericht über die Konsequenzen der Tat. Sie können die Entziehung des Sorgerechts oder eine Unterbringung in einem Heim oder einem psychiatrischen Krankenhaus anordnen. Das ist besser geeignet als das Strafrecht, denn Kinder können die Bedeutung und die Folgen ihrer Taten nicht so sicher einschätzen wie Jugendliche oder Erwachsene.",-1,democratic_institutions,Democratic institutions and rule of law,indirect,0,0
4,FDP,Freie Demokratische Partei,33,Strafrecht für unter 14-Jährige,Unter 14-Jährige sollen strafrechtlich belangt werden können.,stimme nicht zu,"Das Strafrecht ist das schärfste Schwert des Rechtsstaats. Gerade Kindern und Jugendlichen ist mit diesem Instrument nicht geholfen, wenn sie zu Tätern werden. Die Betreuungs- und Therapiekapazitäten müssen ausgebaut werden, um junge Menschen davon abzuhalten, weitere Straftaten zu begehen.",-1,democratic_institutions,Democratic institutions and rule of law,indirect,0,0
5,AfD,Alternative für Deutschland,33,Strafrecht für unter 14-Jährige,Unter 14-Jährige sollen strafrechtlich belangt werden können.,stimme zu,"Die AfD setzt sich für eine Herabsetzung der Strafbarkeitsgrenze ein, und zwar auf die Vollendung des 12. Lebensjahres. Gerade im Bereich der Gewalt-, Vermögens- und auch Sexualdelikte ist zu beobachten, dass „kriminelle Karrieren“ immer früher beginnen, die Täter ihre erste kriminelle Tat in einem immer jüngeren Alter begehen. Dies sind keine Vermutungen, sondern Ergebnisse empirischer Untersuchungen. Dem stehen Polizei und Staatsanwaltschaft bislang machtlos gegenüber.",1,democratic_institutions,Democratic institutions and rule of law,indirect,0,0
6,Die Linke,Die Linke,33,Strafrecht für unter 14-Jährige,Unter 14-Jährige sollen strafrechtlich belangt werden können.,stimme nicht zu,"Im Umgang mit Kindern hat Strafrecht nichts verloren. Hier muss es um Hilfen zur Erziehung gehen und um Gespräche mit den Eltern. Das Jugendamt kann Konsequenzen bei der Unterbringung anordnen oder beantragen, das Sorgerecht zu verändern. Die Kinder brauchen vor allem Hilfe und Unterstützung.",-1,democratic_institutions,Democratic institutions and rule of law,indirect,0,0
26,BSW,Bündnis Sahra Wagenknecht – Vernunft und Gerechtigkeit,33,Strafrecht für unter 14-Jährige,Unter 14-Jährige sollen strafrechtlich belangt werden können.,stimme nicht zu,,-1,democratic_institutions,Democratic institutions and rule of law,indirect,0,0
1,SPD,Sozialdemokratische Partei Deutschlands,34,Abschaffung von Zöllen,Deutschland soll sich für die Abschaffung der erhöhten EU-Zölle auf chinesische Elektroautos einsetzen.,neutral,"Die übermäßige Subventionierung in verschiedenen Branchen durch China gefährdet faire Wettbewerbsbedingungen. Deshalb ist es grundsätzlich richtig, dass die EU-Kommission dagegen vorgeht. Gleichzeitig schaden die aktuellen Zölle der deutschen Automobilwirtschaft und gefährden Arbeitsplätze hierzulande. Auf Druck der Bundesregierung verhandelt die EU-Kommission daher mit der chinesischen Regierung, um eine Alternative zu den zunächst eingeführten Zöllen zu finden.",0,not_directly_related,Not directly related,low,0,0
2,CDU / CSU,Christlich Demokratische Union Deutschlands / Christlich-Soziale Union in Bayern e.V.,34,Abschaffung von Zöllen,Deutschland soll sich für die Abschaffung der erhöhten EU-Zölle auf chinesische Elektroautos einsetzen.,neutral,"Wir sind für einen fairen internationalen Freihandel nach gemeinsamen Spielregeln, an die sich alle halten. Grundsätzlich sind Zölle nicht der richtige Weg, weil sie den Freihandel behindern und Waren für alle teurer machen. Wir wollen aber verhindern, dass Staaten außerhalb der EU den marktwirtschaftlichen Wettbewerb durch staatliche Subventionen aushebeln und sich so einen unfairen Wettbewerbsvorteil verschaffen.",0,not_directly_related,Not directly related,low,0,0
3,GRÜNE,BÜNDNIS 90/DIE GRÜNEN,34,Abschaffung von Zöllen,Deutschland soll sich für die Abschaffung der erhöhten EU-Zölle auf chinesische Elektroautos einsetzen.,stimme zu,"Chinas Subventions- und Wirtschaftspolitik führt zu unfairem Wettbewerb für unsere europäischen Unternehmen. Deshalb stärken wir der EU Kommission den Rücken in ihren Verhandlungen mit China, auch bei E-Autos. So wahren wir die Interessen der europäischen Wirtschaft. Zölle können dabei aber nur die letztmögliche Lösung sein. Außerdem arbeiten wir weiter daran, unsere Abhängigkeiten von China abzubauen.",1,not_directly_related,Not directly related,low,0,0
4,FDP,Freie Demokratische Partei,34,Abschaffung von Zöllen,Deutschland soll sich für die Abschaffung der erhöhten EU-Zölle auf chinesische Elektroautos einsetzen.,stimme zu,"Die neuen EU-Zölle treffen am stärksten die deutschen Autohersteller. Denn diese Unternehmen produzieren auch in China. Handelskonflikte führen zu Inflation und Knappheit, sie kennen keine Gewinner. Als Exportnation ist Deutschland auf offene Märkte angewiesen. Wir stehen deshalb für den Abbau von Handelsbarrieren, statt neue zu schaffen.",1,not_directly_related,Not directly related,low,0,0
5,AfD,Alternative für Deutschland,34,Abschaffung von Zöllen,Deutschland soll sich für die Abschaffung der erhöhten EU-Zölle auf chinesische Elektroautos einsetzen.,stimme zu,"Zölle zum Schutz der heimischen Wirtschaft führen mittelfristig zu einer Schwächung der geschützten Unternehmen, weil sich für sie der Anpassungsdruck an veränderte Marktbedingungen und damit ihre Wettbewerbsfähigkeit reduziert. Dies gilt auch für chinesische Importe, solange kein eindeutiger Verstoß gegen die internationale Wettbewerbsordnung vorliegt. Die Politik sollte stattdessen für gute Standortbedingungen sorgen, wie preiswerte Energie, geringe Bürokratie und intakte Infrastruktur.",1,not_directly_related,Not directly related,low,0,0
6,Die Linke,Die Linke,34,Abschaffung von Zöllen,Deutschland soll sich für die Abschaffung der erhöhten EU-Zölle auf chinesische Elektroautos einsetzen.,stimme zu,"Die Autoindustrie wird in China derzeit stark gefördert, was die Ausgestaltung von fairen Handelsbeziehungen schwieriger macht. Die Automobilindustrie in Deutschland hat den Umbau ihrer Flotten verschlafen. Die Zölle auf chinesische Elektroautos zu erhöhen schützt weder Arbeitsplätze noch helfen sie beim dringend benötigten Umbau der Automobilindustrie, dafür braucht es eine aktive Industriepolitik, bei der die Beschäftigten Mitsprache haben.",1,not_directly_related,Not directly related,low,0,0
26,BSW,Bündnis Sahra Wagenknecht – Vernunft und Gerechtigkeit,34,Abschaffung von Zöllen,Deutschland soll sich für die Abschaffung der erhöhten EU-Zölle auf chinesische Elektroautos einsetzen.,stimme zu,"Die erhöhten EU-Zölle auf chinesische Elektroautos schaden der deutschen Autoindustrie, da China im Gegenzug ebenfalls höhere Zölle auf europäische Fahrzeuge und Zulieferteile einführt. Für die Wettbewerbsfähigkeit deutscher Fahrzeuge auf dem chinesischen Markt ist eine Handelsbeziehung auf Augenhöhe ohne Zölle notwendig.",1,not_directly_related,Not directly related,low,0,0
1,SPD,Sozialdemokratische Partei Deutschlands,35,Zweite Staatsbürgerschaft,"In Deutschland soll es weiterhin generell möglich sein, neben der deutschen eine zweite Staatsbürgerschaft zu haben.",stimme zu,"Wir haben mit dem modernen Staatsangehörigkeitsgesetz wichtige Fortschritte erzielt. Wir stehen dafür, dass Menschen, die sich klar zur demokratischen Grundordnung bekennen und die strengen Einbürgerungsvoraussetzungen erfüllen, auch formal Bürgerinnen und Bürger unseres Landes werden sollen. Wir sind überzeugt, dass in einem modernen Einwanderungsland die Möglichkeit der Mehrstaatigkeit ein die Lebensrealität widerspiegelnder Aspekt ist, der Identifikation, Akzeptanz und Zusammenhalt stärkt.",1,participation_civic_inclusion,Participation and civic inclusion,direct,1,1
2,CDU / CSU,Christlich Demokratische Union Deutschlands / Christlich-Soziale Union in Bayern e.V.,35,Zweite Staatsbürgerschaft,"In Deutschland soll es weiterhin generell möglich sein, neben der deutschen eine zweite Staatsbürgerschaft zu haben.",stimme nicht zu,Wir lehnen die generelle Möglichkeit der doppelten Staatsbürgerschaft sowie ihre Vererbung über Generationen hinweg ab. Eine doppelte Staatsangehörigkeit sollte immer eine begründungspflichtige Ausnahme bleiben.,-1,participation_civic_inclusion,Participation and civic inclusion,direct,1,-1
3,GRÜNE,BÜNDNIS 90/DIE GRÜNEN,35,Zweite Staatsbürgerschaft,"In Deutschland soll es weiterhin generell möglich sein, neben der deutschen eine zweite Staatsbürgerschaft zu haben.",stimme zu,"In einer zusammenwachsenden Welt ist es schon lange Realität, dass Menschen eine zweite Staatsbürgerschaft besitzen. Der Zugang zur Staatsbürgerschaft wirkt sich positiv auf die wirtschaftliche, soziale und politische Integration von Eingewanderten aus. Sie führt zu einem besseren Zugang zum Arbeitsmarkt. Diese Lebensrealität erkennen wir an.",1,participation_civic_inclusion,Participation and civic inclusion,direct,1,1
4,FDP,Freie Demokratische Partei,35,Zweite Staatsbürgerschaft,"In Deutschland soll es weiterhin generell möglich sein, neben der deutschen eine zweite Staatsbürgerschaft zu haben.",stimme zu,"Die FDP hat erreicht, dass Menschen nur dann eingebürgert werden können, wenn sie ihren eigenen Lebensunterhalt verdienen. Damit senden wir das Signal, dass sich Fleiß und Arbeitsleistung auszahlen. Antisemitische, rassistische, fremdenfeindliche Handlungen oder Motive sowie Straftaten oder eine Ablehnung des Grundgesetzes stellen strenge Ausschlussgründe dar. Die Mehrstaatigkeit wollen wir grundsätzlich zulassen.",1,participation_civic_inclusion,Participation and civic inclusion,direct,1,1
5,AfD,Alternative für Deutschland,35,Zweite Staatsbürgerschaft,"In Deutschland soll es weiterhin generell möglich sein, neben der deutschen eine zweite Staatsbürgerschaft zu haben.",stimme nicht zu,"Wenn man die Staatsangehörigkeit, wie eh und je, begreift als ein spezielles Gewaltverhältnis zwischen Bürger und „seinem“ Staat, das mit besonderen Schutzpflichten für diesen und speziellen Loyalitätspflichten bis zur Aufopferung des Lebens für jenen verbunden ist, dann kann es regelhaft eine solche Beziehung nur zwischen Bürger und einem Staat geben. Besonders gelagerte Ausnahmefälle sind vorstellbar. Denen sollte man auch Rechnung tragen.",-1,participation_civic_inclusion,Participation and civic inclusion,direct,1,-1
6,Die Linke,Die Linke,35,Zweite Staatsbürgerschaft,"In Deutschland soll es weiterhin generell möglich sein, neben der deutschen eine zweite Staatsbürgerschaft zu haben.",stimme zu,"Wer hier lebt, soll unproblematisch die Staatsbürgerschaft bekommen und seine oder ihre demokratischen Rechte ausüben können. Doppelte Staatsbürgerschaft ist auch für Deutsche von Vorteil, die im Laufe des Lebens mehrere Lebensmittelpunkte haben. Die Möglichkeit zur doppelten Staatsbürgerschaft nimmt niemandem etwas weg. Sie macht vielen den Weg in die deutsche Gesellschaft einfacher.",1,participation_civic_inclusion,Participation and civic inclusion,direct,1,1
26,BSW,Bündnis Sahra Wagenknecht – Vernunft und Gerechtigkeit,35,Zweite Staatsbürgerschaft,"In Deutschland soll es weiterhin generell möglich sein, neben der deutschen eine zweite Staatsbürgerschaft zu haben.",stimme zu,,1,participation_civic_inclusion,Participation and civic inclusion,direct,1,1
1,SPD,Sozialdemokratische Partei Deutschlands,36,Soziales Pflichtjahr,Für junge Erwachsene soll ein soziales Pflichtjahr eingeführt werden.,stimme nicht zu,"Freiwilliges Engagement für die Gesellschaft ist für junge Menschen ein wertvoller Teil von Bildung. Die bestehenden Freiwilligendienste sind beliebt - vielerorts gibt es mehr Interessentinnen und Interessenten als Plätze. Wir wollen daher, dass Bund und Länder gemeinsam für eine bessere Finanzierung der Freiwilligendienste sorgen. Das „Taschengeld“ wollen wir so ausgestalten, dass auch junge Frauen und Männer aus einkommensärmeren Haushalten sich für einen Freiwilligendienst entscheiden können.",-1,participation_civic_inclusion,Participation and civic inclusion,direct,1,-1
2,CDU / CSU,Christlich Demokratische Union Deutschlands / Christlich-Soziale Union in Bayern e.V.,36,Soziales Pflichtjahr,Für junge Erwachsene soll ein soziales Pflichtjahr eingeführt werden.,stimme zu,"Wir setzen perspektivisch auf ein verpflichtendes Gesellschaftsjahr, das wir mit der aufwachsenden Wehrpflicht zusammendenken. Der Dienst für das Gemeinwohl bringt Menschen unterschiedlicher Milieus, Religionen und Generationen zusammen. Er bietet die Möglichkeit, über den eigenen Tellerrand hinauszuschauen, eröffnet jungen Menschen Chancen und schafft ein neues Wir-Gefühl.",1,participation_civic_inclusion,Participation and civic inclusion,direct,1,1
3,GRÜNE,BÜNDNIS 90/DIE GRÜNEN,36,Soziales Pflichtjahr,Für junge Erwachsene soll ein soziales Pflichtjahr eingeführt werden.,stimme nicht zu,"Viele Menschen – ob jung oder alt – möchten sich im Freiwilligendienst engagieren. Das wollen wir fördern und deshalb die Bedingungen für Freiwillige verbessern, indem wir ein Recht auf einen Freiwilligendienst schaffen und Plätze im Bundesfreiwilligendienst ausreichend und verlässlich finanzieren.",-1,participation_civic_inclusion,Participation and civic inclusion,direct,1,-1
4,FDP,Freie Demokratische Partei,36,Soziales Pflichtjahr,Für junge Erwachsene soll ein soziales Pflichtjahr eingeführt werden.,stimme nicht zu,"Wir Freie Demokraten sehen eine allgemeine Dienstpflicht, ein sogenanntes Gesellschaftsjahr und verwandte Konzepte als einen schweren Eingriff in die Lebensplanung junger Menschen. Einen solchen Pflichtdienst lehnen wir deshalb entschieden ab. Wir setzen stattdessen auf attraktive und berufsvorbereitende Freiwilligendienste, in denen sich Interessierte passend zu ihrer individuellen Lebensplanung engagieren können.",-1,participation_civic_inclusion,Participation and civic inclusion,direct,1,-1
5,AfD,Alternative für Deutschland,36,Soziales Pflichtjahr,Für junge Erwachsene soll ein soziales Pflichtjahr eingeführt werden.,neutral,Wir möchten die Wehrpflicht wieder einsetzen. Diese beinhaltet gemäß aktueller Gesetzeslage auch den Ersatzdienst. Ein rein soziales Pflichtjahr lehnen wir aber ab.,0,participation_civic_inclusion,Participation and civic inclusion,direct,1,0
6,Die Linke,Die Linke,36,Soziales Pflichtjahr,Für junge Erwachsene soll ein soziales Pflichtjahr eingeführt werden.,stimme nicht zu,"Die Linke ist gegen Zwangsdienste. Aber wir wollen, dass der Bund allen Jugendlichen ermöglicht, ein freiwilliges soziales Jahr zu leisten. Bislang gibt es dafür nicht ausreichend Mittel.",-1,participation_civic_inclusion,Participation and civic inclusion,direct,1,-1
26,BSW,Bündnis Sahra Wagenknecht – Vernunft und Gerechtigkeit,36,Soziales Pflichtjahr,Für junge Erwachsene soll ein soziales Pflichtjahr eingeführt werden.,stimme zu,,1,participation_civic_inclusion,Participation and civic inclusion,direct,1,1
1,SPD,Sozialdemokratische Partei Deutschlands,37,Fossile Brennstoffe,Neue Heizungen sollen auch zukünftig vollständig mit fossilen Brennstoffen (z. B. Gas oder Öl) betrieben werden dürfen.,stimme nicht zu,"Bis zum Jahr 2045 muss Deutschland klimaneutral sein. Dazu müssen alle Bereiche wie Gebäude, Verkehr oder Industrie beitragen. Heute wird die Wärme zum Heizen und für Warmwasser noch zu 80 Prozent mit Gas, Öl oder Kohle erzeugt. Da eine Heizung meist länger als 20 Jahre in Betrieb ist, müssen die Weichen in Richtung Nachhaltigkeit rechtzeitig gestellt werden. Das wurde mit dem Gebäudeenergiegesetz (GEG) getan. Eine umfangreiche Förderung sorgt dafür, dass niemand allein gelassen wird.",-1,institutional_responsiveness,Institutional responsiveness,indirect,-1,1
2,CDU / CSU,Christlich Demokratische Union Deutschlands / Christlich-Soziale Union in Bayern e.V.,37,Fossile Brennstoffe,Neue Heizungen sollen auch zukünftig vollständig mit fossilen Brennstoffen (z. B. Gas oder Öl) betrieben werden dürfen.,stimme zu,"Das Heizungsgesetz der Ampel schaffen wir ab. Die Menschen brauchen Entscheidungsfreiheit. Zudem wissen sie am besten, welche Heizungsart zu ihrem Wohneigentum und zu ihrem Geldbeutel passt. Für die Dekarbonisierung im Gebäudebereich setzen wir auf CO2-Bepreisung mit sozialem Ausgleich, verlässliche Förderung und technologieoffene Lösungen. So berücksichtigen wir auch den Bestand.",1,institutional_responsiveness,Institutional responsiveness,indirect,-1,-1
3,GRÜNE,BÜNDNIS 90/DIE GRÜNEN,37,Fossile Brennstoffe,Neue Heizungen sollen auch zukünftig vollständig mit fossilen Brennstoffen (z. B. Gas oder Öl) betrieben werden dürfen.,stimme nicht zu,"Der Einstieg in eine klimafreundliche Wärmeversorgung ist jahrelang verschlafen worden. Mit dem Gebäudeenergiegesetz und einer Förderung von bis zu 70 Prozent für den Kauf und Einbau von klimafreundlichen Heizungen haben wir die notwendige Planungssicherheit geschaffen. Die Unterstützung auf diesem Weg werden wir ausbauen. Mit Öl und Gas zu heizen wird immer teurer, das kann man künftig niemanden mehr zumuten.",-1,institutional_responsiveness,Institutional responsiveness,indirect,-1,1
4,FDP,Freie Demokratische Partei,37,Fossile Brennstoffe,Neue Heizungen sollen auch zukünftig vollständig mit fossilen Brennstoffen (z. B. Gas oder Öl) betrieben werden dürfen.,stimme zu,"Wir stehen zum Ziel der Klimaneutralität. Mit dem EU-Emissionshandel setzen wir auf ein marktwirtschaftliches Instrument. Fossile Brennstoffe in Heizungen haben dadurch keine langfristige Perspektive. Eine warme Wohnung mit klimafreundlicher Heizung muss aber für jeden bezahlbar werden. Deshalb setzen wir auf Technologieoffenheit statt Verbote: Jeder soll selbst entscheiden, wie er CO2 einspart. Um die Belastung abzufedern, führen wir eine Klimadividende ein und senken die Energiebesteuerung.",1,institutional_responsiveness,Institutional responsiveness,indirect,-1,-1
5,AfD,Alternative für Deutschland,37,Fossile Brennstoffe,Neue Heizungen sollen auch zukünftig vollständig mit fossilen Brennstoffen (z. B. Gas oder Öl) betrieben werden dürfen.,stimme zu,"Den Bedarf an Technologien und deren Weiterentwicklung regelt am Besten der freie Markt der Bauherren und Anbieter, je nach Anwendung und Ressourcenverfügbarkeit. Der freie Markt reagiert auch weit schneller, als es ein Gesetzgeber je könnte. Wir brauchen im Wohnungsbau weniger Vorschriften, nicht mehr – nur so sinken Baukosten und steigt damit die Anzahl neuer Wohnungen. Darum wollen wir auch das GEG ersatzlos abschaffen.",1,institutional_responsiveness,Institutional responsiveness,indirect,-1,-1
6,Die Linke,Die Linke,37,Fossile Brennstoffe,Neue Heizungen sollen auch zukünftig vollständig mit fossilen Brennstoffen (z. B. Gas oder Öl) betrieben werden dürfen.,stimme nicht zu,Für alle mit geringen und mittleren Einkommen in Eigenheimen dürfen im Umbauprozess keine Zusatzkosten anfallen. Es braucht angemessene Übergangsfristen. Dafür wollen wir das Heizungsgesetz entsprechend reformieren.,-1,institutional_responsiveness,Institutional responsiveness,indirect,-1,1
26,BSW,Bündnis Sahra Wagenknecht – Vernunft und Gerechtigkeit,37,Fossile Brennstoffe,Neue Heizungen sollen auch zukünftig vollständig mit fossilen Brennstoffen (z. B. Gas oder Öl) betrieben werden dürfen.,stimme zu,,1,institutional_responsiveness,Institutional responsiveness,indirect,-1,-1
1,SPD,Sozialdemokratische Partei Deutschlands,38,Erhöhung des Mindestlohns,Der gesetzliche Mindestlohn soll spätestens 2026 auf 15 Euro erhöht werden.,stimme zu,"Die SPD hat den gesetzlichen Mindestlohn eingeführt. Die Höhe des gesetzlichen Mindestlohns muss sich an den Empfehlungen der europäischen Richtlinie orientieren, also an mindestens 60 Prozent des mittleren Einkommens in Deutschland. Wir werden dafür sorgen, dass dieses europäische Recht von der Mindestlohnkommission künftig berücksichtigt wird. Dementsprechend muss der Mindestlohn spätestens ab 2026 bei 15 Euro liegen.",1,economic_security,Economic security,direct,1,1
2,CDU / CSU,Christlich Demokratische Union Deutschlands / Christlich-Soziale Union in Bayern e.V.,38,Erhöhung des Mindestlohns,Der gesetzliche Mindestlohn soll spätestens 2026 auf 15 Euro erhöht werden.,neutral,CDU und CSU haben 2014 den gesetzlichen Mindestlohn eingeführt. Er ist ein wichtiger Teil der Arbeitsmarktordnung. Wir stehen zum gesetzlichen Mindestlohn und der unabhängigen Mindestlohnkommission. Lohnfindung muss weiterhin Sache der Sozialpartner sein und nicht der Politik. Wir erwarten eine einvernehmliche Entscheidungsfindung in der Mindestlohnkommission. Wir wollen keine Mindestlohnentscheidung im Deutschen Bundestag. Wir unterstützen eine gute Lohnentwicklung.,0,economic_security,Economic security,direct,1,0
3,GRÜNE,BÜNDNIS 90/DIE GRÜNEN,38,Erhöhung des Mindestlohns,Der gesetzliche Mindestlohn soll spätestens 2026 auf 15 Euro erhöht werden.,stimme zu,"Faire Löhne verlangen nach einem fairen Mindestlohn, damit Leistung auch anerkannt wird. Um die Inflation der vergangenen Jahre auszugleichen, braucht es bereits 2025 einen Mindestlohn von 15 Euro. Das entspricht auch den Vorgaben, die bei der Umsetzung der Mindestlohnrichtlinie der Europäischen Union einzuhalten sind.",1,economic_security,Economic security,direct,1,1
4,FDP,Freie Demokratische Partei,38,Erhöhung des Mindestlohns,Der gesetzliche Mindestlohn soll spätestens 2026 auf 15 Euro erhöht werden.,stimme nicht zu,Löhne und Gehälter werden in der sozialen Marktwirtschaft zwischen Arbeitnehmern und Arbeitgebern ausgehandelt. Wir respektieren die Tarifautonomie und lehnen politische Eingriffe in die Arbeit der unabhängigen Mindestlohnkommission ab.,-1,economic_security,Economic security,direct,1,-1
5,AfD,Alternative für Deutschland,38,Erhöhung des Mindestlohns,Der gesetzliche Mindestlohn soll spätestens 2026 auf 15 Euro erhöht werden.,neutral,"Die Entscheidung über den Mindestlohn obliegt ausschließlich der Mindestlohnkommission. Dort sitzen kompetente Vertreter der Arbeitgeber und der Beschäftigten. Eine zu starke Erhöhung des Mindestlohns überfordert viele Unternehmen. Dann fallen weitere Arbeitsplätze weg und den Beschäftigten geht es am Ende schlechter als zuvor, zumal auch die Inflation steigen wird. Die AfD strebt ebenfalls höhere Löhne an, weiß aber, dass dies nur mit einem wirtschaftlichen Aufschwung nachhaltig funktioniert.",0,economic_security,Economic security,direct,1,0
6,Die Linke,Die Linke,38,Erhöhung des Mindestlohns,Der gesetzliche Mindestlohn soll spätestens 2026 auf 15 Euro erhöht werden.,stimme zu,"Der Lohn muss für ein Leben in Würde reichen. Laut EU soll der gesetzliche Mindestlohn mindestens 60% des mittleren Einkommens betragen. Im Januar 2025 sind das 15,12 Euro, der gesetzliche Mindestlohn muss also mindestens 15 Euro betragen, spätestens 2026 soll er auf 16 Euro steigen. Die Linke setzt sich für die umgehende und vollständige Umsetzung der Mindestlohn-Richtlinie in nationales Recht ein.",1,economic_security,Economic security,direct,1,1
26,BSW,Bündnis Sahra Wagenknecht – Vernunft und Gerechtigkeit,38,Erhöhung des Mindestlohns,Der gesetzliche Mindestlohn soll spätestens 2026 auf 15 Euro erhöht werden.,stimme zu,,1,economic_security,Economic security,direct,1,1
