cntry,stfdem,trstprl,trstplt,trstprt,trstlgl,trstplc,trstep,trstun,social_trust_index,social_trust_group,political_efficacy_index,efficacy_group,vote_clean,hincfel,lrscale,lr_group,eduyrs,agea,gndr
DE,8.0,7.0,5.0,5.0,7.0,8.0,6.0,6.0,3.3333333333333335,Low social trust,2.75,Medium efficacy,Voted,1.0,5.0,Center (4-6),17.0,34.0,1.0
DE,7.0,4.0,5.0,3.0,8.0,8.0,3.0,7.0,7.333333333333333,High social trust,2.75,Medium efficacy,Voted,2.0,3.0,Left (0-3),17.0,42.0,2.0
DE,8.0,7.0,8.0,7.0,8.0,8.0,9.0,9.0,6.666666666666667,High social trust,2.0,Low efficacy,Voted,1.0,5.0,Center (4-6),13.0,58.0,2.0
DE,8.0,7.0,7.0,7.0,8.0,9.0,8.0,2.0,7.333333333333333,High social trust,3.25,High efficacy,Voted,1.0,6.0,Center (4-6),17.0,40.0,1.0
DE,9.0,8.0,7.0,7.0,9.0,9.0,6.0,7.0,4.666666666666667,Low social trust,3.25,High efficacy,Voted,2.0,3.0,Left (0-3),17.0,46.0,1.0
DE,5.0,6.0,6.0,5.0,9.0,10.0,5.0,4.0,7.0,High social trust,2.75,Medium efficacy,Voted,2.0,5.0,Center (4-6),11.0,56.0,1.0
DE,2.0,1.0,0.0,0.0,2.0,1.0,0.0,0.0,2.6666666666666665,Low social trust,2.0,Low efficacy,Voted,2.0,7.0,Right (7-10),15.0,63.0,1.0
DE,7.0,8.0,4.0,5.0,9.0,8.0,7.0,7.0,4.666666666666667,Low social trust,3.0,High efficacy,Voted,1.0,4.0,Center (4-6),14.0,24.0,1.0
DE,9.0,10.0,6.0,7.0,10.0,8.0,7.0,8.0,6.666666666666667,High social trust,3.0,High efficacy,Voted,1.0,4.0,Center (4-6),20.0,57.0,1.0
DE,6.0,6.0,6.0,5.0,8.0,8.0,5.0,5.0,4.666666666666667,Low social trust,3.0,High efficacy,Voted,2.0,5.0,Center (4-6),15.0,66.0,1.0
DE,9.0,7.0,7.0,6.0,9.0,8.0,8.0,6.0,7.0,High social trust,3.75,High efficacy,Voted,1.0,3.0,Left (0-3),28.0,64.0,1.0
DE,6.0,8.0,6.0,6.0,7.0,8.0,7.0,8.0,6.333333333333333,Medium social trust,3.0,High efficacy,Voted,2.0,6.0,Center (4-6),18.0,38.0,1.0
DE,6.0,5.0,5.0,5.0,8.0,8.0,5.0,5.0,6.666666666666667,High social trust,3.25,High efficacy,Voted,1.0,7.0,Right (7-10),16.0,73.0,1.0
DE,3.0,4.0,4.0,3.0,6.0,8.0,4.0,4.0,6.0,Medium social trust,2.25,Low efficacy,Voted,2.0,3.0,Left (0-3),18.0,49.0,2.0
DE,1.0,5.0,5.0,5.0,5.0,5.0,0.0,0.0,5.666666666666667,Medium social trust,2.0,Low efficacy,Voted,3.0,0.0,Left (0-3),14.0,50.0,2.0
DE,7.0,6.0,3.0,3.0,7.0,8.0,5.0,3.0,6.0,Medium social trust,3.25,High efficacy,Voted,1.0,5.0,Center (4-6),15.0,60.0,2.0
DE,8.0,2.0,1.0,1.0,3.0,3.0,3.0,0.0,4.0,Low social trust,4.0,High efficacy,Voted,2.0,5.0,Center (4-6),19.0,41.0,1.0
DE,4.0,6.0,4.0,5.0,9.0,8.0,3.0,4.0,5.0,Low social trust,3.75,High efficacy,Voted,2.0,4.0,Center (4-6),15.0,28.0,2.0
DE,7.0,7.0,6.0,7.0,8.0,8.0,7.0,7.0,6.333333333333333,Medium social trust,2.75,Medium efficacy,Voted,2.0,4.0,Center (4-6),17.0,39.0,2.0
DE,3.0,3.0,2.0,5.0,6.0,9.0,3.0,5.0,8.333333333333334,High social trust,2.0,Low efficacy,Voted,2.0,5.0,Center (4-6),11.0,47.0,2.0
DE,8.0,7.0,7.0,7.0,9.0,9.0,6.0,6.0,6.666666666666667,High social trust,2.0,Low efficacy,Voted,1.0,2.0,Left (0-3),14.0,62.0,2.0
DE,8.0,9.0,2.0,2.0,3.0,9.0,2.0,5.0,6.666666666666667,High social trust,2.0,Low efficacy,Voted,1.0,5.0,Center (4-6),11.0,72.0,2.0
DE,7.0,6.0,2.0,2.0,7.0,7.0,4.0,4.0,5.333333333333333,Medium social trust,2.5,Medium efficacy,Voted,1.0,5.0,Center (4-6),13.0,39.0,1.0
DE,8.0,5.0,5.0,3.0,9.0,7.0,8.0,8.0,6.333333333333333,Medium social trust,2.5,Medium efficacy,Voted,2.0,4.0,Center (4-6),13.0,38.0,1.0
DE,5.0,4.0,1.0,1.0,2.0,5.0,3.0,0.0,5.666666666666667,Medium social trust,2.5,Medium efficacy,Did not vote,3.0,3.0,Left (0-3),13.0,39.0,1.0
DE,0.0,0.0,0.0,0.0,0.0,10.0,0.0,0.0,6.666666666666667,High social trust,2.0,Low efficacy,Voted,3.0,0.0,Left (0-3),10.0,59.0,1.0
DE,8.0,7.0,7.0,6.0,6.0,8.0,5.0,4.0,6.0,Medium social trust,3.25,High efficacy,Voted,2.0,2.0,Left (0-3),16.0,28.0,1.0
DE,4.0,3.0,2.0,2.0,3.0,3.0,2.0,2.0,6.0,Medium social trust,1.75,Low efficacy,Voted,1.0,5.0,Center (4-6),11.0,75.0,1.0
DE,5.0,2.0,1.0,1.0,2.0,7.0,2.0,4.0,7.0,High social trust,1.5,Low efficacy,Did not vote,2.0,5.0,Center (4-6),13.0,66.0,2.0
DE,3.0,1.0,3.0,1.0,4.0,6.0,1.0,2.0,4.333333333333333,Low social trust,1.0,Low efficacy,Voted,2.0,5.0,Center (4-6),12.0,58.0,2.0
DE,5.0,6.0,4.0,2.0,4.0,2.0,6.0,5.0,3.3333333333333335,Low social trust,2.25,Low efficacy,Voted,2.0,5.0,Center (4-6),16.0,22.0,2.0
DE,9.0,8.0,7.0,7.0,9.0,9.0,8.0,6.0,4.666666666666667,Low social trust,3.0,High efficacy,Voted,2.0,5.0,Center (4-6),15.0,21.0,1.0
DE,9.0,6.0,4.0,4.0,9.0,10.0,6.0,6.0,5.333333333333333,Medium social trust,2.0,Low efficacy,Voted,2.0,0.0,Left (0-3),15.0,48.0,2.0
DE,7.0,5.0,5.0,5.0,3.0,7.0,5.0,5.0,3.0,Low social trust,1.25,Low efficacy,Voted,1.0,5.0,Center (4-6),11.0,79.0,2.0
DE,6.0,3.0,3.0,4.0,8.0,9.0,1.0,4.0,5.666666666666667,Medium social trust,3.5,High efficacy,Voted,1.0,7.0,Right (7-10),18.0,61.0,1.0
DE,7.0,5.0,5.0,0.0,8.0,9.0,0.0,6.0,5.666666666666667,Medium social trust,2.5,Medium efficacy,Voted,1.0,6.0,Center (4-6),16.0,60.0,1.0
DE,8.0,10.0,5.0,5.0,10.0,10.0,10.0,10.0,7.333333333333333,High social trust,2.25,Low efficacy,Voted,3.0,5.0,Center (4-6),12.0,75.0,2.0
DE,9.0,8.0,8.0,8.0,9.0,9.0,7.0,8.0,6.0,Medium social trust,3.5,High efficacy,Voted,1.0,4.0,Center (4-6),17.0,37.0,2.0
DE,2.0,3.0,2.0,3.0,3.0,4.0,2.0,3.0,6.0,Medium social trust,2.25,Low efficacy,Voted,2.0,3.0,Left (0-3),18.0,87.0,1.0
DE,2.0,1.0,1.0,1.0,8.0,8.0,3.0,1.0,6.666666666666667,High social trust,2.25,Low efficacy,Did not vote,2.0,6.0,Center (4-6),12.0,24.0,1.0
DE,8.0,7.0,6.0,5.0,7.0,7.0,6.0,6.0,5.0,Low social trust,2.75,Medium efficacy,Voted,1.0,5.0,Center (4-6),13.0,38.0,2.0
DE,6.0,5.0,8.0,8.0,3.0,10.0,4.0,5.0,7.0,High social trust,1.0,Low efficacy,Voted,2.0,4.0,Center (4-6),16.0,59.0,2.0
DE,5.0,4.0,3.0,3.0,4.0,6.0,3.0,5.0,6.666666666666667,High social trust,1.5,Low efficacy,Did not vote,2.0,4.0,Center (4-6),15.0,20.0,1.0
DE,5.0,0.0,3.0,5.0,5.0,10.0,3.0,3.0,7.0,High social trust,1.5,Low efficacy,Did not vote,3.0,5.0,Center (4-6),13.0,41.0,1.0
DE,8.0,4.0,3.0,4.0,8.0,10.0,5.0,5.0,6.666666666666667,High social trust,2.0,Low efficacy,Voted,1.0,6.0,Center (4-6),17.0,39.0,2.0
DE,9.0,5.0,4.0,4.0,7.0,8.0,5.0,5.0,5.666666666666667,Medium social trust,1.75,Low efficacy,Voted,2.0,2.0,Left (0-3),13.0,60.0,2.0
DE,3.0,4.0,3.0,3.0,5.0,3.0,3.0,3.0,4.666666666666667,Low social trust,2.5,Medium efficacy,Did not vote,1.0,5.0,Center (4-6),13.0,22.0,2.0
DE,8.0,9.0,6.0,4.0,10.0,10.0,7.0,8.0,6.333333333333333,Medium social trust,2.75,Medium efficacy,Voted,1.0,5.0,Center (4-6),17.0,43.0,1.0
DE,1.0,2.0,1.0,1.0,8.0,8.0,0.0,1.0,4.666666666666667,Low social trust,3.25,High efficacy,Voted,1.0,7.0,Right (7-10),18.0,53.0,2.0
DE,8.0,10.0,7.0,5.0,10.0,8.0,9.0,9.0,6.333333333333333,Medium social trust,3.25,High efficacy,Voted,1.0,4.0,Center (4-6),15.0,24.0,1.0
DE,6.0,8.0,7.0,7.0,8.0,7.0,8.0,8.0,6.666666666666667,High social trust,2.0,Low efficacy,Voted,1.0,6.0,Center (4-6),18.0,30.0,1.0
DE,8.0,5.0,8.0,4.0,8.0,8.0,5.0,5.0,6.333333333333333,Medium social trust,1.0,Low efficacy,Voted,1.0,3.0,Left (0-3),12.0,73.0,2.0
DE,8.0,7.0,2.0,2.0,9.0,9.0,4.0,5.0,2.0,Low social trust,2.5,Medium efficacy,Voted,1.0,8.0,Right (7-10),11.0,82.0,1.0
DE,6.0,4.0,4.0,4.0,5.0,8.0,3.0,6.0,6.333333333333333,Medium social trust,2.75,Medium efficacy,Voted,2.0,4.0,Center (4-6),13.0,63.0,2.0
DE,7.0,7.0,5.0,5.0,7.0,6.0,5.0,5.0,6.333333333333333,Medium social trust,3.0,High efficacy,Voted,1.0,5.0,Center (4-6),20.0,40.0,1.0
DE,9.0,8.0,4.0,3.0,9.0,7.0,7.0,3.0,2.0,Low social trust,2.0,Low efficacy,Voted,1.0,5.0,Center (4-6),16.0,29.0,2.0
DE,3.0,3.0,3.0,3.0,6.0,4.0,3.0,4.0,7.0,High social trust,2.25,Low efficacy,Voted,1.0,2.0,Left (0-3),17.0,48.0,1.0
DE,8.0,8.0,5.0,7.0,8.0,7.0,8.0,9.0,5.333333333333333,Medium social trust,3.5,High efficacy,Voted,1.0,4.0,Center (4-6),19.0,40.0,2.0
DE,9.0,8.0,8.0,6.0,9.0,9.0,8.0,9.0,7.333333333333333,High social trust,3.75,High efficacy,Voted,1.0,4.0,Center (4-6),18.0,28.0,2.0
DE,9.0,10.0,7.0,5.0,10.0,10.0,5.0,8.0,8.0,High social trust,4.5,High efficacy,Voted,2.0,6.0,Center (4-6),15.0,68.0,1.0
DE,7.0,7.0,6.0,7.0,9.0,8.0,5.0,6.0,6.666666666666667,High social trust,3.0,High efficacy,Voted,2.0,3.0,Left (0-3),19.0,55.0,2.0
DE,8.0,5.0,6.0,6.0,8.0,8.0,5.0,5.0,7.0,High social trust,1.5,Low efficacy,Voted,1.0,4.0,Center (4-6),11.0,89.0,1.0
DE,8.0,6.0,5.0,5.0,8.0,6.0,6.0,6.0,6.0,Medium social trust,2.5,Medium efficacy,Voted,2.0,3.0,Left (0-3),17.0,23.0,1.0
DE,6.0,9.0,6.0,5.0,9.0,8.0,5.0,5.0,6.666666666666667,High social trust,3.5,High efficacy,Voted,1.0,3.0,Left (0-3),20.0,64.0,1.0
DE,9.0,9.0,8.0,8.0,8.0,9.0,8.0,8.0,6.333333333333333,Medium social trust,4.0,High efficacy,Voted,2.0,5.0,Center (4-6),20.0,33.0,1.0
DE,6.0,4.0,4.0,4.0,5.0,7.0,4.0,5.0,6.333333333333333,Medium social trust,3.0,High efficacy,Voted,1.0,7.0,Right (7-10),13.0,55.0,1.0
DE,7.0,3.0,3.0,3.0,7.0,7.0,3.0,3.0,6.0,Medium social trust,3.25,High efficacy,Voted,1.0,5.0,Center (4-6),18.0,56.0,1.0
DE,9.0,8.0,7.0,7.0,9.0,10.0,6.0,8.0,7.0,High social trust,3.25,High efficacy,Voted,1.0,3.0,Left (0-3),13.0,50.0,2.0
DE,1.0,3.0,1.0,1.0,4.0,7.0,1.0,2.0,5.0,Low social trust,1.5,Low efficacy,Voted,2.0,5.0,Center (4-6),12.0,29.0,2.0
DE,3.0,3.0,3.0,3.0,4.0,6.0,1.0,3.0,7.0,High social trust,3.25,High efficacy,Voted,1.0,5.0,Center (4-6),18.0,65.0,1.0
DE,8.0,3.0,5.0,5.0,8.0,8.0,5.0,7.0,7.333333333333333,High social trust,1.25,Low efficacy,Voted,1.0,3.0,Left (0-3),12.0,58.0,2.0
DE,10.0,6.0,4.0,6.0,8.0,10.0,6.0,5.0,5.333333333333333,Medium social trust,2.75,Medium efficacy,Voted,1.0,5.0,Center (4-6),15.0,20.0,2.0
DE,10.0,7.0,3.0,3.0,5.0,8.0,3.0,3.0,6.666666666666667,High social trust,3.0,High efficacy,Voted,1.0,3.0,Left (0-3),16.0,55.0,2.0
DE,7.0,6.0,6.0,6.0,7.0,9.0,7.0,7.0,7.666666666666667,High social trust,2.75,Medium efficacy,Voted,2.0,1.0,Left (0-3),13.0,38.0,2.0
DE,6.0,6.0,5.0,5.0,8.0,9.0,5.0,5.0,6.666666666666667,High social trust,3.0,High efficacy,Voted,1.0,6.0,Center (4-6),17.0,64.0,1.0
DE,3.0,0.0,0.0,0.0,6.0,6.0,2.0,0.0,3.3333333333333335,Low social trust,2.25,Low efficacy,Voted,1.0,4.0,Center (4-6),22.0,35.0,1.0
DE,4.0,4.0,3.0,4.0,5.0,4.0,3.0,2.0,4.333333333333333,Low social trust,3.0,High efficacy,Did not vote,2.0,5.0,Center (4-6),15.0,58.0,1.0
DE,7.0,6.0,5.0,5.0,7.0,7.0,6.0,6.0,6.0,Medium social trust,3.0,High efficacy,Voted,1.0,4.0,Center (4-6),23.0,50.0,1.0
DE,5.0,5.0,5.0,3.0,3.0,8.0,1.0,1.0,6.666666666666667,High social trust,1.5,Low efficacy,Voted,1.0,5.0,Center (4-6),14.0,84.0,1.0
DE,7.0,5.0,0.0,2.0,7.0,6.0,2.0,4.0,6.0,Medium social trust,2.0,Low efficacy,Voted,1.0,7.0,Right (7-10),15.0,75.0,1.0
DE,8.0,10.0,7.0,6.0,10.0,8.0,7.0,8.0,7.333333333333333,High social trust,3.0,High efficacy,Voted,1.0,3.0,Left (0-3),19.0,56.0,2.0
DE,5.0,5.0,5.0,6.0,5.0,8.0,6.0,8.0,6.333333333333333,Medium social trust,2.5,Medium efficacy,Did not vote,1.0,0.0,Left (0-3),7.0,77.0,2.0
DE,7.0,5.0,3.0,3.0,8.0,10.0,3.0,3.0,6.666666666666667,High social trust,2.25,Low efficacy,Voted,2.0,5.0,Center (4-6),13.0,37.0,2.0
DE,4.0,3.0,3.0,2.0,6.0,6.0,6.0,6.0,4.333333333333333,Low social trust,2.75,Medium efficacy,Voted,2.0,4.0,Center (4-6),18.0,59.0,1.0
DE,7.0,7.0,3.0,4.0,8.0,7.0,4.0,4.0,7.0,High social trust,2.25,Low efficacy,Voted,2.0,6.0,Center (4-6),12.0,71.0,1.0
DE,9.0,7.0,5.0,5.0,10.0,10.0,5.0,5.0,5.666666666666667,Medium social trust,3.25,High efficacy,Voted,1.0,4.0,Center (4-6),16.0,68.0,1.0
DE,1.0,1.0,1.0,1.0,4.0,6.0,1.0,1.0,4.666666666666667,Low social trust,2.75,Medium efficacy,Voted,3.0,5.0,Center (4-6),13.0,56.0,1.0
DE,5.0,5.0,4.0,4.0,7.0,8.0,4.0,6.0,6.333333333333333,Medium social trust,2.0,Low efficacy,Voted,2.0,4.0,Center (4-6),14.0,51.0,1.0
DE,4.0,7.0,2.0,5.0,8.0,9.0,5.0,2.0,7.0,High social trust,1.75,Low efficacy,Voted,2.0,6.0,Center (4-6),17.0,60.0,2.0
DE,7.0,9.0,6.0,4.0,7.0,6.0,5.0,6.0,5.666666666666667,Medium social trust,3.0,High efficacy,Voted,1.0,5.0,Center (4-6),14.0,39.0,2.0
DE,8.0,4.0,9.0,9.0,3.0,9.0,9.0,9.0,5.666666666666667,Medium social trust,2.0,Low efficacy,Voted,1.0,4.0,Center (4-6),15.0,59.0,2.0
DE,5.0,0.0,5.0,5.0,5.0,5.0,5.0,0.0,4.666666666666667,Low social trust,2.6666666666666665,Medium efficacy,Voted,1.0,5.0,Center (4-6),14.0,46.0,2.0
DE,4.0,6.0,5.0,4.0,9.0,9.0,5.0,6.0,4.0,Low social trust,3.0,High efficacy,Voted,1.0,4.0,Center (4-6),10.0,44.0,2.0
DE,8.0,7.0,7.0,7.0,8.0,9.0,6.0,5.0,6.333333333333333,Medium social trust,3.5,High efficacy,Voted,1.0,6.0,Center (4-6),18.0,43.0,1.0
DE,5.0,0.0,0.0,0.0,4.0,7.0,0.0,0.0,3.3333333333333335,Low social trust,1.5,Low efficacy,Voted,2.0,5.0,Center (4-6),12.0,52.0,2.0
DE,8.0,7.0,6.0,6.0,6.0,7.0,5.0,6.0,6.0,Medium social trust,2.75,Medium efficacy,Voted,2.0,1.0,Left (0-3),14.0,60.0,2.0
DE,4.0,8.0,5.0,3.0,10.0,10.0,3.0,3.0,2.6666666666666665,Low social trust,1.75,Low efficacy,Voted,1.0,5.0,Center (4-6),14.0,75.0,2.0
DE,2.0,3.0,3.0,2.0,8.0,8.0,1.0,3.0,6.333333333333333,Medium social trust,2.75,Medium efficacy,Voted,2.0,5.0,Center (4-6),12.0,63.0,2.0
DE,3.0,6.0,1.0,1.0,9.0,8.0,3.0,6.0,5.333333333333333,Medium social trust,2.75,Medium efficacy,Voted,2.0,7.0,Right (7-10),18.0,39.0,1.0
DE,5.0,3.0,3.0,3.0,5.0,7.0,4.0,4.0,4.666666666666667,Low social trust,2.25,Low efficacy,Did not vote,2.0,4.0,Center (4-6),13.0,64.0,1.0
DE,7.0,6.0,6.0,6.0,8.0,9.0,6.0,6.0,7.0,High social trust,1.5,Low efficacy,Voted,2.0,3.0,Left (0-3),12.0,68.0,2.0
DE,7.0,5.0,5.0,5.0,5.0,6.0,5.0,5.0,6.0,Medium social trust,2.75,Medium efficacy,Voted,1.0,4.0,Center (4-6),15.0,67.0,1.0
DE,3.0,0.0,0.0,0.0,0.0,5.0,1.0,4.0,5.666666666666667,Medium social trust,1.5,Low efficacy,Voted,1.0,5.0,Center (4-6),12.0,60.0,1.0
DE,5.0,2.0,0.0,2.0,4.0,6.0,1.0,3.0,7.0,High social trust,1.5,Low efficacy,Did not vote,1.0,4.0,Center (4-6),15.0,40.0,1.0
DE,3.0,1.0,0.0,1.0,4.0,6.0,1.0,0.0,4.333333333333333,Low social trust,1.75,Low efficacy,Did not vote,2.0,5.0,Center (4-6),12.0,39.0,2.0
DE,5.0,5.0,3.0,3.0,6.0,8.0,3.0,3.0,6.666666666666667,High social trust,2.0,Low efficacy,Voted,2.0,5.0,Center (4-6),12.0,35.0,2.0
DE,3.0,5.0,4.0,4.0,9.0,9.0,5.0,5.0,3.6666666666666665,Low social trust,2.5,Medium efficacy,Voted,2.0,3.0,Left (0-3),13.0,55.0,2.0
DE,2.0,4.0,4.0,4.0,8.0,9.0,3.0,4.0,5.666666666666667,Medium social trust,2.5,Medium efficacy,Voted,2.0,4.0,Center (4-6),15.0,66.0,2.0
DE,6.0,2.0,3.0,1.0,5.0,5.0,2.0,5.0,8.666666666666666,High social trust,3.5,High efficacy,Voted,1.0,0.0,Left (0-3),18.0,59.0,2.0
DE,4.0,3.0,4.0,6.0,3.0,4.0,3.0,5.0,4.0,Low social trust,2.25,Low efficacy,Voted,2.0,3.0,Left (0-3),10.0,75.0,2.0
DE,8.0,5.0,5.0,5.0,8.0,8.0,3.0,7.0,6.0,Medium social trust,3.0,High efficacy,Voted,1.0,5.0,Center (4-6),14.0,61.0,2.0
DE,6.0,5.0,4.0,4.0,6.0,8.0,4.0,6.0,6.666666666666667,High social trust,1.75,Low efficacy,Voted,2.0,5.0,Center (4-6),8.0,42.0,2.0
DE,3.0,4.0,2.0,2.0,7.0,7.0,4.0,5.0,6.666666666666667,High social trust,2.75,Medium efficacy,Did not vote,2.0,5.0,Center (4-6),19.0,33.0,1.0
DE,8.0,7.0,5.0,5.0,9.0,9.0,5.0,5.0,8.0,High social trust,2.75,Medium efficacy,Did not vote,2.0,5.0,Center (4-6),12.0,65.0,1.0
DE,7.0,3.0,1.0,1.0,6.0,8.0,5.0,5.0,5.0,Low social trust,2.0,Low efficacy,Voted,1.0,3.0,Left (0-3),14.0,56.0,2.0
DE,2.0,2.0,3.0,3.0,3.0,4.0,2.0,5.0,2.6666666666666665,Low social trust,2.5,Medium efficacy,Voted,1.0,7.0,Right (7-10),13.0,22.0,1.0
DE,8.0,8.0,8.0,7.0,8.0,8.0,4.0,4.0,8.0,High social trust,2.5,Medium efficacy,Voted,1.0,5.0,Center (4-6),11.0,81.0,2.0
DE,6.0,3.0,1.0,4.0,4.0,5.0,4.0,5.0,5.0,Low social trust,2.75,Medium efficacy,Voted,2.0,4.0,Center (4-6),16.0,27.0,2.0
DE,3.0,2.0,3.0,0.0,6.0,9.0,1.0,5.0,2.3333333333333335,Low social trust,1.75,Low efficacy,Did not vote,1.0,0.0,Left (0-3),12.0,66.0,2.0
DE,0.0,1.0,0.0,0.0,3.0,4.0,0.0,0.0,4.0,Low social trust,2.5,Medium efficacy,Did not vote,2.0,4.0,Center (4-6),9.0,58.0,2.0
DE,1.0,1.0,1.0,2.0,7.0,7.0,3.0,3.0,3.0,Low social trust,2.5,Medium efficacy,Voted,2.0,5.0,Center (4-6),13.0,41.0,2.0
DE,6.0,6.0,5.0,5.0,5.0,7.0,4.0,5.0,5.333333333333333,Medium social trust,2.0,Low efficacy,Voted,2.0,4.0,Center (4-6),12.0,74.0,1.0
DE,7.0,5.0,5.0,5.0,5.0,5.0,5.0,5.0,7.333333333333333,High social trust,1.5,Low efficacy,Did not vote,2.0,7.0,Right (7-10),8.0,87.0,2.0
DE,0.0,5.0,1.0,1.0,5.0,4.0,1.0,3.0,4.666666666666667,Low social trust,2.75,Medium efficacy,Voted,2.0,5.0,Center (4-6),16.0,30.0,1.0
DE,3.0,3.0,2.0,2.0,8.0,5.0,1.0,2.0,4.666666666666667,Low social trust,3.5,High efficacy,Voted,1.0,6.0,Center (4-6),18.0,68.0,2.0
DE,4.0,2.0,2.0,3.0,7.0,9.0,5.0,5.0,7.333333333333333,High social trust,2.25,Low efficacy,Voted,1.0,5.0,Center (4-6),17.0,53.0,2.0
DE,8.0,5.0,5.0,1.0,8.0,8.0,3.0,7.0,5.333333333333333,Medium social trust,1.5,Low efficacy,Voted,1.0,3.0,Left (0-3),11.0,69.0,2.0
DE,8.0,8.0,6.0,7.0,8.0,8.0,4.0,3.0,3.6666666666666665,Low social trust,2.25,Low efficacy,Voted,1.0,7.0,Right (7-10),13.0,55.0,1.0
DE,5.0,4.0,4.0,4.0,7.0,8.0,5.0,5.0,7.666666666666667,High social trust,2.25,Low efficacy,Voted,1.0,3.0,Left (0-3),17.0,46.0,2.0
DE,5.0,5.0,5.0,5.0,5.0,10.0,5.0,5.0,7.333333333333333,High social trust,2.75,Medium efficacy,Voted,2.0,5.0,Center (4-6),17.0,46.0,2.0
DE,7.0,7.0,6.0,7.0,8.0,8.0,5.0,6.0,6.333333333333333,Medium social trust,2.25,Low efficacy,Did not vote,1.0,2.0,Left (0-3),18.0,29.0,2.0
DE,7.0,6.0,6.0,6.0,5.0,5.0,6.0,7.0,6.666666666666667,High social trust,3.25,High efficacy,Voted,1.0,3.0,Left (0-3),18.0,64.0,2.0
DE,8.0,4.0,3.0,3.0,6.0,5.0,2.0,3.0,5.333333333333333,Medium social trust,3.25,High efficacy,Did not vote,2.0,6.0,Center (4-6),12.0,32.0,1.0
DE,7.0,7.0,4.0,4.0,4.0,6.0,3.0,6.0,5.0,Low social trust,2.0,Low efficacy,Voted,1.0,2.0,Left (0-3),17.0,56.0,1.0
DE,5.0,5.0,0.0,0.0,0.0,5.0,0.0,0.0,3.3333333333333335,Low social trust,2.0,Low efficacy,Voted,1.0,5.0,Center (4-6),13.0,66.0,1.0
DE,6.0,3.0,2.0,2.0,7.0,7.0,0.0,4.0,6.666666666666667,High social trust,2.5,Medium efficacy,Voted,2.0,5.0,Center (4-6),14.0,65.0,1.0
DE,4.0,5.0,6.0,4.0,5.0,6.0,4.0,4.0,7.333333333333333,High social trust,2.5,Medium efficacy,Did not vote,2.0,3.0,Left (0-3),12.0,40.0,2.0
DE,9.0,4.0,4.0,2.0,4.0,4.0,4.0,4.0,2.6666666666666665,Low social trust,2.0,Low efficacy,Voted,2.0,4.0,Center (4-6),10.0,85.0,1.0
DE,3.0,3.0,3.0,3.0,6.0,7.0,2.0,3.0,6.0,Medium social trust,2.5,Medium efficacy,Voted,1.0,5.0,Center (4-6),16.0,76.0,1.0
DE,3.0,1.0,1.0,1.0,2.0,4.0,1.0,1.0,3.3333333333333335,Low social trust,1.0,Low efficacy,Did not vote,2.0,5.0,Center (4-6),13.0,44.0,2.0
DE,2.0,2.0,2.0,2.0,3.0,5.0,1.0,2.0,5.333333333333333,Medium social trust,1.75,Low efficacy,Voted,2.0,5.0,Center (4-6),11.0,50.0,2.0
DE,2.0,3.0,0.0,1.0,7.0,9.0,3.0,7.0,7.333333333333333,High social trust,2.25,Low efficacy,Voted,2.0,7.0,Right (7-10),12.0,34.0,1.0
DE,4.0,4.0,5.0,2.0,2.0,8.0,5.0,5.0,5.333333333333333,Medium social trust,2.0,Low efficacy,Did not vote,1.0,4.0,Center (4-6),9.0,68.0,2.0
DE,5.0,5.0,5.0,5.0,8.0,8.0,5.0,7.0,5.666666666666667,Medium social trust,3.0,High efficacy,Voted,2.0,5.0,Center (4-6),13.0,27.0,1.0
DE,5.0,2.0,2.0,2.0,5.0,7.0,2.0,2.0,4.666666666666667,Low social trust,3.5,High efficacy,Voted,2.0,5.0,Center (4-6),13.0,63.0,2.0
DE,5.0,5.0,5.0,3.0,8.0,8.0,2.0,1.0,6.333333333333333,Medium social trust,2.75,Medium efficacy,Voted,2.0,8.0,Right (7-10),13.0,74.0,1.0
DE,9.0,8.0,6.0,7.0,9.0,8.0,7.0,5.0,5.0,Low social trust,3.5,High efficacy,Voted,1.0,7.0,Right (7-10),18.0,68.0,1.0
DE,7.0,4.0,3.0,3.0,8.0,7.0,7.0,7.0,6.333333333333333,Medium social trust,3.25,High efficacy,Voted,1.0,5.0,Center (4-6),18.0,31.0,1.0
DE,2.0,0.0,1.0,1.0,2.0,5.0,0.0,2.0,7.666666666666667,High social trust,3.25,High efficacy,Voted,1.0,8.0,Right (7-10),17.0,60.0,1.0
DE,8.0,7.0,7.0,5.0,8.0,8.0,6.0,8.0,7.0,High social trust,3.25,High efficacy,Voted,1.0,4.0,Center (4-6),17.0,24.0,1.0
DE,7.0,5.0,4.0,4.0,8.0,9.0,4.0,5.0,7.666666666666667,High social trust,2.75,Medium efficacy,Voted,2.0,3.0,Left (0-3),14.0,65.0,2.0
DE,3.0,3.0,2.0,2.0,5.0,5.0,2.0,2.0,6.333333333333333,Medium social trust,2.25,Low efficacy,Voted,2.0,8.0,Right (7-10),16.0,30.0,1.0
DE,8.0,5.0,5.0,4.0,5.0,6.0,5.0,5.0,3.3333333333333335,Low social trust,2.0,Low efficacy,Voted,2.0,4.0,Center (4-6),11.0,73.0,1.0
DE,3.0,5.0,2.0,3.0,3.0,3.0,3.0,3.0,2.0,Low social trust,3.0,High efficacy,Voted,2.0,4.0,Center (4-6),16.0,35.0,2.0
DE,3.0,3.0,2.0,3.0,3.0,4.0,5.0,5.0,4.666666666666667,Low social trust,2.75,Medium efficacy,Voted,2.0,3.0,Left (0-3),13.0,59.0,2.0
DE,8.0,3.0,4.0,0.0,5.0,7.0,2.0,5.0,5.333333333333333,Medium social trust,1.5,Low efficacy,Did not vote,2.0,8.0,Right (7-10),12.0,73.0,2.0
DE,4.0,5.0,0.0,3.0,7.0,7.0,3.0,2.0,8.0,High social trust,1.75,Low efficacy,Voted,2.0,0.0,Left (0-3),21.0,74.0,2.0
DE,6.0,8.0,7.0,7.0,8.0,9.0,8.0,8.0,6.0,Medium social trust,2.5,Medium efficacy,Voted,1.0,5.0,Center (4-6),15.0,27.0,2.0
DE,6.0,5.0,6.0,6.0,5.0,7.0,4.0,6.0,7.0,High social trust,2.0,Low efficacy,Voted,2.0,7.0,Right (7-10),14.0,78.0,2.0
DE,0.0,0.0,0.0,0.0,0.0,0.0,0.0,0.0,4.0,Low social trust,3.25,High efficacy,Voted,1.0,7.0,Right (7-10),16.0,52.0,1.0
DE,7.0,9.0,7.0,5.0,8.0,7.0,4.0,7.0,6.333333333333333,Medium social trust,3.5,High efficacy,Voted,1.0,7.0,Right (7-10),15.0,25.0,1.0
DE,9.0,7.0,5.0,5.0,8.0,8.0,5.0,5.0,6.333333333333333,Medium social trust,3.5,High efficacy,Voted,1.0,6.0,Center (4-6),14.0,71.0,1.0
DE,4.0,3.0,3.0,3.0,3.0,5.0,3.0,3.0,3.3333333333333335,Low social trust,2.75,Medium efficacy,Voted,1.0,4.0,Center (4-6),16.0,61.0,1.0
DE,7.0,7.0,6.0,3.0,4.0,5.0,5.0,4.0,4.333333333333333,Low social trust,3.0,High efficacy,Voted,2.0,0.0,Left (0-3),15.0,22.0,2.0
DE,8.0,8.0,6.0,4.0,8.0,8.0,4.0,3.0,7.666666666666667,High social trust,1.5,Low efficacy,Voted,1.0,5.0,Center (4-6),12.0,73.0,2.0
DE,4.0,5.0,3.0,3.0,6.0,8.0,4.0,4.0,4.666666666666667,Low social trust,1.75,Low efficacy,Did not vote,2.0,5.0,Center (4-6),13.0,32.0,1.0
DE,4.0,3.0,3.0,4.0,6.0,7.0,7.0,7.0,6.666666666666667,High social trust,3.25,High efficacy,Voted,1.0,3.0,Left (0-3),14.0,64.0,1.0
DE,7.0,8.0,7.0,6.0,7.0,9.0,7.0,7.0,5.666666666666667,Medium social trust,3.5,High efficacy,Voted,1.0,5.0,Center (4-6),15.0,83.0,1.0
DE,4.0,4.0,4.0,4.0,4.0,8.0,3.0,5.0,6.333333333333333,Medium social trust,2.25,Low efficacy,Voted,2.0,6.0,Center (4-6),15.0,39.0,1.0
DE,5.0,5.0,5.0,3.0,5.0,6.0,6.0,5.0,3.0,Low social trust,1.75,Low efficacy,Voted,2.0,3.0,Left (0-3),8.0,86.0,1.0
DE,2.0,4.0,1.0,3.0,7.0,9.0,4.0,5.0,6.333333333333333,Medium social trust,2.75,Medium efficacy,Voted,2.0,2.0,Left (0-3),15.0,26.0,2.0
DE,4.0,3.0,3.0,3.0,5.0,5.0,1.0,3.0,4.333333333333333,Low social trust,1.5,Low efficacy,Voted,2.0,5.0,Center (4-6),16.0,63.0,2.0
DE,7.0,7.0,4.0,5.0,6.0,6.0,4.0,4.0,4.0,Low social trust,3.0,High efficacy,Voted,2.0,5.0,Center (4-6),15.0,21.0,1.0
DE,7.0,6.0,4.0,4.0,7.0,5.0,6.0,6.0,6.333333333333333,Medium social trust,2.0,Low efficacy,Voted,1.0,5.0,Center (4-6),22.0,35.0,2.0
DE,3.0,6.0,6.0,4.0,9.0,10.0,4.0,6.0,6.0,Medium social trust,4.0,High efficacy,Voted,1.0,6.0,Center (4-6),10.0,36.0,1.0
DE,6.0,3.0,5.0,3.0,5.0,4.0,5.0,5.0,4.0,Low social trust,2.25,Low efficacy,Voted,2.0,3.0,Left (0-3),2.0,40.0,1.0
DE,8.0,8.0,2.0,3.0,5.0,3.0,3.0,2.0,4.0,Low social trust,2.75,Medium efficacy,Voted,1.0,2.0,Left (0-3),13.0,61.0,1.0
DE,3.0,4.0,4.0,3.0,8.0,8.0,3.0,2.0,5.333333333333333,Medium social trust,2.75,Medium efficacy,Voted,1.0,5.0,Center (4-6),15.0,71.0,1.0
DE,6.0,6.0,6.0,5.0,8.0,7.0,5.0,3.0,5.666666666666667,Medium social trust,2.5,Medium efficacy,Voted,1.0,4.0,Center (4-6),15.0,50.0,1.0
DE,0.0,3.0,0.0,0.0,5.0,7.0,0.0,2.0,6.666666666666667,High social trust,1.25,Low efficacy,Voted,2.0,8.0,Right (7-10),10.0,64.0,1.0
DE,7.0,2.0,4.0,6.0,4.0,3.0,6.0,3.0,0.0,Low social trust,2.0,Low efficacy,Did not vote,2.0,5.0,Center (4-6),10.0,38.0,2.0
DE,2.0,0.0,0.0,0.0,0.0,8.0,0.0,6.0,1.0,Low social trust,2.5,Medium efficacy,Voted,2.0,5.0,Center (4-6),13.0,74.0,1.0
DE,4.0,4.0,6.0,4.0,6.0,8.0,1.0,5.0,7.0,High social trust,2.75,Medium efficacy,Voted,2.0,5.0,Center (4-6),15.0,68.0,1.0
DE,4.0,6.0,4.0,4.0,8.0,10.0,4.0,4.0,4.666666666666667,Low social trust,2.6666666666666665,Medium efficacy,Voted,2.0,5.0,Center (4-6),13.0,54.0,2.0
DE,4.0,2.0,1.0,3.0,7.0,8.0,2.0,3.0,4.333333333333333,Low social trust,2.5,Medium efficacy,Voted,2.0,5.0,Center (4-6),11.0,73.0,2.0
DE,5.0,5.0,5.0,5.0,7.0,7.0,5.0,5.0,6.0,Medium social trust,1.75,Low efficacy,Voted,3.0,5.0,Center (4-6),15.0,40.0,2.0
DE,7.0,4.0,3.0,3.0,6.0,8.0,3.0,4.0,7.666666666666667,High social trust,2.25,Low efficacy,Voted,2.0,6.0,Center (4-6),13.0,71.0,2.0
DE,5.0,7.0,7.0,7.0,6.0,6.0,8.0,7.0,7.333333333333333,High social trust,4.0,High efficacy,Voted,1.0,2.0,Left (0-3),19.0,27.0,1.0
DE,8.0,2.0,1.0,2.0,4.0,7.0,0.0,1.0,3.0,Low social trust,2.0,Low efficacy,Voted,1.0,7.0,Right (7-10),17.0,28.0,1.0
DE,6.0,5.0,3.0,3.0,6.0,8.0,7.0,6.0,7.333333333333333,High social trust,1.5,Low efficacy,Voted,2.0,3.0,Left (0-3),12.0,48.0,2.0
DE,7.0,6.0,6.0,5.0,8.0,10.0,4.0,4.0,6.0,Medium social trust,2.25,Low efficacy,Voted,1.0,5.0,Center (4-6),12.0,37.0,2.0
DE,3.0,5.0,4.0,3.0,7.0,7.0,6.0,6.0,5.333333333333333,Medium social trust,2.25,Low efficacy,Voted,2.0,4.0,Center (4-6),24.0,47.0,2.0
DE,10.0,10.0,5.0,5.0,10.0,10.0,8.0,8.0,5.0,Low social trust,3.0,High efficacy,Voted,2.0,5.0,Center (4-6),12.0,57.0,1.0
DE,3.0,2.0,2.0,2.0,4.0,7.0,2.0,8.0,4.333333333333333,Low social trust,1.0,Low efficacy,Voted,1.0,5.0,Center (4-6),13.0,74.0,2.0
DE,5.0,5.0,3.0,3.0,5.0,7.0,5.0,5.0,5.0,Low social trust,1.75,Low efficacy,Did not vote,2.0,5.0,Center (4-6),13.0,28.0,2.0
DE,5.0,6.0,4.0,4.0,7.0,7.0,5.0,5.0,6.0,Medium social trust,2.25,Low efficacy,Voted,2.0,6.0,Center (4-6),20.0,82.0,1.0
DE,5.0,5.0,5.0,5.0,5.0,5.0,5.0,5.0,0.0,Low social trust,2.75,Medium efficacy,Voted,2.0,5.0,Center (4-6),11.0,85.0,2.0
DE,6.0,5.0,4.0,4.0,6.0,6.0,6.0,6.0,6.0,Medium social trust,2.0,Low efficacy,Voted,1.0,5.0,Center (4-6),14.0,56.0,2.0
DE,2.0,1.0,1.0,1.0,1.0,7.0,1.0,1.0,5.0,Low social trust,2.0,Low efficacy,Voted,2.0,3.0,Left (0-3),11.0,74.0,1.0
DE,9.0,8.0,7.0,7.0,8.0,9.0,7.0,5.0,6.666666666666667,High social trust,3.0,High efficacy,Voted,2.0,3.0,Left (0-3),12.0,54.0,1.0
DE,8.0,8.0,7.0,7.0,10.0,9.0,6.0,7.0,7.0,High social trust,3.75,High efficacy,Voted,2.0,6.0,Center (4-6),23.0,80.0,2.0
DE,8.0,6.0,5.0,5.0,6.0,7.0,5.0,4.0,8.0,High social trust,3.5,High efficacy,Voted,2.0,2.0,Left (0-3),24.0,67.0,2.0
DE,7.0,8.0,6.0,6.0,9.0,10.0,7.0,7.0,6.333333333333333,Medium social trust,2.0,Low efficacy,Voted,2.0,5.0,Center (4-6),12.0,35.0,2.0
DE,8.0,8.0,8.0,6.0,6.0,8.0,8.0,8.0,5.333333333333333,Medium social trust,3.5,High efficacy,Voted,2.0,3.0,Left (0-3),15.0,56.0,1.0
DE,6.0,4.0,3.0,2.0,6.0,6.0,3.0,4.0,4.0,Low social trust,2.0,Low efficacy,Did not vote,2.0,2.0,Left (0-3),12.0,21.0,2.0
DE,8.0,8.0,7.0,6.0,9.0,9.0,6.0,6.0,5.0,Low social trust,3.0,High efficacy,Voted,2.0,3.0,Left (0-3),16.0,25.0,1.0
DE,9.0,8.0,7.0,7.0,10.0,8.0,8.0,9.0,6.666666666666667,High social trust,3.75,High efficacy,Voted,1.0,3.0,Left (0-3),19.0,55.0,2.0
DE,7.0,7.0,6.0,6.0,8.0,8.0,6.0,7.0,7.666666666666667,High social trust,3.25,High efficacy,Voted,2.0,5.0,Center (4-6),12.0,71.0,2.0
DE,4.0,4.0,1.0,1.0,6.0,7.0,2.0,5.0,4.333333333333333,Low social trust,2.0,Low efficacy,Voted,2.0,5.0,Center (4-6),14.0,32.0,1.0
DE,5.0,6.0,5.0,5.0,5.0,8.0,7.0,6.0,7.0,High social trust,3.0,High efficacy,Voted,2.0,5.0,Center (4-6),13.0,68.0,1.0
DE,9.0,7.0,7.0,6.0,9.0,7.0,8.0,9.0,6.0,Medium social trust,3.25,High efficacy,Voted,1.0,6.0,Center (4-6),18.0,56.0,1.0
DE,8.0,6.0,6.0,5.0,7.0,7.0,5.0,6.0,6.333333333333333,Medium social trust,3.75,High efficacy,Voted,2.0,5.0,Center (4-6),15.0,64.0,2.0
DE,7.0,3.0,2.0,1.0,6.0,8.0,3.0,7.0,5.666666666666667,Medium social trust,2.25,Low efficacy,Voted,1.0,3.0,Left (0-3),16.0,62.0,2.0
DE,8.0,3.0,3.0,4.0,8.0,9.0,4.0,5.0,4.666666666666667,Low social trust,1.25,Low efficacy,Voted,1.0,2.0,Left (0-3),13.0,42.0,2.0
DE,4.0,3.0,3.0,4.0,6.0,8.0,3.0,4.0,5.333333333333333,Medium social trust,2.5,Medium efficacy,Voted,1.0,2.0,Left (0-3),17.0,62.0,2.0
DE,2.0,3.0,3.0,3.0,5.0,5.0,3.0,5.0,8.333333333333334,High social trust,3.0,High efficacy,Voted,2.0,3.0,Left (0-3),19.0,35.0,2.0
DE,7.0,0.0,0.0,2.0,7.0,9.0,0.0,0.0,5.333333333333333,Medium social trust,1.5,Low efficacy,Voted,1.0,3.0,Left (0-3),17.0,58.0,1.0
DE,7.0,4.0,1.0,2.0,3.0,10.0,1.0,8.0,5.0,Low social trust,3.25,High efficacy,Voted,2.0,6.0,Center (4-6),18.0,52.0,1.0
DE,8.0,6.0,5.0,8.0,7.0,8.0,6.0,5.0,8.666666666666666,High social trust,1.25,Low efficacy,Voted,2.0,7.0,Right (7-10),12.0,67.0,2.0
DE,7.0,0.0,3.0,3.0,8.0,6.0,3.0,3.0,4.0,Low social trust,2.5,Medium efficacy,Voted,2.0,6.0,Center (4-6),12.0,25.0,1.0
DE,4.0,0.0,0.0,0.0,7.0,7.0,0.0,5.0,5.0,Low social trust,1.25,Low efficacy,Voted,2.0,5.0,Center (4-6),8.0,79.0,1.0
DE,5.0,0.0,0.0,0.0,10.0,10.0,0.0,5.0,5.0,Low social trust,1.75,Low efficacy,Did not vote,2.0,10.0,Right (7-10),11.0,74.0,1.0
DE,7.0,7.0,7.0,7.0,8.0,7.0,7.0,7.0,7.0,High social trust,3.5,High efficacy,Voted,1.0,3.0,Left (0-3),21.0,46.0,1.0
DE,9.0,6.0,5.0,3.0,8.0,8.0,5.0,5.0,9.0,High social trust,2.25,Low efficacy,Voted,1.0,5.0,Center (4-6),12.0,84.0,1.0
DE,7.0,5.0,5.0,4.0,9.0,9.0,4.0,3.0,5.0,Low social trust,2.75,Medium efficacy,Voted,1.0,7.0,Right (7-10),15.0,81.0,2.0
DE,0.0,0.0,0.0,0.0,1.0,2.0,0.0,1.0,3.3333333333333335,Low social trust,1.75,Low efficacy,Voted,4.0,8.0,Right (7-10),12.0,40.0,1.0
DE,8.0,8.0,7.0,6.0,9.0,10.0,7.0,7.0,6.333333333333333,Medium social trust,3.75,High efficacy,Voted,1.0,1.0,Left (0-3),16.0,68.0,1.0
DE,9.0,6.0,6.0,6.0,8.0,9.0,6.0,8.0,7.333333333333333,High social trust,2.0,Low efficacy,Voted,2.0,5.0,Center (4-6),13.0,68.0,2.0
DE,8.0,9.0,7.0,7.0,10.0,9.0,5.0,6.0,7.333333333333333,High social trust,4.0,High efficacy,Voted,1.0,5.0,Center (4-6),18.0,54.0,1.0
DE,7.0,5.0,6.0,3.0,8.0,10.0,8.0,6.0,5.666666666666667,Medium social trust,2.75,Medium efficacy,Voted,1.0,2.0,Left (0-3),13.0,63.0,1.0
DE,6.0,3.0,3.0,4.0,4.0,2.0,2.0,3.0,3.6666666666666665,Low social trust,2.25,Low efficacy,Did not vote,2.0,5.0,Center (4-6),16.0,29.0,1.0
DE,8.0,9.0,5.0,5.0,10.0,9.0,6.0,2.0,6.333333333333333,Medium social trust,2.0,Low efficacy,Did not vote,2.0,5.0,Center (4-6),12.0,55.0,2.0
DE,8.0,3.0,6.0,5.0,8.0,10.0,5.0,8.0,6.0,Medium social trust,2.25,Low efficacy,Did not vote,2.0,5.0,Center (4-6),10.0,58.0,1.0
DE,8.0,6.0,5.0,6.0,6.0,6.0,7.0,7.0,8.0,High social trust,3.0,High efficacy,Voted,1.0,2.0,Left (0-3),20.0,53.0,2.0
DE,5.0,6.0,2.0,2.0,9.0,9.0,3.0,6.0,5.0,Low social trust,3.0,High efficacy,Voted,1.0,3.0,Left (0-3),18.0,36.0,1.0
DE,8.0,10.0,7.0,5.0,10.0,10.0,5.0,6.0,5.666666666666667,Medium social trust,2.25,Low efficacy,Voted,1.0,5.0,Center (4-6),13.0,74.0,2.0
DE,4.0,2.0,2.0,2.0,1.0,4.0,3.0,1.0,5.666666666666667,Medium social trust,1.5,Low efficacy,Voted,2.0,5.0,Center (4-6),13.0,62.0,2.0
DE,0.0,6.0,1.0,3.0,2.0,9.0,0.0,0.0,7.333333333333333,High social trust,3.25,High efficacy,Voted,3.0,10.0,Right (7-10),18.0,45.0,1.0
DE,9.0,5.0,1.0,5.0,8.0,6.0,5.0,8.0,6.0,Medium social trust,3.5,High efficacy,Voted,2.0,5.0,Center (4-6),17.0,55.0,1.0
DE,3.0,5.0,2.0,1.0,8.0,9.0,3.0,7.0,4.0,Low social trust,3.0,High efficacy,Voted,2.0,3.0,Left (0-3),14.0,26.0,1.0
DE,8.0,8.0,6.0,4.0,8.0,7.0,4.0,3.0,7.333333333333333,High social trust,4.0,High efficacy,Voted,1.0,2.0,Left (0-3),17.0,66.0,1.0
DE,9.0,9.0,6.0,6.0,9.0,7.0,5.0,5.0,7.0,High social trust,2.75,Medium efficacy,Voted,1.0,4.0,Center (4-6),18.0,41.0,2.0
DE,8.0,7.0,6.0,6.0,9.0,9.0,5.0,5.0,6.666666666666667,High social trust,3.0,High efficacy,Voted,1.0,1.0,Left (0-3),15.0,48.0,2.0
DE,8.0,1.0,0.0,0.0,1.0,7.0,1.0,4.0,4.666666666666667,Low social trust,1.0,Low efficacy,Did not vote,1.0,5.0,Center (4-6),14.0,42.0,2.0
DE,2.0,3.0,1.0,1.0,3.0,4.0,1.0,2.0,6.333333333333333,Medium social trust,2.25,Low efficacy,Voted,2.0,5.0,Center (4-6),16.0,70.0,1.0
DE,7.0,4.0,0.0,4.0,5.0,10.0,8.0,8.0,5.0,Low social trust,1.75,Low efficacy,Voted,1.0,5.0,Center (4-6),14.0,84.0,2.0
DE,7.0,7.0,5.0,6.0,3.0,9.0,6.0,4.0,6.333333333333333,Medium social trust,3.5,High efficacy,Voted,1.0,4.0,Center (4-6),15.0,70.0,1.0
DE,1.0,5.0,1.0,1.0,7.0,8.0,0.0,0.0,5.666666666666667,Medium social trust,3.25,High efficacy,Voted,2.0,6.0,Center (4-6),16.0,63.0,1.0
DE,5.0,4.0,7.0,4.0,6.0,8.0,4.0,6.0,7.333333333333333,High social trust,1.75,Low efficacy,Voted,1.0,5.0,Center (4-6),8.0,81.0,2.0
DE,7.0,7.0,6.0,6.0,7.0,7.0,7.0,7.0,6.666666666666667,High social trust,3.5,High efficacy,Voted,1.0,4.0,Center (4-6),20.0,41.0,2.0
DE,9.0,5.0,4.0,4.0,8.0,9.0,2.0,7.0,6.333333333333333,Medium social trust,3.0,High efficacy,Voted,1.0,5.0,Center (4-6),16.0,69.0,1.0
DE,4.0,0.0,2.0,1.0,5.0,9.0,5.0,5.0,5.0,Low social trust,1.75,Low efficacy,Voted,1.0,1.0,Left (0-3),11.0,81.0,2.0
DE,6.0,7.0,7.0,6.0,8.0,8.0,6.0,6.0,5.666666666666667,Medium social trust,2.25,Low efficacy,Voted,2.0,7.0,Right (7-10),14.0,29.0,2.0
DE,7.0,7.0,6.0,5.0,8.0,9.0,5.0,7.0,7.0,High social trust,3.0,High efficacy,Voted,2.0,4.0,Center (4-6),13.0,45.0,2.0
DE,5.0,1.0,2.0,2.0,5.0,8.0,5.0,5.0,4.666666666666667,Low social trust,2.0,Low efficacy,Voted,2.0,7.0,Right (7-10),14.0,64.0,2.0
DE,7.0,5.0,3.0,3.0,7.0,7.0,5.0,5.0,5.333333333333333,Medium social trust,2.5,Medium efficacy,Voted,2.0,5.0,Center (4-6),19.0,32.0,1.0
DE,0.0,2.0,1.0,1.0,2.0,4.0,0.0,0.0,2.6666666666666665,Low social trust,2.25,Low efficacy,Voted,2.0,5.0,Center (4-6),13.0,52.0,2.0
DE,2.0,1.0,1.0,1.0,8.0,9.0,1.0,7.0,6.0,Medium social trust,2.75,Medium efficacy,Voted,1.0,8.0,Right (7-10),19.0,59.0,2.0
DE,6.0,2.0,3.0,3.0,9.0,10.0,3.0,3.0,6.666666666666667,High social trust,1.5,Low efficacy,Did not vote,2.0,0.0,Left (0-3),13.0,55.0,2.0
DE,3.0,3.0,2.0,2.0,5.0,4.0,1.0,4.0,3.3333333333333335,Low social trust,2.0,Low efficacy,Voted,2.0,5.0,Center (4-6),13.0,73.0,2.0
DE,7.0,9.0,5.0,6.0,9.0,7.0,7.0,7.0,7.333333333333333,High social trust,3.5,High efficacy,Voted,1.0,2.0,Left (0-3),15.0,23.0,2.0
DE,8.0,5.0,5.0,3.0,4.0,9.0,8.0,5.0,8.0,High social trust,2.75,Medium efficacy,Voted,2.0,7.0,Right (7-10),10.0,81.0,2.0
DE,8.0,4.0,4.0,4.0,10.0,10.0,4.0,7.0,5.333333333333333,Medium social trust,2.25,Low efficacy,Voted,1.0,5.0,Center (4-6),13.0,61.0,2.0
DE,4.0,7.0,4.0,6.0,5.0,6.0,7.0,8.0,6.0,Medium social trust,3.5,High efficacy,Voted,2.0,0.0,Left (0-3),13.0,57.0,1.0
DE,0.0,2.0,2.0,2.0,4.0,7.0,2.0,2.0,3.6666666666666665,Low social trust,2.25,Low efficacy,Voted,1.0,6.0,Center (4-6),15.0,54.0,1.0
DE,5.0,1.0,5.0,5.0,3.0,8.0,3.0,5.0,5.666666666666667,Medium social trust,3.0,High efficacy,Voted,1.0,5.0,Center (4-6),10.0,85.0,2.0
DE,4.0,5.0,5.0,5.0,9.0,9.0,4.0,4.0,5.666666666666667,Medium social trust,2.5,Medium efficacy,Voted,2.0,4.0,Center (4-6),14.0,88.0,1.0
DE,6.0,6.0,6.0,6.0,6.0,8.0,4.0,4.0,7.0,High social trust,3.0,High efficacy,Voted,1.0,5.0,Center (4-6),18.0,50.0,2.0
DE,8.0,8.0,3.0,3.0,8.0,7.0,7.0,8.0,7.666666666666667,High social trust,2.0,Low efficacy,Voted,3.0,2.0,Left (0-3),13.0,37.0,2.0
DE,7.0,7.0,6.0,5.0,8.0,8.0,7.0,6.0,5.333333333333333,Medium social trust,3.25,High efficacy,Voted,2.0,6.0,Center (4-6),17.0,40.0,1.0
DE,7.0,6.0,6.0,6.0,8.0,8.0,8.0,8.0,5.0,Low social trust,3.5,High efficacy,Voted,1.0,6.0,Center (4-6),15.0,24.0,2.0
DE,6.0,1.0,0.0,2.0,7.0,7.0,5.0,5.0,6.333333333333333,Medium social trust,2.25,Low efficacy,Voted,1.0,5.0,Center (4-6),14.0,21.0,1.0
DE,3.0,4.0,2.0,4.0,7.0,7.0,6.0,8.0,6.333333333333333,Medium social trust,1.75,Low efficacy,Voted,1.0,4.0,Center (4-6),13.0,45.0,2.0
DE,5.0,3.0,5.0,4.0,3.0,5.0,0.0,2.0,5.666666666666667,Medium social trust,2.5,Medium efficacy,Voted,1.0,5.0,Center (4-6),15.0,80.0,1.0
DE,6.0,5.0,6.0,7.0,8.0,9.0,7.0,6.0,4.666666666666667,Low social trust,2.25,Low efficacy,Voted,2.0,7.0,Right (7-10),13.0,60.0,2.0
DE,4.0,6.0,4.0,6.0,8.0,9.0,6.0,7.0,5.666666666666667,Medium social trust,1.75,Low efficacy,Did not vote,1.0,5.0,Center (4-6),16.0,26.0,1.0
DE,8.0,4.0,6.0,5.0,7.0,8.0,6.0,7.0,6.333333333333333,Medium social trust,2.5,Medium efficacy,Voted,1.0,6.0,Center (4-6),18.0,73.0,1.0
DE,8.0,7.0,7.0,7.0,8.0,8.0,6.0,7.0,5.666666666666667,Medium social trust,3.5,High efficacy,Voted,1.0,5.0,Center (4-6),19.0,35.0,1.0
DE,8.0,8.0,6.0,6.0,8.0,7.0,6.0,7.0,4.666666666666667,Low social trust,2.5,Medium efficacy,Voted,2.0,5.0,Center (4-6),18.0,59.0,1.0
DE,5.0,5.0,6.0,7.0,7.0,9.0,7.0,8.0,3.6666666666666665,Low social trust,2.25,Low efficacy,Voted,2.0,3.0,Left (0-3),15.0,21.0,1.0
DE,2.0,0.0,0.0,0.0,1.0,2.0,2.0,0.0,7.0,High social trust,4.0,High efficacy,Voted,2.0,1.0,Left (0-3),17.0,64.0,2.0
DE,5.0,6.0,5.0,5.0,6.0,8.0,7.0,5.0,7.333333333333333,High social trust,2.0,Low efficacy,Voted,2.0,6.0,Center (4-6),12.0,76.0,2.0
DE,5.0,5.0,4.0,3.0,6.0,6.0,4.0,3.0,4.666666666666667,Low social trust,3.0,High efficacy,Voted,1.0,7.0,Right (7-10),13.0,58.0,1.0
DE,9.0,7.0,2.0,2.0,7.0,9.0,2.0,2.0,4.666666666666667,Low social trust,1.0,Low efficacy,Voted,1.0,5.0,Center (4-6),9.0,38.0,2.0
DE,3.0,5.0,5.0,5.0,5.0,2.0,5.0,5.0,4.333333333333333,Low social trust,1.25,Low efficacy,Did not vote,2.0,6.0,Center (4-6),9.0,35.0,1.0
DE,8.0,4.0,3.0,0.0,4.0,6.0,4.0,4.0,4.333333333333333,Low social trust,3.0,High efficacy,Did not vote,4.0,5.0,Center (4-6),17.0,64.0,2.0
DE,3.0,0.0,2.0,5.0,6.0,0.0,5.0,7.0,6.0,Medium social trust,2.25,Low efficacy,Voted,1.0,6.0,Center (4-6),16.0,30.0,2.0
DE,5.0,5.0,4.0,6.0,5.0,3.0,5.0,5.0,4.666666666666667,Low social trust,2.75,Medium efficacy,Did not vote,4.0,2.0,Left (0-3),10.0,19.0,2.0
DE,2.0,0.0,2.0,2.0,4.0,4.0,3.0,4.0,2.0,Low social trust,2.0,Low efficacy,Voted,2.0,5.0,Center (4-6),11.0,77.0,2.0
DE,7.0,6.0,4.0,4.0,8.0,8.0,5.0,3.0,5.0,Low social trust,3.0,High efficacy,Voted,2.0,5.0,Center (4-6),13.0,57.0,2.0
DE,5.0,5.0,3.0,3.0,7.0,9.0,5.0,5.0,1.6666666666666667,Low social trust,1.75,Low efficacy,Did not vote,2.0,3.0,Left (0-3),13.0,38.0,2.0
DE,5.0,3.0,2.0,5.0,9.0,9.0,7.0,6.0,4.666666666666667,Low social trust,2.75,Medium efficacy,Voted,1.0,1.0,Left (0-3),12.0,34.0,2.0
DE,3.0,2.0,2.0,2.0,4.0,6.0,2.0,2.0,4.666666666666667,Low social trust,1.75,Low efficacy,Voted,2.0,3.0,Left (0-3),8.0,72.0,2.0
DE,6.0,2.0,2.0,2.0,7.0,6.0,5.0,5.0,6.0,Medium social trust,1.5,Low efficacy,Voted,2.0,3.0,Left (0-3),13.0,66.0,2.0
DE,5.0,10.0,3.0,3.0,8.0,8.0,2.0,2.0,5.666666666666667,Medium social trust,2.5,Medium efficacy,Voted,3.0,7.0,Right (7-10),10.0,72.0,1.0
DE,9.0,9.0,5.0,7.0,8.0,8.0,7.0,9.0,9.0,High social trust,2.25,Low efficacy,Voted,1.0,5.0,Center (4-6),17.0,66.0,2.0
DE,6.0,8.0,5.0,5.0,10.0,10.0,7.0,5.0,6.0,Medium social trust,4.0,High efficacy,Voted,2.0,5.0,Center (4-6),18.0,44.0,2.0
DE,6.0,5.0,4.0,4.0,5.0,6.0,5.0,7.0,2.0,Low social trust,2.25,Low efficacy,Voted,2.0,3.0,Left (0-3),13.0,52.0,2.0
DE,7.0,5.0,3.0,3.0,7.0,9.0,5.0,7.0,5.333333333333333,Medium social trust,2.5,Medium efficacy,Voted,1.0,5.0,Center (4-6),17.0,31.0,2.0
DE,8.0,8.0,7.0,9.0,9.0,9.0,9.0,7.0,6.0,Medium social trust,2.75,Medium efficacy,Voted,1.0,4.0,Center (4-6),16.0,57.0,1.0
DE,7.0,7.0,5.0,5.0,9.0,9.0,6.0,6.0,6.666666666666667,High social trust,3.75,High efficacy,Voted,1.0,3.0,Left (0-3),16.0,45.0,1.0
DE,0.0,0.0,0.0,0.0,2.0,5.0,0.0,0.0,4.333333333333333,Low social trust,1.25,Low efficacy,Did not vote,2.0,6.0,Center (4-6),14.0,46.0,2.0
DE,5.0,4.0,4.0,4.0,7.0,7.0,7.0,7.0,6.0,Medium social trust,1.25,Low efficacy,Voted,2.0,5.0,Center (4-6),12.0,63.0,2.0
DE,9.0,7.0,4.0,6.0,8.0,8.0,7.0,7.0,5.333333333333333,Medium social trust,3.5,High efficacy,Voted,1.0,3.0,Left (0-3),18.0,42.0,1.0
DE,3.0,4.0,4.0,3.0,7.0,7.0,3.0,3.0,6.0,Medium social trust,1.0,Low efficacy,Voted,2.0,1.0,Left (0-3),14.0,45.0,2.0
DE,10.0,9.0,7.0,7.0,9.0,7.0,9.0,9.0,6.666666666666667,High social trust,3.75,High efficacy,Voted,1.0,3.0,Left (0-3),18.0,65.0,1.0
DE,5.0,3.0,4.0,5.0,5.0,6.0,5.0,5.0,6.666666666666667,High social trust,2.5,Medium efficacy,Voted,2.0,4.0,Center (4-6),15.0,32.0,2.0
DE,9.0,9.0,3.0,0.0,6.0,6.0,4.0,7.0,5.666666666666667,Medium social trust,2.75,Medium efficacy,Voted,1.0,3.0,Left (0-3),20.0,55.0,1.0
DE,4.0,3.0,3.0,3.0,3.0,8.0,3.0,4.0,4.333333333333333,Low social trust,2.75,Medium efficacy,Voted,2.0,6.0,Center (4-6),9.0,83.0,2.0
DE,1.0,2.0,0.0,1.0,4.0,6.0,5.0,5.0,5.0,Low social trust,2.0,Low efficacy,Did not vote,2.0,7.0,Right (7-10),13.0,45.0,1.0
DE,1.0,2.0,1.0,0.0,3.0,3.0,1.0,1.0,4.333333333333333,Low social trust,1.6666666666666667,Low efficacy,Did not vote,3.0,5.0,Center (4-6),12.0,59.0,1.0
DE,4.0,2.0,3.0,2.0,8.0,8.0,2.0,5.0,6.0,Medium social trust,3.0,High efficacy,Voted,1.0,6.0,Center (4-6),12.0,71.0,1.0
DE,0.0,0.0,1.0,1.0,1.0,5.0,3.0,3.0,2.3333333333333335,Low social trust,2.0,Low efficacy,Did not vote,2.0,5.0,Center (4-6),13.0,54.0,1.0
DE,0.0,1.0,0.0,0.0,1.0,3.0,1.0,1.0,6.666666666666667,High social trust,1.5,Low efficacy,Voted,2.0,3.0,Left (0-3),12.0,66.0,2.0
DE,7.0,4.0,4.0,5.0,8.0,6.0,6.0,7.0,8.0,High social trust,3.25,High efficacy,Voted,1.0,3.0,Left (0-3),23.0,58.0,1.0
DE,6.0,5.0,2.0,2.0,7.0,8.0,5.0,3.0,1.6666666666666667,Low social trust,2.5,Medium efficacy,Voted,1.0,5.0,Center (4-6),19.0,54.0,1.0
DE,5.0,5.0,3.0,3.0,7.0,8.0,6.0,3.0,5.333333333333333,Medium social trust,2.5,Medium efficacy,Voted,2.0,4.0,Center (4-6),15.0,58.0,1.0
DE,7.0,6.0,3.0,4.0,4.0,7.0,5.0,7.0,2.6666666666666665,Low social trust,1.75,Low efficacy,Voted,2.0,7.0,Right (7-10),12.0,71.0,1.0
DE,1.0,0.0,0.0,0.0,0.0,4.0,2.0,2.0,3.6666666666666665,Low social trust,2.25,Low efficacy,Voted,2.0,0.0,Left (0-3),17.0,57.0,2.0
DE,2.0,4.0,1.0,1.0,1.0,1.0,3.0,1.0,3.3333333333333335,Low social trust,3.25,High efficacy,Voted,2.0,6.0,Center (4-6),21.0,43.0,1.0
DE,3.0,6.0,3.0,3.0,5.0,8.0,4.0,2.0,6.0,Medium social trust,2.75,Medium efficacy,Voted,1.0,6.0,Center (4-6),18.0,44.0,1.0
DE,4.0,5.0,3.0,4.0,6.0,5.0,5.0,4.0,5.333333333333333,Medium social trust,2.5,Medium efficacy,Did not vote,2.0,4.0,Center (4-6),16.0,33.0,1.0
DE,10.0,9.0,5.0,5.0,10.0,9.0,5.0,5.0,8.666666666666666,High social trust,4.5,High efficacy,Voted,1.0,3.0,Left (0-3),13.0,68.0,2.0
DE,10.0,7.0,7.0,6.0,7.0,8.0,8.0,8.0,7.666666666666667,High social trust,3.0,High efficacy,Voted,1.0,0.0,Left (0-3),10.0,79.0,2.0
DE,0.0,3.0,1.0,0.0,6.0,6.0,3.0,0.0,3.0,Low social trust,1.6666666666666667,Low efficacy,Did not vote,2.0,5.0,Center (4-6),12.0,69.0,2.0
DE,10.0,10.0,10.0,5.0,10.0,10.0,10.0,8.0,6.666666666666667,High social trust,1.6666666666666667,Low efficacy,Voted,1.0,5.0,Center (4-6),14.0,66.0,2.0
DE,0.0,2.0,0.0,0.0,0.0,0.0,1.0,0.0,5.0,Low social trust,1.75,Low efficacy,Voted,2.0,5.0,Center (4-6),14.0,42.0,1.0
DE,2.0,0.0,1.0,0.0,3.0,5.0,2.0,3.0,2.6666666666666665,Low social trust,1.5,Low efficacy,Voted,2.0,7.0,Right (7-10),15.0,57.0,1.0
DE,5.0,5.0,5.0,5.0,5.0,5.0,6.0,5.0,7.666666666666667,High social trust,2.75,Medium efficacy,Voted,1.0,6.0,Center (4-6),19.0,42.0,1.0
DE,6.0,5.0,4.0,5.0,6.0,6.0,6.0,6.0,5.0,Low social trust,2.5,Medium efficacy,Voted,2.0,3.0,Left (0-3),16.0,46.0,2.0
DE,8.0,7.0,5.0,6.0,8.0,7.0,7.0,7.0,6.666666666666667,High social trust,3.25,High efficacy,Voted,1.0,3.0,Left (0-3),17.0,28.0,1.0
DE,4.0,7.0,4.0,3.0,5.0,8.0,8.0,5.0,3.0,Low social trust,2.5,Medium efficacy,Voted,2.0,3.0,Left (0-3),9.0,73.0,1.0
DE,9.0,3.0,4.0,3.0,7.0,8.0,2.0,2.0,5.0,Low social trust,3.25,High efficacy,Voted,2.0,5.0,Center (4-6),11.0,57.0,1.0
DE,7.0,8.0,8.0,7.0,9.0,7.0,8.0,8.0,7.666666666666667,High social trust,3.0,High efficacy,Voted,1.0,3.0,Left (0-3),18.0,39.0,2.0
DE,5.0,3.0,0.0,0.0,5.0,7.0,0.0,0.0,5.0,Low social trust,2.0,Low efficacy,Did not vote,2.0,4.0,Center (4-6),13.0,59.0,2.0
DE,8.0,7.0,6.0,5.0,9.0,9.0,7.0,8.0,6.666666666666667,High social trust,2.25,Low efficacy,Voted,1.0,4.0,Center (4-6),17.0,32.0,1.0
DE,5.0,5.0,5.0,5.0,10.0,10.0,4.0,3.0,8.333333333333334,High social trust,2.25,Low efficacy,Did not vote,2.0,5.0,Center (4-6),13.0,54.0,2.0
DE,4.0,9.0,5.0,6.0,8.0,7.0,5.0,7.0,6.333333333333333,Medium social trust,2.75,Medium efficacy,Voted,1.0,5.0,Center (4-6),17.0,69.0,1.0
DE,5.0,7.0,4.0,5.0,4.0,8.0,5.0,7.0,6.0,Medium social trust,2.5,Medium efficacy,Voted,2.0,4.0,Center (4-6),12.0,60.0,2.0
DE,2.0,0.0,0.0,0.0,2.0,2.0,0.0,0.0,3.6666666666666665,Low social trust,1.5,Low efficacy,Did not vote,1.0,5.0,Center (4-6),19.0,76.0,1.0
DE,8.0,4.0,2.0,4.0,10.0,10.0,0.0,4.0,5.333333333333333,Medium social trust,2.5,Medium efficacy,Voted,2.0,5.0,Center (4-6),12.0,66.0,1.0
DE,9.0,6.0,5.0,6.0,7.0,7.0,8.0,8.0,7.333333333333333,High social trust,2.5,Medium efficacy,Voted,2.0,3.0,Left (0-3),13.0,36.0,2.0
DE,8.0,8.0,4.0,3.0,7.0,9.0,7.0,5.0,6.333333333333333,Medium social trust,1.75,Low efficacy,Did not vote,2.0,6.0,Center (4-6),14.0,20.0,1.0
DE,4.0,2.0,2.0,3.0,5.0,8.0,4.0,4.0,7.0,High social trust,1.75,Low efficacy,Voted,1.0,5.0,Center (4-6),14.0,44.0,1.0
DE,7.0,5.0,3.0,2.0,6.0,7.0,3.0,5.0,5.333333333333333,Medium social trust,2.0,Low efficacy,Voted,2.0,6.0,Center (4-6),14.0,24.0,1.0
DE,3.0,5.0,3.0,2.0,3.0,3.0,3.0,3.0,4.666666666666667,Low social trust,2.0,Low efficacy,Did not vote,2.0,4.0,Center (4-6),15.0,53.0,1.0
DE,7.0,6.0,4.0,6.0,8.0,5.0,5.0,7.0,6.0,Medium social trust,2.5,Medium efficacy,Voted,1.0,3.0,Left (0-3),21.0,29.0,1.0
DE,4.0,5.0,4.0,3.0,7.0,8.0,5.0,7.0,5.666666666666667,Medium social trust,2.75,Medium efficacy,Voted,2.0,5.0,Center (4-6),11.0,87.0,2.0
DE,7.0,3.0,3.0,3.0,7.0,7.0,4.0,4.0,5.333333333333333,Medium social trust,2.0,Low efficacy,Voted,1.0,2.0,Left (0-3),13.0,60.0,1.0
DE,9.0,10.0,8.0,6.0,10.0,10.0,10.0,10.0,6.666666666666667,High social trust,2.5,Medium efficacy,Voted,1.0,5.0,Center (4-6),17.0,46.0,1.0
DE,7.0,5.0,6.0,6.0,8.0,8.0,6.0,6.0,6.666666666666667,High social trust,2.75,Medium efficacy,Voted,1.0,5.0,Center (4-6),13.0,55.0,2.0
DE,5.0,3.0,3.0,4.0,9.0,9.0,7.0,8.0,4.666666666666667,Low social trust,2.5,Medium efficacy,Voted,1.0,3.0,Left (0-3),12.0,39.0,1.0
DE,7.0,8.0,5.0,4.0,8.0,8.0,5.0,5.0,4.0,Low social trust,2.75,Medium efficacy,Voted,2.0,6.0,Center (4-6),16.0,57.0,1.0
DE,4.0,4.0,3.0,4.0,5.0,5.0,4.0,5.0,4.333333333333333,Low social trust,2.5,Medium efficacy,Voted,2.0,5.0,Center (4-6),19.0,57.0,1.0
DE,9.0,9.0,7.0,7.0,9.0,9.0,6.0,4.0,7.333333333333333,High social trust,3.25,High efficacy,Voted,1.0,5.0,Center (4-6),19.0,67.0,1.0
DE,8.0,7.0,7.0,6.0,8.0,6.0,8.0,8.0,7.0,High social trust,2.75,Medium efficacy,Voted,1.0,3.0,Left (0-3),12.0,19.0,2.0
DE,10.0,9.0,8.0,6.0,7.0,7.0,9.0,8.0,9.333333333333334,High social trust,3.0,High efficacy,Voted,1.0,3.0,Left (0-3),20.0,75.0,1.0
DE,5.0,8.0,6.0,6.0,9.0,6.0,6.0,3.0,5.666666666666667,Medium social trust,4.25,High efficacy,Voted,1.0,2.0,Left (0-3),17.0,76.0,1.0
DE,4.0,2.0,1.0,1.0,1.0,2.0,1.0,1.0,5.333333333333333,Medium social trust,2.25,Low efficacy,Did not vote,2.0,3.0,Left (0-3),9.0,65.0,1.0
DE,8.0,4.0,4.0,4.0,9.0,8.0,4.0,6.0,5.333333333333333,Medium social trust,2.0,Low efficacy,Voted,1.0,4.0,Center (4-6),16.0,25.0,1.0
DE,7.0,8.0,6.0,7.0,6.0,8.0,8.0,8.0,8.0,High social trust,2.75,Medium efficacy,Voted,1.0,6.0,Center (4-6),15.0,90.0,2.0
DE,10.0,5.0,2.0,4.0,8.0,9.0,5.0,4.0,6.0,Medium social trust,2.5,Medium efficacy,Voted,1.0,2.0,Left (0-3),14.0,77.0,1.0
DE,9.0,8.0,6.0,7.0,9.0,8.0,7.0,6.0,7.0,High social trust,3.0,High efficacy,Voted,1.0,5.0,Center (4-6),12.0,70.0,1.0
DE,8.0,8.0,8.0,6.0,9.0,8.0,7.0,7.0,6.666666666666667,High social trust,2.75,Medium efficacy,Voted,1.0,3.0,Left (0-3),14.0,82.0,1.0
DE,1.0,1.0,1.0,1.0,2.0,2.0,1.0,1.0,3.0,Low social trust,1.5,Low efficacy,Voted,2.0,5.0,Center (4-6),16.0,63.0,1.0
DE,8.0,8.0,7.0,7.0,9.0,9.0,7.0,8.0,7.333333333333333,High social trust,1.75,Low efficacy,Voted,2.0,5.0,Center (4-6),14.0,47.0,2.0
DE,8.0,8.0,6.0,6.0,9.0,8.0,7.0,6.0,6.0,Medium social trust,4.25,High efficacy,Voted,1.0,4.0,Center (4-6),13.0,44.0,1.0
DE,6.0,6.0,3.0,4.0,4.0,7.0,4.0,8.0,6.0,Medium social trust,2.0,Low efficacy,Voted,1.0,4.0,Center (4-6),18.0,52.0,1.0
DE,5.0,3.0,3.0,3.0,8.0,5.0,3.0,4.0,4.0,Low social trust,4.25,High efficacy,Voted,2.0,0.0,Left (0-3),18.0,63.0,1.0
DE,8.0,10.0,7.0,8.0,6.0,8.0,3.0,8.0,2.6666666666666665,Low social trust,2.75,Medium efficacy,Voted,2.0,6.0,Center (4-6),11.0,74.0,1.0
DE,8.0,7.0,5.0,5.0,8.0,9.0,5.0,4.0,7.0,High social trust,3.0,High efficacy,Did not vote,1.0,3.0,Left (0-3),19.0,67.0,1.0
DE,3.0,5.0,3.0,3.0,2.0,7.0,3.0,3.0,5.666666666666667,Medium social trust,1.5,Low efficacy,Voted,1.0,5.0,Center (4-6),7.0,78.0,2.0
DE,8.0,7.0,7.0,5.0,9.0,8.0,5.0,6.0,4.333333333333333,Low social trust,2.0,Low efficacy,Voted,2.0,5.0,Center (4-6),13.0,53.0,2.0
DE,3.0,6.0,6.0,6.0,8.0,6.0,6.0,5.0,5.0,Low social trust,2.5,Medium efficacy,Voted,1.0,4.0,Center (4-6),19.0,29.0,1.0
DE,8.0,4.0,3.0,4.0,7.0,10.0,9.0,4.0,2.3333333333333335,Low social trust,2.5,Medium efficacy,Voted,1.0,3.0,Left (0-3),10.0,68.0,2.0
DE,4.0,6.0,2.0,5.0,2.0,10.0,2.0,4.0,4.666666666666667,Low social trust,2.5,Medium efficacy,Did not vote,1.0,5.0,Center (4-6),15.0,62.0,2.0
DE,8.0,7.0,6.0,6.0,6.0,8.0,6.0,5.0,6.666666666666667,High social trust,3.5,High efficacy,Voted,2.0,3.0,Left (0-3),15.0,58.0,2.0
DE,6.0,7.0,6.0,6.0,8.0,6.0,7.0,7.0,7.0,High social trust,3.5,High efficacy,Voted,1.0,2.0,Left (0-3),18.0,55.0,2.0
DE,7.0,8.0,5.0,5.0,3.0,7.0,4.0,5.0,4.333333333333333,Low social trust,3.25,High efficacy,Voted,2.0,5.0,Center (4-6),13.0,84.0,2.0
DE,2.0,2.0,0.0,0.0,2.0,6.0,1.0,2.0,5.333333333333333,Medium social trust,3.25,High efficacy,Voted,2.0,5.0,Center (4-6),20.0,58.0,2.0
DE,3.0,5.0,5.0,5.0,8.0,8.0,5.0,5.0,8.0,High social trust,2.5,Medium efficacy,Voted,1.0,0.0,Left (0-3),14.0,72.0,2.0
DE,0.0,0.0,1.0,3.0,6.0,6.0,5.0,4.0,3.3333333333333335,Low social trust,2.75,Medium efficacy,Voted,3.0,7.0,Right (7-10),10.0,30.0,1.0
DE,0.0,2.0,3.0,5.0,4.0,9.0,6.0,5.0,6.666666666666667,High social trust,2.5,Medium efficacy,Did not vote,2.0,8.0,Right (7-10),14.0,35.0,1.0
DE,9.0,6.0,5.0,6.0,8.0,7.0,6.0,7.0,6.0,Medium social trust,2.5,Medium efficacy,Voted,1.0,2.0,Left (0-3),19.0,34.0,1.0
DE,8.0,9.0,6.0,6.0,9.0,9.0,8.0,8.0,5.666666666666667,Medium social trust,3.5,High efficacy,Voted,1.0,6.0,Center (4-6),16.0,29.0,1.0
DE,2.0,0.0,0.0,0.0,4.0,8.0,0.0,0.0,3.0,Low social trust,2.25,Low efficacy,Voted,2.0,5.0,Center (4-6),14.0,49.0,1.0
DE,5.0,10.0,6.0,6.0,10.0,10.0,8.0,8.0,7.0,High social trust,3.75,High efficacy,Voted,1.0,4.0,Center (4-6),14.0,28.0,1.0
DE,7.0,7.0,6.0,5.0,7.0,9.0,7.0,5.0,5.0,Low social trust,2.0,Low efficacy,Voted,2.0,5.0,Center (4-6),14.0,45.0,2.0
DE,5.0,5.0,5.0,5.0,5.0,5.0,0.0,0.0,6.666666666666667,High social trust,2.5,Medium efficacy,Voted,1.0,0.0,Left (0-3),22.0,69.0,1.0
DE,2.0,2.0,2.0,2.0,7.0,7.0,2.0,2.0,5.333333333333333,Medium social trust,1.75,Low efficacy,Did not vote,4.0,7.0,Right (7-10),10.0,60.0,1.0
DE,8.0,10.0,7.0,8.0,9.0,9.0,10.0,10.0,5.666666666666667,Medium social trust,4.0,High efficacy,Voted,1.0,4.0,Center (4-6),19.0,34.0,1.0
DE,8.0,7.0,7.0,7.0,7.0,8.0,7.0,6.0,6.0,Medium social trust,3.75,High efficacy,Voted,2.0,3.0,Left (0-3),17.0,28.0,1.0
DE,6.0,7.0,6.0,6.0,8.0,7.0,8.0,9.0,6.333333333333333,Medium social trust,3.5,High efficacy,Voted,1.0,3.0,Left (0-3),19.0,45.0,2.0
DE,3.0,4.0,4.0,4.0,8.0,8.0,6.0,6.0,7.666666666666667,High social trust,2.25,Low efficacy,Voted,2.0,5.0,Center (4-6),20.0,51.0,2.0
DE,5.0,4.0,5.0,5.0,5.0,6.0,5.0,5.0,6.333333333333333,Medium social trust,2.25,Low efficacy,Voted,1.0,5.0,Center (4-6),12.0,70.0,2.0
DE,4.0,0.0,2.0,2.0,5.0,5.0,5.0,5.0,3.0,Low social trust,2.0,Low efficacy,Did not vote,1.0,5.0,Center (4-6),16.0,64.0,1.0
DE,7.0,4.0,5.0,5.0,8.0,8.0,4.0,6.0,8.0,High social trust,2.0,Low efficacy,Voted,1.0,5.0,Center (4-6),13.0,64.0,2.0
DE,4.0,7.0,5.0,6.0,7.0,6.0,7.0,7.0,5.333333333333333,Medium social trust,3.0,High efficacy,Voted,1.0,5.0,Center (4-6),15.0,33.0,1.0
DE,7.0,7.0,7.0,6.0,8.0,8.0,5.0,5.0,6.333333333333333,Medium social trust,3.0,High efficacy,Voted,2.0,4.0,Center (4-6),14.0,67.0,1.0
DE,8.0,8.0,6.0,5.0,9.0,8.0,7.0,8.0,7.0,High social trust,4.25,High efficacy,Voted,1.0,3.0,Left (0-3),19.0,33.0,1.0
DE,8.0,7.0,7.0,6.0,8.0,8.0,7.0,7.0,7.666666666666667,High social trust,2.5,Medium efficacy,Voted,1.0,2.0,Left (0-3),18.0,45.0,2.0
DE,5.0,6.0,2.0,3.0,4.0,6.0,3.0,4.0,4.666666666666667,Low social trust,2.25,Low efficacy,Voted,2.0,5.0,Center (4-6),18.0,32.0,1.0
DE,10.0,10.0,9.0,7.0,10.0,10.0,10.0,10.0,7.333333333333333,High social trust,4.75,High efficacy,Voted,2.0,2.0,Left (0-3),17.0,28.0,2.0
DE,10.0,8.0,6.0,6.0,9.0,9.0,8.0,9.0,6.333333333333333,Medium social trust,3.0,High efficacy,Voted,1.0,5.0,Center (4-6),14.0,29.0,1.0
DE,7.0,7.0,5.0,4.0,6.0,9.0,7.0,7.0,6.666666666666667,High social trust,2.5,Medium efficacy,Did not vote,2.0,4.0,Center (4-6),16.0,23.0,1.0
DE,6.0,3.0,4.0,5.0,7.0,7.0,6.0,6.0,6.333333333333333,Medium social trust,2.5,Medium efficacy,Voted,2.0,5.0,Center (4-6),16.0,47.0,2.0
DE,7.0,4.0,4.0,4.0,7.0,7.0,5.0,5.0,3.6666666666666665,Low social trust,2.0,Low efficacy,Did not vote,3.0,3.0,Left (0-3),12.0,72.0,1.0
DE,7.0,7.0,5.0,5.0,8.0,9.0,6.0,6.0,6.333333333333333,Medium social trust,3.0,High efficacy,Voted,2.0,5.0,Center (4-6),13.0,24.0,1.0
DE,6.0,4.0,4.0,5.0,6.0,6.0,3.0,6.0,4.333333333333333,Low social trust,1.5,Low efficacy,Voted,1.0,4.0,Center (4-6),17.0,29.0,2.0
DE,7.0,3.0,0.0,4.0,3.0,9.0,4.0,6.0,8.0,High social trust,1.5,Low efficacy,Voted,2.0,5.0,Center (4-6),11.0,80.0,1.0
DE,7.0,7.0,6.0,4.0,5.0,3.0,4.0,5.0,7.333333333333333,High social trust,4.0,High efficacy,Voted,1.0,0.0,Left (0-3),15.0,66.0,2.0
DE,6.0,6.0,2.0,2.0,6.0,8.0,4.0,4.0,6.333333333333333,Medium social trust,2.5,Medium efficacy,Voted,2.0,3.0,Left (0-3),15.0,74.0,1.0
DE,0.0,1.0,0.0,0.0,7.0,7.0,0.0,0.0,2.6666666666666665,Low social trust,1.5,Low efficacy,Voted,2.0,6.0,Center (4-6),13.0,34.0,1.0
DE,2.0,4.0,2.0,3.0,4.0,5.0,4.0,4.0,3.6666666666666665,Low social trust,2.75,Medium efficacy,Voted,2.0,8.0,Right (7-10),15.0,44.0,1.0
DE,7.0,9.0,8.0,7.0,9.0,8.0,7.0,7.0,7.0,High social trust,2.25,Low efficacy,Voted,1.0,2.0,Left (0-3),14.0,54.0,1.0
DE,8.0,7.0,6.0,6.0,7.0,8.0,6.0,6.0,6.666666666666667,High social trust,3.75,High efficacy,Voted,1.0,4.0,Center (4-6),20.0,44.0,2.0
DE,8.0,7.0,7.0,7.0,7.0,8.0,7.0,7.0,7.333333333333333,High social trust,2.0,Low efficacy,Voted,1.0,2.0,Left (0-3),13.0,55.0,2.0
DE,7.0,3.0,3.0,3.0,8.0,8.0,6.0,6.0,7.333333333333333,High social trust,2.25,Low efficacy,Voted,2.0,8.0,Right (7-10),17.0,62.0,1.0
DE,5.0,5.0,2.0,5.0,3.0,9.0,5.0,5.0,3.6666666666666665,Low social trust,3.0,High efficacy,Voted,1.0,4.0,Center (4-6),14.0,27.0,2.0
DE,7.0,8.0,8.0,8.0,8.0,10.0,8.0,8.0,6.333333333333333,Medium social trust,2.25,Low efficacy,Voted,2.0,6.0,Center (4-6),13.0,34.0,2.0
DE,6.0,4.0,3.0,3.0,8.0,8.0,5.0,5.0,5.666666666666667,Medium social trust,2.75,Medium efficacy,Voted,2.0,5.0,Center (4-6),12.0,60.0,1.0
DE,6.0,5.0,5.0,4.0,5.0,7.0,5.0,5.0,6.333333333333333,Medium social trust,2.25,Low efficacy,Voted,2.0,4.0,Center (4-6),16.0,42.0,2.0
DE,5.0,6.0,6.0,5.0,8.0,8.0,5.0,5.0,7.0,High social trust,2.75,Medium efficacy,Voted,1.0,3.0,Left (0-3),17.0,71.0,1.0
DE,9.0,5.0,5.0,9.0,7.0,9.0,8.0,7.0,3.0,Low social trust,2.25,Low efficacy,Did not vote,2.0,5.0,Center (4-6),13.0,25.0,2.0
DE,1.0,1.0,0.0,0.0,6.0,10.0,0.0,1.0,5.333333333333333,Medium social trust,3.0,High efficacy,Did not vote,1.0,5.0,Center (4-6),25.0,32.0,1.0
DE,5.0,3.0,5.0,3.0,5.0,7.0,6.0,5.0,6.666666666666667,High social trust,2.75,Medium efficacy,Voted,2.0,2.0,Left (0-3),12.0,56.0,2.0
DE,6.0,5.0,9.0,7.0,8.0,10.0,7.0,8.0,6.666666666666667,High social trust,2.75,Medium efficacy,Did not vote,2.0,5.0,Center (4-6),14.0,41.0,2.0
DE,4.0,10.0,5.0,4.0,10.0,9.0,2.0,3.0,3.3333333333333335,Low social trust,2.25,Low efficacy,Voted,4.0,1.0,Left (0-3),0.0,43.0,2.0
DE,8.0,5.0,5.0,5.0,8.0,8.0,5.0,2.0,5.0,Low social trust,3.25,High efficacy,Voted,2.0,5.0,Center (4-6),20.0,72.0,1.0
DE,6.0,3.0,2.0,3.0,6.0,6.0,3.0,6.0,7.666666666666667,High social trust,3.5,High efficacy,Voted,2.0,4.0,Center (4-6),14.0,58.0,1.0
DE,9.0,6.0,5.0,4.0,9.0,7.0,7.0,5.0,8.0,High social trust,2.75,Medium efficacy,Voted,1.0,2.0,Left (0-3),19.0,30.0,1.0
DE,4.0,7.0,3.0,3.0,9.0,9.0,9.0,7.0,6.333333333333333,Medium social trust,2.25,Low efficacy,Voted,2.0,3.0,Left (0-3),13.0,62.0,2.0
DE,4.0,2.0,2.0,2.0,3.0,5.0,2.0,2.0,5.333333333333333,Medium social trust,2.25,Low efficacy,Did not vote,4.0,5.0,Center (4-6),9.0,65.0,1.0
DE,8.0,3.0,5.0,5.0,8.0,8.0,5.0,7.0,7.333333333333333,High social trust,1.75,Low efficacy,Voted,1.0,6.0,Center (4-6),13.0,83.0,1.0
DE,8.0,7.0,5.0,5.0,9.0,9.0,5.0,6.0,7.666666666666667,High social trust,2.5,Medium efficacy,Voted,1.0,7.0,Right (7-10),17.0,86.0,2.0
DE,3.0,4.0,5.0,4.0,8.0,9.0,6.0,6.0,6.666666666666667,High social trust,1.5,Low efficacy,Voted,2.0,5.0,Center (4-6),13.0,68.0,2.0
DE,9.0,9.0,5.0,5.0,9.0,10.0,5.0,9.0,7.666666666666667,High social trust,2.25,Low efficacy,Voted,2.0,4.0,Center (4-6),11.0,84.0,1.0
DE,3.0,3.0,4.0,4.0,8.0,8.0,3.0,3.0,5.333333333333333,Medium social trust,1.75,Low efficacy,Voted,2.0,5.0,Center (4-6),15.0,73.0,1.0
DE,2.0,0.0,0.0,0.0,0.0,2.0,3.0,4.0,2.0,Low social trust,1.75,Low efficacy,Voted,2.0,0.0,Left (0-3),13.0,65.0,1.0
DE,9.0,5.0,0.0,3.0,5.0,8.0,3.0,7.0,6.0,Medium social trust,3.0,High efficacy,Voted,2.0,0.0,Left (0-3),12.0,63.0,1.0
DE,8.0,5.0,4.0,4.0,7.0,8.0,4.0,4.0,5.666666666666667,Medium social trust,2.75,Medium efficacy,Voted,1.0,6.0,Center (4-6),13.0,35.0,1.0
DE,8.0,9.0,6.0,6.0,10.0,10.0,7.0,1.0,5.666666666666667,Medium social trust,3.5,High efficacy,Voted,1.0,6.0,Center (4-6),15.0,33.0,1.0
DE,7.0,3.0,3.0,3.0,7.0,5.0,3.0,3.0,5.0,Low social trust,1.75,Low efficacy,Voted,2.0,6.0,Center (4-6),15.0,87.0,1.0
DE,2.0,0.0,0.0,2.0,3.0,7.0,3.0,4.0,6.333333333333333,Medium social trust,2.0,Low efficacy,Voted,1.0,6.0,Center (4-6),16.0,52.0,2.0
DE,4.0,3.0,0.0,0.0,0.0,0.0,3.0,0.0,5.666666666666667,Medium social trust,2.25,Low efficacy,Did not vote,1.0,4.0,Center (4-6),13.0,29.0,1.0
DE,5.0,5.0,4.0,2.0,6.0,7.0,3.0,3.0,5.666666666666667,Medium social trust,2.5,Medium efficacy,Voted,2.0,2.0,Left (0-3),13.0,68.0,2.0
DE,8.0,5.0,6.0,6.0,8.0,8.0,6.0,6.0,5.666666666666667,Medium social trust,3.0,High efficacy,Did not vote,2.0,4.0,Center (4-6),14.0,55.0,2.0
DE,3.0,3.0,2.0,2.0,4.0,7.0,1.0,1.0,7.333333333333333,High social trust,2.5,Medium efficacy,Voted,1.0,8.0,Right (7-10),14.0,71.0,2.0
DE,5.0,6.0,5.0,5.0,5.0,4.0,5.0,5.0,7.0,High social trust,2.75,Medium efficacy,Voted,1.0,1.0,Left (0-3),12.0,25.0,1.0
DE,3.0,4.0,6.0,4.0,4.0,7.0,5.0,4.0,5.0,Low social trust,1.75,Low efficacy,Voted,2.0,3.0,Left (0-3),14.0,66.0,2.0
DE,7.0,6.0,6.0,5.0,6.0,7.0,6.0,7.0,4.0,Low social trust,2.75,Medium efficacy,Voted,1.0,4.0,Center (4-6),12.0,69.0,1.0
DE,2.0,3.0,2.0,2.0,2.0,5.0,4.0,4.0,5.0,Low social trust,2.25,Low efficacy,Voted,1.0,1.0,Left (0-3),15.0,41.0,2.0
DE,7.0,6.0,5.0,6.0,8.0,8.0,6.0,7.0,5.666666666666667,Medium social trust,2.75,Medium efficacy,Voted,2.0,3.0,Left (0-3),15.0,22.0,2.0
DE,5.0,3.0,3.0,3.0,5.0,5.0,5.0,5.0,5.0,Low social trust,1.0,Low efficacy,Did not vote,3.0,5.0,Center (4-6),15.0,32.0,2.0
DE,3.0,1.0,2.0,2.0,2.0,5.0,3.0,3.0,2.0,Low social trust,1.6666666666666667,Low efficacy,Voted,2.0,7.0,Right (7-10),17.0,28.0,1.0
DE,3.0,0.0,0.0,0.0,0.0,2.0,0.0,0.0,6.666666666666667,High social trust,2.75,Medium efficacy,Did not vote,2.0,5.0,Center (4-6),20.0,77.0,1.0
DE,8.0,9.0,7.0,7.0,10.0,8.0,7.0,8.0,6.333333333333333,Medium social trust,4.25,High efficacy,Voted,1.0,3.0,Left (0-3),15.0,51.0,1.0
DE,8.0,8.0,3.0,3.0,10.0,10.0,6.0,5.0,7.0,High social trust,2.5,Medium efficacy,Voted,2.0,5.0,Center (4-6),14.0,63.0,2.0
DE,6.0,6.0,7.0,5.0,7.0,8.0,5.0,5.0,5.0,Low social trust,2.5,Medium efficacy,Voted,1.0,5.0,Center (4-6),13.0,77.0,1.0
DE,2.0,2.0,3.0,4.0,7.0,7.0,2.0,5.0,6.666666666666667,High social trust,2.25,Low efficacy,Voted,2.0,0.0,Left (0-3),17.0,69.0,1.0
DE,3.0,2.0,5.0,4.0,4.0,6.0,6.0,3.0,4.0,Low social trust,2.25,Low efficacy,Voted,2.0,0.0,Left (0-3),11.0,78.0,2.0
DE,7.0,7.0,6.0,6.0,9.0,8.0,6.0,7.0,6.666666666666667,High social trust,3.25,High efficacy,Voted,1.0,6.0,Center (4-6),19.0,47.0,1.0
DE,8.0,8.0,8.0,8.0,7.0,9.0,6.0,7.0,6.0,Medium social trust,3.0,High efficacy,Voted,2.0,0.0,Left (0-3),3.0,68.0,1.0
DE,5.0,7.0,5.0,5.0,6.0,6.0,5.0,6.0,6.0,Medium social trust,2.0,Low efficacy,Voted,2.0,5.0,Center (4-6),16.0,25.0,2.0
DE,6.0,8.0,6.0,5.0,9.0,10.0,7.0,6.0,5.666666666666667,Medium social trust,2.25,Low efficacy,Did not vote,1.0,5.0,Center (4-6),9.0,15.0,2.0
DE,5.0,3.0,2.0,4.0,7.0,9.0,0.0,1.0,5.333333333333333,Medium social trust,2.0,Low efficacy,Voted,1.0,7.0,Right (7-10),9.0,38.0,1.0
DE,6.0,7.0,5.0,5.0,7.0,8.0,6.0,7.0,7.333333333333333,High social trust,2.25,Low efficacy,Voted,1.0,3.0,Left (0-3),20.0,26.0,1.0
DE,5.0,2.0,1.0,1.0,7.0,8.0,0.0,0.0,5.0,Low social trust,1.75,Low efficacy,Voted,2.0,5.0,Center (4-6),13.0,67.0,1.0
DE,8.0,5.0,3.0,5.0,8.0,9.0,6.0,6.0,7.666666666666667,High social trust,2.5,Medium efficacy,Voted,2.0,5.0,Center (4-6),13.0,85.0,1.0
DE,6.0,7.0,5.0,4.0,7.0,5.0,6.0,7.0,7.0,High social trust,3.25,High efficacy,Voted,1.0,5.0,Center (4-6),11.0,48.0,2.0
DE,3.0,5.0,8.0,8.0,7.0,7.0,7.0,7.0,2.3333333333333335,Low social trust,1.75,Low efficacy,Did not vote,4.0,6.0,Center (4-6),8.0,40.0,2.0
DE,1.0,2.0,1.0,1.0,1.0,2.0,2.0,4.0,4.333333333333333,Low social trust,2.25,Low efficacy,Voted,1.0,5.0,Center (4-6),16.0,37.0,1.0
DE,7.0,5.0,3.0,2.0,6.0,7.0,4.0,5.0,4.333333333333333,Low social trust,2.5,Medium efficacy,Voted,1.0,3.0,Left (0-3),16.0,23.0,2.0
DE,10.0,10.0,7.0,6.0,8.0,8.0,7.0,7.0,6.333333333333333,Medium social trust,4.0,High efficacy,Voted,2.0,1.0,Left (0-3),20.0,57.0,2.0
DE,0.0,0.0,0.0,0.0,9.0,10.0,8.0,5.0,6.666666666666667,High social trust,1.25,Low efficacy,Voted,1.0,5.0,Center (4-6),10.0,79.0,2.0
DE,2.0,1.0,4.0,4.0,7.0,7.0,6.0,4.0,6.333333333333333,Medium social trust,2.0,Low efficacy,Voted,1.0,7.0,Right (7-10),13.0,22.0,1.0
DE,1.0,3.0,2.0,2.0,4.0,2.0,0.0,0.0,3.0,Low social trust,1.75,Low efficacy,Voted,1.0,5.0,Center (4-6),13.0,73.0,2.0
DE,9.0,6.0,7.0,8.0,8.0,8.0,8.0,6.0,4.666666666666667,Low social trust,2.5,Medium efficacy,Did not vote,2.0,8.0,Right (7-10),10.0,52.0,2.0
DE,8.0,6.0,8.0,7.0,9.0,9.0,8.0,8.0,6.666666666666667,High social trust,2.25,Low efficacy,Voted,2.0,5.0,Center (4-6),14.0,75.0,2.0
DE,0.0,5.0,2.0,2.0,5.0,5.0,5.0,5.0,5.666666666666667,Medium social trust,2.25,Low efficacy,Did not vote,3.0,5.0,Center (4-6),11.0,35.0,2.0
DE,7.0,7.0,5.0,5.0,8.0,8.0,5.0,5.0,7.333333333333333,High social trust,3.0,High efficacy,Voted,1.0,5.0,Center (4-6),15.0,50.0,2.0
DE,2.0,5.0,4.0,3.0,8.0,8.0,6.0,7.0,5.0,Low social trust,2.0,Low efficacy,Voted,2.0,5.0,Center (4-6),12.0,69.0,2.0
DE,8.0,6.0,5.0,5.0,8.0,9.0,7.0,7.0,5.333333333333333,Medium social trust,2.5,Medium efficacy,Voted,1.0,3.0,Left (0-3),16.0,22.0,2.0
DE,5.0,0.0,0.0,0.0,4.0,8.0,0.0,0.0,1.0,Low social trust,1.0,Low efficacy,Voted,2.0,0.0,Left (0-3),11.0,70.0,2.0
DE,7.0,7.0,6.0,5.0,6.0,6.0,5.0,6.0,7.333333333333333,High social trust,3.25,High efficacy,Voted,3.0,5.0,Center (4-6),19.0,62.0,2.0
DE,8.0,6.0,5.0,5.0,7.0,4.0,5.0,5.0,5.333333333333333,Medium social trust,3.25,High efficacy,Voted,1.0,2.0,Left (0-3),17.0,25.0,1.0
DE,9.0,8.0,6.0,6.0,9.0,9.0,8.0,9.0,7.333333333333333,High social trust,2.25,Low efficacy,Voted,2.0,3.0,Left (0-3),16.0,84.0,1.0
DE,1.0,1.0,0.0,1.0,0.0,6.0,4.0,7.0,2.6666666666666665,Low social trust,3.25,High efficacy,Voted,1.0,0.0,Left (0-3),18.0,57.0,1.0
DE,9.0,5.0,5.0,3.0,10.0,10.0,5.0,2.0,4.333333333333333,Low social trust,3.0,High efficacy,Voted,1.0,1.0,Left (0-3),14.0,71.0,1.0
DE,7.0,8.0,5.0,5.0,8.0,9.0,5.0,5.0,5.0,Low social trust,3.25,High efficacy,Voted,2.0,5.0,Center (4-6),13.0,58.0,2.0
DE,6.0,6.0,6.0,6.0,5.0,8.0,6.0,6.0,6.333333333333333,Medium social trust,2.0,Low efficacy,Voted,1.0,5.0,Center (4-6),12.0,74.0,2.0
DE,7.0,7.0,6.0,5.0,8.0,9.0,8.0,8.0,8.333333333333334,High social trust,2.75,Medium efficacy,Voted,2.0,5.0,Center (4-6),15.0,45.0,2.0
DE,7.0,6.0,6.0,6.0,5.0,5.0,7.0,3.0,6.0,Medium social trust,3.25,High efficacy,Voted,1.0,4.0,Center (4-6),19.0,29.0,2.0
DE,3.0,3.0,4.0,3.0,3.0,3.0,4.0,4.0,4.333333333333333,Low social trust,3.0,High efficacy,Voted,2.0,5.0,Center (4-6),15.0,57.0,1.0
DE,9.0,9.0,7.0,2.0,7.0,7.0,2.0,5.0,8.0,High social trust,4.0,High efficacy,Voted,1.0,2.0,Left (0-3),19.0,52.0,1.0
DE,0.0,2.0,2.0,2.0,9.0,10.0,0.0,6.0,5.0,Low social trust,3.25,High efficacy,Voted,1.0,6.0,Center (4-6),12.0,64.0,1.0
DE,5.0,3.0,3.0,3.0,5.0,8.0,3.0,3.0,3.6666666666666665,Low social trust,1.75,Low efficacy,Voted,1.0,5.0,Center (4-6),11.0,54.0,2.0
DE,7.0,10.0,6.0,4.0,8.0,8.0,7.0,6.0,6.333333333333333,Medium social trust,2.5,Medium efficacy,Voted,1.0,8.0,Right (7-10),13.0,76.0,1.0
DE,2.0,7.0,5.0,5.0,7.0,7.0,5.0,5.0,6.0,Medium social trust,3.25,High efficacy,Voted,1.0,5.0,Center (4-6),14.0,49.0,1.0
DE,9.0,8.0,8.0,5.0,10.0,6.0,8.0,8.0,8.0,High social trust,4.0,High efficacy,Voted,2.0,2.0,Left (0-3),15.0,35.0,1.0
DE,1.0,2.0,1.0,1.0,5.0,8.0,1.0,3.0,3.6666666666666665,Low social trust,1.5,Low efficacy,Voted,2.0,3.0,Left (0-3),12.0,67.0,2.0
DE,6.0,8.0,7.0,6.0,7.0,7.0,8.0,8.0,6.0,Medium social trust,4.0,High efficacy,Voted,2.0,3.0,Left (0-3),25.0,34.0,2.0
DE,5.0,4.0,3.0,4.0,7.0,7.0,6.0,4.0,3.6666666666666665,Low social trust,2.75,Medium efficacy,Voted,2.0,5.0,Center (4-6),16.0,49.0,2.0
DE,7.0,4.0,6.0,5.0,5.0,6.0,5.0,5.0,6.333333333333333,Medium social trust,1.75,Low efficacy,Voted,1.0,6.0,Center (4-6),19.0,57.0,2.0
DE,4.0,5.0,4.0,4.0,6.0,6.0,4.0,4.0,5.666666666666667,Medium social trust,2.0,Low efficacy,Voted,1.0,5.0,Center (4-6),15.0,59.0,2.0
DE,8.0,9.0,6.0,5.0,9.0,8.0,7.0,7.0,5.333333333333333,Medium social trust,3.0,High efficacy,Did not vote,2.0,4.0,Center (4-6),13.0,19.0,1.0
DE,7.0,8.0,4.0,4.0,8.0,8.0,5.0,5.0,6.0,Medium social trust,2.75,Medium efficacy,Voted,1.0,4.0,Center (4-6),17.0,56.0,1.0
DE,3.0,4.0,3.0,2.0,5.0,5.0,3.0,1.0,3.6666666666666665,Low social trust,2.75,Medium efficacy,Did not vote,2.0,5.0,Center (4-6),13.0,53.0,1.0
DE,7.0,7.0,5.0,7.0,10.0,10.0,8.0,8.0,7.666666666666667,High social trust,4.0,High efficacy,Voted,1.0,5.0,Center (4-6),20.0,42.0,2.0
DE,8.0,8.0,5.0,6.0,9.0,9.0,8.0,9.0,7.333333333333333,High social trust,4.0,High efficacy,Voted,1.0,4.0,Center (4-6),18.0,59.0,2.0
DE,8.0,9.0,7.0,5.0,10.0,9.0,7.0,7.0,6.333333333333333,Medium social trust,3.25,High efficacy,Voted,1.0,2.0,Left (0-3),22.0,58.0,1.0
DE,8.0,8.0,7.0,6.0,9.0,10.0,8.0,8.0,6.333333333333333,Medium social trust,3.0,High efficacy,Voted,1.0,4.0,Center (4-6),12.0,42.0,1.0
DE,4.0,7.0,4.0,4.0,7.0,7.0,4.0,4.0,5.333333333333333,Medium social trust,2.5,Medium efficacy,Voted,1.0,3.0,Left (0-3),20.0,76.0,1.0
DE,5.0,4.0,3.0,4.0,0.0,8.0,2.0,2.0,3.3333333333333335,Low social trust,2.0,Low efficacy,Voted,2.0,5.0,Center (4-6),13.0,73.0,1.0
DE,4.0,2.0,1.0,0.0,6.0,7.0,2.0,2.0,4.0,Low social trust,1.75,Low efficacy,Voted,3.0,7.0,Right (7-10),10.0,41.0,1.0
DE,3.0,7.0,7.0,6.0,5.0,3.0,6.0,5.0,2.0,Low social trust,3.0,High efficacy,Voted,2.0,5.0,Center (4-6),13.0,73.0,1.0
DE,7.0,5.0,5.0,5.0,8.0,8.0,6.0,6.0,8.0,High social trust,2.25,Low efficacy,Voted,1.0,5.0,Center (4-6),13.0,45.0,2.0
DE,2.0,5.0,4.0,3.0,4.0,4.0,5.0,5.0,5.666666666666667,Medium social trust,3.25,High efficacy,Voted,1.0,3.0,Left (0-3),15.0,39.0,2.0
DE,9.0,8.0,7.0,7.0,9.0,9.0,8.0,8.0,7.666666666666667,High social trust,3.25,High efficacy,Voted,2.0,4.0,Center (4-6),14.0,82.0,1.0
DE,0.0,2.0,3.0,1.0,4.0,8.0,0.0,2.0,3.6666666666666665,Low social trust,2.5,Medium efficacy,Voted,2.0,7.0,Right (7-10),12.0,61.0,1.0
DE,5.0,4.0,4.0,4.0,4.0,4.0,4.0,4.0,4.0,Low social trust,1.75,Low efficacy,Voted,1.0,6.0,Center (4-6),19.0,80.0,2.0
DE,2.0,2.0,2.0,2.0,1.0,7.0,4.0,3.0,3.6666666666666665,Low social trust,1.5,Low efficacy,Did not vote,3.0,6.0,Center (4-6),12.0,33.0,2.0
DE,1.0,1.0,0.0,1.0,1.0,5.0,0.0,1.0,4.0,Low social trust,2.75,Medium efficacy,Voted,3.0,5.0,Center (4-6),16.0,45.0,2.0
DE,7.0,8.0,7.0,7.0,8.0,9.0,9.0,9.0,7.0,High social trust,2.25,Low efficacy,Voted,1.0,2.0,Left (0-3),17.0,22.0,2.0
DE,7.0,6.0,4.0,4.0,8.0,8.0,6.0,5.0,7.333333333333333,High social trust,1.5,Low efficacy,Voted,2.0,6.0,Center (4-6),12.0,85.0,1.0
DE,3.0,6.0,3.0,3.0,8.0,7.0,5.0,5.0,6.333333333333333,Medium social trust,1.75,Low efficacy,Did not vote,1.0,5.0,Center (4-6),16.0,34.0,2.0
DE,4.0,5.0,5.0,5.0,6.0,6.0,3.0,5.0,7.0,High social trust,3.0,High efficacy,Voted,1.0,4.0,Center (4-6),12.0,73.0,2.0
DE,8.0,8.0,6.0,6.0,8.0,8.0,7.0,7.0,6.0,Medium social trust,3.25,High efficacy,Voted,2.0,2.0,Left (0-3),31.0,39.0,1.0
DE,4.0,5.0,4.0,4.0,3.0,8.0,3.0,5.0,0.6666666666666666,Low social trust,2.5,Medium efficacy,Voted,1.0,5.0,Center (4-6),13.0,52.0,1.0
DE,5.0,5.0,0.0,0.0,3.0,3.0,0.0,2.0,4.333333333333333,Low social trust,1.0,Low efficacy,Voted,2.0,4.0,Center (4-6),12.0,58.0,1.0
DE,0.0,5.0,1.0,1.0,6.0,9.0,1.0,2.0,3.3333333333333335,Low social trust,1.25,Low efficacy,Voted,1.0,0.0,Left (0-3),12.0,56.0,2.0
DE,2.0,3.0,2.0,1.0,2.0,6.0,2.0,3.0,4.333333333333333,Low social trust,1.5,Low efficacy,Voted,2.0,5.0,Center (4-6),13.0,36.0,2.0
DE,4.0,7.0,5.0,6.0,7.0,7.0,5.0,4.0,5.666666666666667,Medium social trust,2.5,Medium efficacy,Did not vote,2.0,4.0,Center (4-6),12.0,27.0,2.0
DE,6.0,5.0,5.0,5.0,4.0,7.0,5.0,7.0,3.6666666666666665,Low social trust,2.75,Medium efficacy,Voted,3.0,3.0,Left (0-3),15.0,45.0,2.0
DE,4.0,7.0,5.0,5.0,7.0,9.0,4.0,3.0,5.666666666666667,Medium social trust,4.25,High efficacy,Voted,1.0,9.0,Right (7-10),16.0,67.0,1.0
DE,3.0,0.0,0.0,0.0,10.0,10.0,2.0,2.0,3.0,Low social trust,2.75,Medium efficacy,Voted,2.0,10.0,Right (7-10),9.0,69.0,2.0
DE,9.0,9.0,6.0,6.0,9.0,10.0,6.0,6.0,4.0,Low social trust,3.75,High efficacy,Voted,1.0,5.0,Center (4-6),20.0,59.0,2.0
DE,5.0,3.0,5.0,5.0,4.0,3.0,5.0,6.0,7.0,High social trust,1.75,Low efficacy,Did not vote,3.0,3.0,Left (0-3),18.0,53.0,1.0
DE,7.0,5.0,5.0,5.0,5.0,5.0,5.0,5.0,5.333333333333333,Medium social trust,2.25,Low efficacy,Voted,1.0,3.0,Left (0-3),18.0,34.0,1.0
DE,6.0,4.0,2.0,2.0,10.0,10.0,3.0,3.0,7.333333333333333,High social trust,1.5,Low efficacy,Voted,1.0,7.0,Right (7-10),19.0,67.0,2.0
DE,8.0,4.0,4.0,4.0,7.0,7.0,2.0,1.0,1.6666666666666667,Low social trust,2.5,Medium efficacy,Voted,1.0,5.0,Center (4-6),12.0,58.0,1.0
DE,7.0,4.0,5.0,3.0,8.0,8.0,4.0,3.0,7.0,High social trust,2.75,Medium efficacy,Voted,1.0,5.0,Center (4-6),11.0,86.0,1.0
DE,0.0,1.0,0.0,0.0,1.0,1.0,5.0,5.0,1.0,Low social trust,1.25,Low efficacy,Voted,2.0,5.0,Center (4-6),13.0,40.0,2.0
DE,0.0,0.0,0.0,3.0,2.0,3.0,0.0,0.0,2.6666666666666665,Low social trust,1.0,Low efficacy,Voted,1.0,10.0,Right (7-10),13.0,60.0,2.0
DE,7.0,7.0,3.0,4.0,6.0,8.0,6.0,7.0,8.0,High social trust,3.0,High efficacy,Voted,2.0,2.0,Left (0-3),17.0,39.0,2.0
DE,7.0,3.0,3.0,3.0,7.0,7.0,2.0,4.0,6.333333333333333,Medium social trust,3.5,High efficacy,Voted,2.0,4.0,Center (4-6),11.0,67.0,1.0
DE,3.0,4.0,0.0,0.0,6.0,6.0,0.0,1.0,4.0,Low social trust,1.5,Low efficacy,Voted,2.0,5.0,Center (4-6),11.0,68.0,1.0
DE,7.0,5.0,2.0,3.0,8.0,8.0,2.0,7.0,4.666666666666667,Low social trust,2.75,Medium efficacy,Voted,1.0,2.0,Left (0-3),11.0,79.0,1.0
DE,6.0,5.0,4.0,4.0,7.0,9.0,6.0,6.0,4.666666666666667,Low social trust,2.25,Low efficacy,Did not vote,3.0,2.0,Left (0-3),12.0,20.0,1.0
DE,7.0,10.0,8.0,8.0,7.0,9.0,7.0,9.0,8.333333333333334,High social trust,3.25,High efficacy,Voted,2.0,5.0,Center (4-6),12.0,74.0,2.0
DE,8.0,1.0,1.0,1.0,8.0,6.0,5.0,7.0,7.0,High social trust,1.5,Low efficacy,Voted,1.0,5.0,Center (4-6),12.0,50.0,1.0
DE,8.0,5.0,4.0,3.0,7.0,8.0,2.0,3.0,3.6666666666666665,Low social trust,1.75,Low efficacy,Voted,2.0,7.0,Right (7-10),12.0,37.0,2.0
DE,5.0,0.0,0.0,3.0,10.0,10.0,0.0,9.0,3.3333333333333335,Low social trust,2.75,Medium efficacy,Voted,1.0,3.0,Left (0-3),13.0,23.0,1.0
DE,6.0,8.0,6.0,5.0,9.0,5.0,8.0,8.0,5.333333333333333,Medium social trust,2.5,Medium efficacy,Voted,1.0,3.0,Left (0-3),13.0,32.0,1.0
DE,0.0,0.0,0.0,0.0,0.0,10.0,4.0,4.0,0.0,Low social trust,2.75,Medium efficacy,Voted,3.0,5.0,Center (4-6),11.0,64.0,1.0
DE,6.0,5.0,4.0,4.0,8.0,10.0,6.0,7.0,4.333333333333333,Low social trust,2.0,Low efficacy,Voted,1.0,2.0,Left (0-3),13.0,46.0,2.0
DE,5.0,5.0,7.0,5.0,8.0,5.0,5.0,7.0,8.333333333333334,High social trust,2.75,Medium efficacy,Voted,2.0,3.0,Left (0-3),14.0,29.0,1.0
DE,1.0,2.0,2.0,2.0,4.0,4.0,3.0,3.0,5.666666666666667,Medium social trust,2.0,Low efficacy,Voted,1.0,5.0,Center (4-6),16.0,64.0,2.0
DE,3.0,3.0,0.0,0.0,4.0,4.0,2.0,0.0,4.0,Low social trust,1.5,Low efficacy,Voted,2.0,5.0,Center (4-6),14.0,35.0,2.0
DE,6.0,6.0,5.0,5.0,5.0,7.0,3.0,6.0,4.666666666666667,Low social trust,2.75,Medium efficacy,Voted,2.0,6.0,Center (4-6),16.0,66.0,1.0
DE,8.0,6.0,4.0,5.0,6.0,5.0,4.0,5.0,7.333333333333333,High social trust,3.0,High efficacy,Voted,1.0,2.0,Left (0-3),17.0,69.0,2.0
DE,0.0,0.0,0.0,0.0,0.0,1.0,0.0,0.0,2.6666666666666665,Low social trust,1.0,Low efficacy,Did not vote,2.0,5.0,Center (4-6),14.0,52.0,2.0
DE,8.0,7.0,6.0,6.0,7.0,8.0,6.0,7.0,8.333333333333334,High social trust,2.5,Medium efficacy,Voted,1.0,4.0,Center (4-6),12.0,70.0,2.0
DE,8.0,7.0,6.0,6.0,8.0,7.0,6.0,7.0,7.666666666666667,High social trust,2.5,Medium efficacy,Voted,1.0,3.0,Left (0-3),16.0,65.0,2.0
DE,8.0,7.0,4.0,3.0,8.0,6.0,6.0,6.0,3.6666666666666665,Low social trust,2.0,Low efficacy,Voted,2.0,5.0,Center (4-6),14.0,58.0,2.0
DE,5.0,8.0,4.0,5.0,9.0,5.0,6.0,7.0,6.333333333333333,Medium social trust,2.5,Medium efficacy,Voted,1.0,6.0,Center (4-6),18.0,27.0,1.0
DE,4.0,8.0,7.0,6.0,7.0,8.0,6.0,5.0,5.0,Low social trust,3.75,High efficacy,Voted,1.0,5.0,Center (4-6),18.0,66.0,1.0
DE,6.0,7.0,7.0,7.0,8.0,6.0,8.0,8.0,7.333333333333333,High social trust,4.0,High efficacy,Voted,2.0,2.0,Left (0-3),17.0,30.0,1.0
DE,8.0,8.0,6.0,6.0,8.0,8.0,7.0,6.0,6.666666666666667,High social trust,2.0,Low efficacy,Voted,1.0,5.0,Center (4-6),12.0,69.0,2.0
DE,2.0,0.0,0.0,0.0,4.0,4.0,0.0,3.0,3.6666666666666665,Low social trust,2.25,Low efficacy,Did not vote,2.0,5.0,Center (4-6),13.0,25.0,1.0
DE,8.0,5.0,5.0,5.0,8.0,8.0,5.0,8.0,5.0,Low social trust,2.25,Low efficacy,Voted,1.0,5.0,Center (4-6),20.0,31.0,1.0
DE,4.0,6.0,5.0,5.0,8.0,7.0,4.0,5.0,6.333333333333333,Medium social trust,3.5,High efficacy,Voted,1.0,6.0,Center (4-6),18.0,68.0,1.0
DE,8.0,8.0,7.0,7.0,7.0,8.0,7.0,8.0,6.666666666666667,High social trust,3.25,High efficacy,Voted,1.0,4.0,Center (4-6),15.0,41.0,2.0
DE,7.0,1.0,1.0,1.0,3.0,3.0,2.0,3.0,2.6666666666666665,Low social trust,2.5,Medium efficacy,Voted,1.0,5.0,Center (4-6),16.0,26.0,2.0
DE,9.0,8.0,8.0,8.0,8.0,8.0,8.0,8.0,7.333333333333333,High social trust,2.25,Low efficacy,Voted,2.0,5.0,Center (4-6),10.0,70.0,2.0
DE,8.0,8.0,8.0,7.0,9.0,9.0,8.0,9.0,8.333333333333334,High social trust,3.25,High efficacy,Voted,1.0,4.0,Center (4-6),18.0,83.0,1.0
DE,5.0,5.0,4.0,4.0,7.0,7.0,3.0,4.0,7.666666666666667,High social trust,2.5,Medium efficacy,Voted,2.0,6.0,Center (4-6),19.0,42.0,1.0
DE,8.0,4.0,4.0,3.0,5.0,8.0,6.0,6.0,3.6666666666666665,Low social trust,2.75,Medium efficacy,Voted,3.0,6.0,Center (4-6),11.0,21.0,2.0
DE,7.0,8.0,7.0,6.0,9.0,9.0,7.0,9.0,5.333333333333333,Medium social trust,2.75,Medium efficacy,Voted,1.0,5.0,Center (4-6),23.0,51.0,2.0
DE,1.0,0.0,0.0,1.0,1.0,3.0,2.0,2.0,5.666666666666667,Medium social trust,2.25,Low efficacy,Voted,1.0,5.0,Center (4-6),15.0,67.0,2.0
DE,7.0,6.0,6.0,6.0,5.0,6.0,5.0,5.0,6.333333333333333,Medium social trust,3.0,High efficacy,Voted,1.0,5.0,Center (4-6),12.0,67.0,1.0
DE,8.0,2.0,0.0,2.0,6.0,5.0,4.0,4.0,3.6666666666666665,Low social trust,3.5,High efficacy,Voted,1.0,5.0,Center (4-6),20.0,26.0,1.0
DE,9.0,9.0,9.0,7.0,8.0,9.0,10.0,8.0,5.666666666666667,Medium social trust,3.5,High efficacy,Voted,1.0,5.0,Center (4-6),14.0,20.0,1.0
DE,6.0,8.0,8.0,6.0,8.0,9.0,6.0,6.0,7.0,High social trust,3.0,High efficacy,Did not vote,2.0,5.0,Center (4-6),19.0,33.0,2.0
DE,5.0,7.0,3.0,4.0,10.0,8.0,3.0,5.0,5.0,Low social trust,4.25,High efficacy,Voted,1.0,5.0,Center (4-6),20.0,71.0,1.0
DE,8.0,4.0,3.0,3.0,8.0,8.0,4.0,4.0,5.0,Low social trust,3.0,High efficacy,Voted,1.0,4.0,Center (4-6),17.0,54.0,2.0
DE,8.0,2.0,0.0,1.0,8.0,7.0,2.0,2.0,5.666666666666667,Medium social trust,1.5,Low efficacy,Voted,2.0,7.0,Right (7-10),11.0,90.0,1.0
DE,8.0,8.0,7.0,6.0,7.0,7.0,6.0,8.0,5.0,Low social trust,3.0,High efficacy,Voted,1.0,3.0,Left (0-3),18.0,60.0,2.0
DE,2.0,4.0,3.0,3.0,6.0,6.0,0.0,0.0,7.0,High social trust,1.5,Low efficacy,Voted,1.0,4.0,Center (4-6),8.0,68.0,1.0
DE,8.0,7.0,5.0,4.0,8.0,9.0,4.0,5.0,7.333333333333333,High social trust,3.25,High efficacy,Voted,1.0,5.0,Center (4-6),17.0,27.0,2.0
DE,4.0,1.0,1.0,1.0,7.0,7.0,2.0,3.0,3.6666666666666665,Low social trust,1.75,Low efficacy,Voted,1.0,5.0,Center (4-6),17.0,24.0,2.0
DE,6.0,5.0,5.0,5.0,7.0,6.0,5.0,5.0,6.333333333333333,Medium social trust,2.75,Medium efficacy,Voted,1.0,0.0,Left (0-3),18.0,29.0,2.0
DE,6.0,6.0,4.0,5.0,4.0,7.0,6.0,6.0,6.0,Medium social trust,2.5,Medium efficacy,Voted,2.0,3.0,Left (0-3),18.0,26.0,2.0
DE,6.0,8.0,4.0,4.0,5.0,8.0,9.0,9.0,5.0,Low social trust,3.0,High efficacy,Voted,2.0,4.0,Center (4-6),20.0,29.0,2.0
DE,8.0,10.0,5.0,0.0,6.0,8.0,10.0,9.0,3.6666666666666665,Low social trust,2.5,Medium efficacy,Voted,1.0,4.0,Center (4-6),10.0,76.0,2.0
DE,0.0,0.0,0.0,0.0,0.0,0.0,0.0,0.0,0.0,Low social trust,1.0,Low efficacy,Voted,2.0,10.0,Right (7-10),13.0,57.0,2.0
DE,5.0,4.0,4.0,3.0,7.0,7.0,3.0,4.0,5.333333333333333,Medium social trust,3.0,High efficacy,Voted,1.0,5.0,Center (4-6),11.0,84.0,2.0
DE,4.0,4.0,2.0,3.0,4.0,8.0,0.0,1.0,4.666666666666667,Low social trust,2.5,Medium efficacy,Voted,1.0,7.0,Right (7-10),11.0,61.0,1.0
DE,5.0,2.0,2.0,2.0,4.0,9.0,2.0,2.0,5.0,Low social trust,2.0,Low efficacy,Did not vote,2.0,5.0,Center (4-6),13.0,45.0,2.0
DE,9.0,8.0,5.0,5.0,9.0,9.0,7.0,7.0,6.666666666666667,High social trust,2.75,Medium efficacy,Voted,1.0,2.0,Left (0-3),25.0,39.0,2.0
DE,8.0,7.0,2.0,4.0,8.0,8.0,7.0,7.0,5.333333333333333,Medium social trust,2.75,Medium efficacy,Voted,2.0,7.0,Right (7-10),16.0,60.0,2.0
DE,5.0,3.0,5.0,5.0,8.0,9.0,6.0,6.0,8.666666666666666,High social trust,2.25,Low efficacy,Voted,2.0,5.0,Center (4-6),12.0,73.0,1.0
DE,1.0,0.0,0.0,0.0,4.0,4.0,0.0,4.0,1.0,Low social trust,2.25,Low efficacy,Voted,1.0,10.0,Right (7-10),13.0,71.0,1.0
DE,3.0,2.0,3.0,3.0,4.0,8.0,1.0,1.0,6.333333333333333,Medium social trust,2.0,Low efficacy,Voted,1.0,7.0,Right (7-10),13.0,80.0,2.0
DE,3.0,3.0,3.0,3.0,8.0,7.0,3.0,4.0,5.666666666666667,Medium social trust,3.5,High efficacy,Voted,1.0,2.0,Left (0-3),17.0,63.0,1.0
DE,3.0,1.0,1.0,1.0,6.0,8.0,0.0,0.0,4.333333333333333,Low social trust,1.75,Low efficacy,Voted,2.0,5.0,Center (4-6),13.0,39.0,1.0
DE,5.0,6.0,7.0,6.0,5.0,10.0,6.0,7.0,7.666666666666667,High social trust,2.5,Medium efficacy,Voted,1.0,6.0,Center (4-6),19.0,67.0,1.0
DE,9.0,7.0,6.0,8.0,7.0,9.0,8.0,6.0,5.333333333333333,Medium social trust,2.5,Medium efficacy,Did not vote,2.0,4.0,Center (4-6),10.0,24.0,1.0
DE,3.0,5.0,2.0,1.0,7.0,7.0,2.0,2.0,4.0,Low social trust,1.75,Low efficacy,Did not vote,2.0,4.0,Center (4-6),11.0,57.0,2.0
DE,0.0,0.0,0.0,3.0,3.0,3.0,3.0,3.0,4.333333333333333,Low social trust,2.0,Low efficacy,Voted,2.0,5.0,Center (4-6),18.0,56.0,1.0
DE,7.0,5.0,3.0,3.0,9.0,9.0,0.0,0.0,4.333333333333333,Low social trust,2.75,Medium efficacy,Voted,1.0,6.0,Center (4-6),13.0,53.0,2.0
DE,7.0,9.0,7.0,7.0,8.0,8.0,7.0,6.0,6.333333333333333,Medium social trust,3.0,High efficacy,Voted,1.0,3.0,Left (0-3),16.0,48.0,2.0
DE,7.0,5.0,3.0,3.0,6.0,7.0,3.0,5.0,7.0,High social trust,3.0,High efficacy,Voted,1.0,5.0,Center (4-6),16.0,65.0,2.0
DE,8.0,3.0,3.0,1.0,5.0,6.0,2.0,2.0,6.666666666666667,High social trust,2.0,Low efficacy,Voted,2.0,5.0,Center (4-6),13.0,76.0,2.0
DE,7.0,7.0,7.0,7.0,8.0,8.0,7.0,8.0,6.333333333333333,Medium social trust,2.5,Medium efficacy,Voted,1.0,1.0,Left (0-3),16.0,43.0,2.0
DE,2.0,0.0,0.0,3.0,2.0,5.0,5.0,7.0,4.333333333333333,Low social trust,2.5,Medium efficacy,Voted,2.0,5.0,Center (4-6),13.0,33.0,1.0
DE,7.0,2.0,2.0,6.0,4.0,4.0,8.0,8.0,6.333333333333333,Medium social trust,2.25,Low efficacy,Voted,1.0,5.0,Center (4-6),15.0,36.0,1.0
DE,5.0,10.0,8.0,8.0,9.0,9.0,8.0,9.0,7.333333333333333,High social trust,3.75,High efficacy,Voted,1.0,3.0,Left (0-3),20.0,56.0,2.0
DE,2.0,0.0,1.0,0.0,0.0,2.0,0.0,0.0,2.3333333333333335,Low social trust,1.0,Low efficacy,Did not vote,3.0,7.0,Right (7-10),9.0,47.0,2.0
DE,2.0,0.0,1.0,1.0,5.0,5.0,2.0,1.0,6.0,Medium social trust,1.25,Low efficacy,Voted,1.0,5.0,Center (4-6),15.0,71.0,2.0
DE,9.0,8.0,8.0,7.0,8.0,8.0,5.0,5.0,5.0,Low social trust,2.75,Medium efficacy,Voted,1.0,3.0,Left (0-3),12.0,69.0,1.0
DE,1.0,0.0,0.0,0.0,7.0,9.0,4.0,6.0,5.666666666666667,Medium social trust,1.25,Low efficacy,Voted,1.0,5.0,Center (4-6),11.0,68.0,2.0
DE,5.0,8.0,5.0,5.0,9.0,9.0,5.0,5.0,7.333333333333333,High social trust,2.25,Low efficacy,Voted,2.0,5.0,Center (4-6),14.0,62.0,1.0
DE,4.0,2.0,3.0,3.0,6.0,9.0,6.0,8.0,7.333333333333333,High social trust,2.75,Medium efficacy,Voted,1.0,3.0,Left (0-3),12.0,71.0,2.0
DE,4.0,2.0,1.0,2.0,7.0,8.0,2.0,4.0,7.333333333333333,High social trust,3.0,High efficacy,Voted,1.0,4.0,Center (4-6),13.0,61.0,2.0
DE,3.0,2.0,3.0,3.0,4.0,7.0,6.0,6.0,6.333333333333333,Medium social trust,1.0,Low efficacy,Voted,1.0,3.0,Left (0-3),13.0,70.0,2.0
DE,7.0,7.0,6.0,7.0,7.0,8.0,8.0,8.0,5.666666666666667,Medium social trust,3.0,High efficacy,Voted,1.0,4.0,Center (4-6),17.0,32.0,2.0
DE,9.0,2.0,8.0,8.0,10.0,10.0,9.0,9.0,3.6666666666666665,Low social trust,2.5,Medium efficacy,Voted,2.0,5.0,Center (4-6),12.0,69.0,1.0
DE,0.0,0.0,0.0,0.0,2.0,5.0,0.0,0.0,8.333333333333334,High social trust,2.5,Medium efficacy,Voted,2.0,5.0,Center (4-6),13.0,63.0,1.0
DE,7.0,10.0,7.0,4.0,10.0,6.0,8.0,8.0,7.666666666666667,High social trust,4.25,High efficacy,Voted,1.0,2.0,Left (0-3),20.0,43.0,2.0
DE,4.0,6.0,5.0,5.0,7.0,8.0,6.0,6.0,4.666666666666667,Low social trust,1.5,Low efficacy,Voted,1.0,5.0,Center (4-6),13.0,27.0,2.0
DE,10.0,4.0,8.0,6.0,6.0,10.0,5.0,6.0,9.0,High social trust,1.5,Low efficacy,Voted,1.0,4.0,Center (4-6),13.0,77.0,2.0
DE,8.0,7.0,6.0,5.0,8.0,8.0,7.0,7.0,4.333333333333333,Low social trust,1.75,Low efficacy,Voted,2.0,9.0,Right (7-10),13.0,72.0,2.0
DE,6.0,6.0,4.0,5.0,8.0,8.0,7.0,6.0,5.666666666666667,Medium social trust,2.0,Low efficacy,Voted,1.0,4.0,Center (4-6),12.0,67.0,2.0
DE,7.0,6.0,5.0,5.0,7.0,7.0,4.0,4.0,5.666666666666667,Medium social trust,4.0,High efficacy,Voted,1.0,5.0,Center (4-6),13.0,52.0,2.0
DE,2.0,4.0,2.0,2.0,3.0,3.0,1.0,1.0,7.333333333333333,High social trust,2.25,Low efficacy,Voted,2.0,4.0,Center (4-6),13.0,43.0,2.0
DE,1.0,1.0,1.0,1.0,6.0,6.0,0.0,2.0,4.666666666666667,Low social trust,1.75,Low efficacy,Voted,2.0,5.0,Center (4-6),14.0,52.0,1.0
DE,3.0,3.0,1.0,1.0,2.0,6.0,3.0,6.0,5.666666666666667,Medium social trust,2.5,Medium efficacy,Voted,1.0,5.0,Center (4-6),26.0,49.0,1.0
DE,8.0,5.0,5.0,5.0,7.0,8.0,5.0,5.0,4.333333333333333,Low social trust,2.5,Medium efficacy,Voted,2.0,6.0,Center (4-6),13.0,59.0,1.0
DE,4.0,5.0,4.0,4.0,5.0,5.0,3.0,5.0,6.333333333333333,Medium social trust,1.75,Low efficacy,Voted,1.0,4.0,Center (4-6),12.0,61.0,2.0
DE,7.0,5.0,4.0,3.0,7.0,8.0,3.0,4.0,8.0,High social trust,2.25,Low efficacy,Voted,1.0,4.0,Center (4-6),14.0,51.0,1.0
DE,10.0,9.0,8.0,8.0,9.0,9.0,7.0,8.0,6.333333333333333,Medium social trust,3.75,High efficacy,Voted,1.0,7.0,Right (7-10),16.0,62.0,1.0
DE,8.0,2.0,2.0,2.0,7.0,9.0,6.0,6.0,4.0,Low social trust,2.25,Low efficacy,Did not vote,1.0,3.0,Left (0-3),17.0,22.0,2.0
DE,5.0,5.0,3.0,3.0,5.0,8.0,4.0,3.0,5.666666666666667,Medium social trust,2.5,Medium efficacy,Voted,1.0,5.0,Center (4-6),14.0,72.0,1.0
DE,5.0,2.0,0.0,0.0,5.0,10.0,3.0,2.0,4.0,Low social trust,1.5,Low efficacy,Voted,2.0,6.0,Center (4-6),12.0,71.0,2.0
DE,4.0,2.0,1.0,2.0,5.0,5.0,2.0,3.0,6.0,Medium social trust,1.5,Low efficacy,Voted,2.0,5.0,Center (4-6),9.0,64.0,1.0
DE,8.0,7.0,6.0,7.0,8.0,6.0,9.0,4.0,7.0,High social trust,2.5,Medium efficacy,Voted,2.0,1.0,Left (0-3),17.0,27.0,2.0
DE,8.0,6.0,6.0,5.0,6.0,7.0,7.0,7.0,4.0,Low social trust,3.0,High efficacy,Voted,2.0,6.0,Center (4-6),17.0,39.0,1.0
DE,7.0,3.0,5.0,5.0,7.0,10.0,3.0,3.0,5.666666666666667,Medium social trust,3.5,High efficacy,Voted,1.0,6.0,Center (4-6),18.0,67.0,1.0
DE,5.0,1.0,0.0,0.0,5.0,7.0,3.0,3.0,3.3333333333333335,Low social trust,1.5,Low efficacy,Voted,1.0,7.0,Right (7-10),13.0,35.0,2.0
DE,6.0,6.0,4.0,4.0,6.0,7.0,6.0,6.0,4.666666666666667,Low social trust,2.5,Medium efficacy,Did not vote,1.0,5.0,Center (4-6),17.0,24.0,2.0
DE,7.0,5.0,4.0,4.0,6.0,7.0,5.0,5.0,6.0,Medium social trust,3.0,High efficacy,Voted,1.0,5.0,Center (4-6),13.0,56.0,2.0
DE,1.0,3.0,2.0,2.0,3.0,4.0,0.0,0.0,5.0,Low social trust,3.0,High efficacy,Voted,1.0,7.0,Right (7-10),14.0,56.0,2.0
DE,4.0,6.0,5.0,5.0,2.0,4.0,4.0,4.0,6.0,Medium social trust,2.25,Low efficacy,Voted,2.0,6.0,Center (4-6),14.0,63.0,2.0
DE,8.0,7.0,8.0,6.0,5.0,8.0,6.0,8.0,8.333333333333334,High social trust,1.5,Low efficacy,Voted,1.0,5.0,Center (4-6),12.0,82.0,2.0
DE,3.0,1.0,1.0,1.0,8.0,8.0,2.0,5.0,5.333333333333333,Medium social trust,1.75,Low efficacy,Voted,3.0,7.0,Right (7-10),12.0,61.0,1.0
DE,8.0,7.0,5.0,6.0,4.0,5.0,7.0,4.0,5.666666666666667,Medium social trust,2.75,Medium efficacy,Voted,1.0,7.0,Right (7-10),16.0,41.0,1.0
DE,7.0,3.0,0.0,0.0,5.0,6.0,1.0,5.0,2.6666666666666665,Low social trust,3.0,High efficacy,Did not vote,2.0,5.0,Center (4-6),15.0,31.0,1.0
DE,5.0,6.0,2.0,3.0,4.0,7.0,6.0,6.0,5.666666666666667,Medium social trust,2.75,Medium efficacy,Did not vote,2.0,3.0,Left (0-3),16.0,23.0,2.0
DE,7.0,6.0,2.0,6.0,6.0,8.0,6.0,6.0,5.666666666666667,Medium social trust,2.25,Low efficacy,Voted,2.0,4.0,Center (4-6),13.0,41.0,2.0
DE,7.0,7.0,6.0,5.0,9.0,7.0,6.0,7.0,8.0,High social trust,2.5,Medium efficacy,Voted,1.0,3.0,Left (0-3),16.0,66.0,1.0
DE,6.0,7.0,5.0,5.0,8.0,7.0,5.0,5.0,5.0,Low social trust,3.0,High efficacy,Voted,1.0,3.0,Left (0-3),13.0,58.0,2.0
DE,4.0,8.0,0.0,2.0,4.0,5.0,1.0,3.0,4.666666666666667,Low social trust,1.75,Low efficacy,Voted,2.0,6.0,Center (4-6),10.0,83.0,2.0
DE,6.0,6.0,4.0,5.0,5.0,6.0,4.0,6.0,6.333333333333333,Medium social trust,2.5,Medium efficacy,Voted,4.0,6.0,Center (4-6),13.0,63.0,2.0
DE,8.0,8.0,7.0,7.0,6.0,8.0,6.0,7.0,6.333333333333333,Medium social trust,3.75,High efficacy,Voted,1.0,5.0,Center (4-6),14.0,59.0,2.0
DE,7.0,4.0,1.0,0.0,6.0,3.0,3.0,5.0,4.333333333333333,Low social trust,3.0,High efficacy,Voted,1.0,3.0,Left (0-3),20.0,32.0,1.0
DE,6.0,3.0,2.0,3.0,8.0,8.0,2.0,4.0,6.333333333333333,Medium social trust,2.5,Medium efficacy,Voted,2.0,6.0,Center (4-6),12.0,44.0,1.0
DE,2.0,3.0,5.0,5.0,2.0,3.0,5.0,4.0,2.0,Low social trust,1.75,Low efficacy,Voted,1.0,4.0,Center (4-6),12.0,69.0,1.0
DE,3.0,0.0,0.0,0.0,3.0,10.0,0.0,0.0,8.0,High social trust,1.75,Low efficacy,Did not vote,1.0,5.0,Center (4-6),15.0,70.0,2.0
DE,7.0,5.0,3.0,5.0,6.0,7.0,4.0,6.0,4.333333333333333,Low social trust,2.5,Medium efficacy,Voted,1.0,6.0,Center (4-6),17.0,82.0,1.0
DE,1.0,2.0,1.0,0.0,8.0,10.0,1.0,1.0,3.0,Low social trust,3.0,High efficacy,Voted,2.0,5.0,Center (4-6),14.0,54.0,1.0
DE,0.0,2.0,1.0,1.0,2.0,4.0,0.0,0.0,3.0,Low social trust,1.6666666666666667,Low efficacy,Voted,2.0,6.0,Center (4-6),12.0,50.0,2.0
DE,6.0,3.0,4.0,3.0,5.0,7.0,3.0,3.0,8.0,High social trust,1.5,Low efficacy,Voted,2.0,5.0,Center (4-6),13.0,39.0,2.0
DE,9.0,9.0,5.0,5.0,10.0,9.0,7.0,7.0,6.666666666666667,High social trust,4.25,High efficacy,Voted,2.0,5.0,Center (4-6),14.0,63.0,1.0
DE,8.0,6.0,3.0,4.0,8.0,8.0,4.0,7.0,6.666666666666667,High social trust,3.5,High efficacy,Voted,1.0,3.0,Left (0-3),26.0,36.0,1.0
DE,3.0,5.0,5.0,5.0,5.0,5.0,5.0,5.0,6.333333333333333,Medium social trust,2.0,Low efficacy,Voted,1.0,6.0,Center (4-6),13.0,87.0,1.0
DE,3.0,3.0,2.0,2.0,7.0,9.0,2.0,3.0,5.333333333333333,Medium social trust,2.5,Medium efficacy,Voted,3.0,8.0,Right (7-10),14.0,64.0,1.0
DE,4.0,3.0,2.0,2.0,3.0,4.0,1.0,2.0,4.666666666666667,Low social trust,2.25,Low efficacy,Voted,1.0,5.0,Center (4-6),9.0,55.0,1.0
DE,6.0,6.0,3.0,3.0,6.0,3.0,4.0,6.0,6.333333333333333,Medium social trust,2.5,Medium efficacy,Voted,2.0,2.0,Left (0-3),14.0,35.0,1.0
DE,8.0,7.0,5.0,5.0,9.0,9.0,3.0,7.0,7.666666666666667,High social trust,3.0,High efficacy,Voted,1.0,5.0,Center (4-6),20.0,54.0,1.0
DE,3.0,6.0,6.0,5.0,6.0,6.0,7.0,7.0,6.333333333333333,Medium social trust,2.75,Medium efficacy,Voted,1.0,4.0,Center (4-6),16.0,60.0,2.0
DE,7.0,7.0,6.0,5.0,9.0,9.0,7.0,4.0,7.0,High social trust,3.0,High efficacy,Voted,1.0,5.0,Center (4-6),19.0,43.0,1.0
DE,3.0,0.0,3.0,0.0,10.0,6.0,1.0,1.0,0.3333333333333333,Low social trust,1.5,Low efficacy,Voted,2.0,3.0,Left (0-3),12.0,66.0,2.0
DE,3.0,4.0,3.0,3.0,7.0,7.0,4.0,4.0,3.6666666666666665,Low social trust,2.75,Medium efficacy,Voted,1.0,4.0,Center (4-6),15.0,71.0,2.0
DE,7.0,7.0,6.0,6.0,8.0,8.0,5.0,6.0,4.666666666666667,Low social trust,3.0,High efficacy,Voted,1.0,1.0,Left (0-3),14.0,54.0,1.0
DE,3.0,6.0,6.0,5.0,7.0,6.0,4.0,3.0,5.333333333333333,Medium social trust,2.5,Medium efficacy,Voted,2.0,5.0,Center (4-6),17.0,76.0,1.0
DE,0.0,0.0,0.0,3.0,4.0,7.0,5.0,6.0,2.6666666666666665,Low social trust,2.0,Low efficacy,Voted,1.0,7.0,Right (7-10),12.0,22.0,2.0
DE,5.0,2.0,2.0,1.0,8.0,8.0,2.0,4.0,7.333333333333333,High social trust,2.0,Low efficacy,Voted,2.0,5.0,Center (4-6),13.0,39.0,1.0
DE,7.0,3.0,3.0,3.0,7.0,8.0,5.0,6.0,7.0,High social trust,2.0,Low efficacy,Voted,2.0,8.0,Right (7-10),20.0,29.0,2.0
DE,3.0,5.0,5.0,5.0,7.0,9.0,5.0,5.0,4.333333333333333,Low social trust,1.75,Low efficacy,Voted,2.0,5.0,Center (4-6),13.0,23.0,2.0
DE,1.0,2.0,0.0,1.0,3.0,6.0,1.0,1.0,4.333333333333333,Low social trust,2.75,Medium efficacy,Voted,1.0,6.0,Center (4-6),15.0,37.0,2.0
DE,4.0,8.0,8.0,7.0,5.0,2.0,9.0,9.0,5.0,Low social trust,3.5,High efficacy,Voted,1.0,0.0,Left (0-3),15.0,27.0,2.0
DE,0.0,2.0,0.0,0.0,2.0,4.0,1.0,0.0,6.333333333333333,Medium social trust,1.75,Low efficacy,Voted,1.0,8.0,Right (7-10),14.0,48.0,1.0
DE,4.0,2.0,0.0,5.0,4.0,1.0,3.0,4.0,3.6666666666666665,Low social trust,2.75,Medium efficacy,Voted,1.0,2.0,Left (0-3),15.0,25.0,2.0
DE,3.0,4.0,5.0,3.0,3.0,5.0,3.0,3.0,5.0,Low social trust,2.0,Low efficacy,Voted,1.0,3.0,Left (0-3),14.0,63.0,2.0
DE,0.0,3.0,3.0,3.0,6.0,3.0,3.0,3.0,1.6666666666666667,Low social trust,2.0,Low efficacy,Voted,1.0,5.0,Center (4-6),13.0,68.0,1.0
DE,9.0,7.0,4.0,4.0,9.0,10.0,7.0,3.0,5.333333333333333,Medium social trust,2.25,Low efficacy,Voted,2.0,5.0,Center (4-6),15.0,49.0,1.0
DE,9.0,9.0,8.0,7.0,5.0,10.0,9.0,9.0,7.666666666666667,High social trust,1.75,Low efficacy,Voted,2.0,5.0,Center (4-6),11.0,88.0,1.0
DE,7.0,6.0,5.0,6.0,7.0,4.0,7.0,7.0,7.333333333333333,High social trust,3.5,High efficacy,Voted,1.0,3.0,Left (0-3),17.0,39.0,2.0
DE,8.0,4.0,7.0,5.0,4.0,7.0,5.0,4.0,6.0,Medium social trust,2.75,Medium efficacy,Voted,2.0,5.0,Center (4-6),14.0,56.0,2.0
DE,4.0,5.0,5.0,3.0,9.0,10.0,5.0,8.0,5.333333333333333,Medium social trust,2.25,Low efficacy,Voted,2.0,7.0,Right (7-10),14.0,52.0,1.0
DE,6.0,6.0,4.0,6.0,7.0,8.0,7.0,7.0,7.0,High social trust,3.5,High efficacy,Voted,1.0,7.0,Right (7-10),20.0,42.0,1.0
DE,7.0,7.0,7.0,8.0,8.0,9.0,7.0,7.0,5.666666666666667,Medium social trust,2.5,Medium efficacy,Did not vote,1.0,5.0,Center (4-6),15.0,30.0,2.0
DE,7.0,7.0,7.0,6.0,9.0,9.0,5.0,5.0,8.0,High social trust,2.5,Medium efficacy,Voted,1.0,7.0,Right (7-10),13.0,74.0,1.0
DE,4.0,7.0,5.0,5.0,7.0,6.0,5.0,5.0,3.3333333333333335,Low social trust,1.75,Low efficacy,Voted,1.0,5.0,Center (4-6),16.0,74.0,1.0
DE,3.0,0.0,0.0,3.0,5.0,9.0,2.0,4.0,6.666666666666667,High social trust,1.75,Low efficacy,Voted,1.0,6.0,Center (4-6),12.0,57.0,2.0
DE,0.0,0.0,0.0,0.0,0.0,0.0,0.0,0.0,4.666666666666667,Low social trust,1.75,Low efficacy,Did not vote,1.0,9.0,Right (7-10),16.0,25.0,1.0
DE,5.0,6.0,7.0,5.0,6.0,8.0,6.0,6.0,7.333333333333333,High social trust,2.25,Low efficacy,Voted,1.0,5.0,Center (4-6),13.0,56.0,2.0
DE,8.0,9.0,7.0,7.0,10.0,10.0,9.0,9.0,8.333333333333334,High social trust,3.0,High efficacy,Voted,1.0,5.0,Center (4-6),25.0,71.0,2.0
DE,7.0,7.0,6.0,6.0,8.0,5.0,6.0,5.0,7.333333333333333,High social trust,3.25,High efficacy,Voted,1.0,3.0,Left (0-3),16.0,22.0,1.0
DE,7.0,4.0,3.0,5.0,7.0,8.0,3.0,3.0,7.0,High social trust,2.5,Medium efficacy,Did not vote,1.0,5.0,Center (4-6),16.0,73.0,2.0
DE,7.0,7.0,5.0,5.0,8.0,6.0,6.0,6.0,6.0,Medium social trust,3.25,High efficacy,Voted,2.0,3.0,Left (0-3),11.0,22.0,1.0
DE,8.0,6.0,6.0,7.0,8.0,9.0,7.0,8.0,6.0,Medium social trust,3.25,High efficacy,Voted,2.0,5.0,Center (4-6),15.0,23.0,1.0
DE,0.0,1.0,0.0,2.0,3.0,3.0,2.0,2.0,4.333333333333333,Low social trust,2.0,Low efficacy,Voted,2.0,5.0,Center (4-6),16.0,39.0,2.0
DE,0.0,0.0,0.0,0.0,0.0,5.0,0.0,0.0,6.666666666666667,High social trust,2.75,Medium efficacy,Voted,1.0,5.0,Center (4-6),13.0,68.0,2.0
DE,9.0,7.0,6.0,6.0,9.0,9.0,8.0,9.0,6.666666666666667,High social trust,2.5,Medium efficacy,Voted,1.0,5.0,Center (4-6),15.0,62.0,2.0
DE,5.0,0.0,0.0,0.0,3.0,4.0,0.0,3.0,2.3333333333333335,Low social trust,1.5,Low efficacy,Voted,2.0,4.0,Center (4-6),11.0,82.0,2.0
DE,7.0,7.0,6.0,7.0,9.0,9.0,6.0,8.0,7.666666666666667,High social trust,3.0,High efficacy,Voted,3.0,5.0,Center (4-6),15.0,62.0,1.0
DE,3.0,3.0,3.0,4.0,3.0,3.0,4.0,3.0,4.333333333333333,Low social trust,1.5,Low efficacy,Voted,2.0,6.0,Center (4-6),9.0,49.0,2.0
DE,10.0,10.0,9.0,8.0,10.0,10.0,9.0,10.0,8.333333333333334,High social trust,4.0,High efficacy,Voted,1.0,3.0,Left (0-3),18.0,51.0,1.0
DE,7.0,9.0,7.0,7.0,9.0,8.0,8.0,9.0,6.666666666666667,High social trust,3.25,High efficacy,Voted,1.0,2.0,Left (0-3),10.0,23.0,2.0
DE,5.0,1.0,1.0,1.0,1.0,8.0,3.0,3.0,5.333333333333333,Medium social trust,1.25,Low efficacy,Voted,3.0,3.0,Left (0-3),11.0,78.0,2.0
DE,4.0,5.0,6.0,5.0,6.0,6.0,5.0,6.0,6.333333333333333,Medium social trust,2.5,Medium efficacy,Voted,2.0,0.0,Left (0-3),16.0,43.0,2.0
DE,6.0,5.0,9.0,9.0,9.0,9.0,8.0,8.0,6.0,Medium social trust,2.0,Low efficacy,Voted,2.0,2.0,Left (0-3),11.0,80.0,2.0
DE,5.0,8.0,7.0,8.0,9.0,9.0,6.0,4.0,4.666666666666667,Low social trust,3.5,High efficacy,Voted,1.0,6.0,Center (4-6),19.0,32.0,1.0
DE,3.0,3.0,2.0,2.0,1.0,0.0,4.0,0.0,5.0,Low social trust,2.75,Medium efficacy,Voted,1.0,3.0,Left (0-3),15.0,26.0,2.0
DE,1.0,2.0,1.0,2.0,7.0,9.0,0.0,2.0,4.0,Low social trust,2.75,Medium efficacy,Voted,2.0,6.0,Center (4-6),15.0,49.0,2.0
DE,6.0,8.0,7.0,6.0,8.0,8.0,7.0,7.0,7.333333333333333,High social trust,2.25,Low efficacy,Voted,1.0,5.0,Center (4-6),15.0,63.0,2.0
DE,5.0,0.0,0.0,0.0,5.0,9.0,3.0,5.0,3.6666666666666665,Low social trust,1.25,Low efficacy,Voted,2.0,5.0,Center (4-6),11.0,79.0,2.0
DE,8.0,8.0,8.0,7.0,8.0,7.0,7.0,8.0,7.333333333333333,High social trust,3.5,High efficacy,Voted,1.0,6.0,Center (4-6),18.0,66.0,1.0
DE,7.0,6.0,5.0,6.0,8.0,8.0,7.0,8.0,7.666666666666667,High social trust,4.0,High efficacy,Voted,2.0,6.0,Center (4-6),17.0,24.0,1.0
DE,5.0,5.0,2.0,2.0,4.0,7.0,4.0,5.0,6.666666666666667,High social trust,2.5,Medium efficacy,Voted,1.0,6.0,Center (4-6),11.0,70.0,2.0
DE,6.0,5.0,5.0,5.0,1.0,0.0,7.0,6.0,4.333333333333333,Low social trust,2.5,Medium efficacy,Voted,3.0,6.0,Center (4-6),12.0,20.0,1.0
DE,7.0,6.0,4.0,4.0,8.0,5.0,6.0,7.0,5.333333333333333,Medium social trust,2.75,Medium efficacy,Voted,1.0,3.0,Left (0-3),15.0,56.0,1.0
DE,7.0,9.0,6.0,6.0,9.0,2.0,7.0,4.0,8.0,High social trust,3.25,High efficacy,Voted,2.0,2.0,Left (0-3),15.0,60.0,1.0
DE,7.0,8.0,5.0,5.0,7.0,7.0,8.0,7.0,7.333333333333333,High social trust,3.5,High efficacy,Voted,2.0,3.0,Left (0-3),20.0,26.0,2.0
DE,6.0,3.0,5.0,3.0,5.0,8.0,3.0,3.0,7.666666666666667,High social trust,3.0,High efficacy,Voted,1.0,4.0,Center (4-6),12.0,59.0,1.0
DE,8.0,6.0,6.0,6.0,5.0,9.0,6.0,7.0,4.0,Low social trust,3.25,High efficacy,Voted,2.0,5.0,Center (4-6),20.0,44.0,1.0
DE,4.0,4.0,2.0,2.0,2.0,5.0,0.0,4.0,5.666666666666667,Medium social trust,1.75,Low efficacy,Did not vote,2.0,5.0,Center (4-6),16.0,61.0,1.0
DE,9.0,8.0,6.0,7.0,8.0,5.0,8.0,8.0,7.0,High social trust,4.5,High efficacy,Voted,1.0,3.0,Left (0-3),20.0,27.0,1.0
DE,7.0,6.0,4.0,4.0,8.0,9.0,5.0,8.0,7.0,High social trust,2.25,Low efficacy,Voted,2.0,6.0,Center (4-6),20.0,39.0,1.0
DE,5.0,7.0,4.0,4.0,8.0,7.0,4.0,6.0,5.333333333333333,Medium social trust,2.0,Low efficacy,Voted,2.0,7.0,Right (7-10),21.0,34.0,1.0
DE,7.0,8.0,6.0,6.0,8.0,8.0,6.0,6.0,8.0,High social trust,2.5,Medium efficacy,Voted,1.0,7.0,Right (7-10),20.0,55.0,2.0
DE,7.0,8.0,8.0,8.0,7.0,8.0,7.0,8.0,7.666666666666667,High social trust,3.5,High efficacy,Voted,1.0,3.0,Left (0-3),18.0,54.0,1.0
DE,8.0,0.0,7.0,5.0,6.0,10.0,4.0,6.0,7.0,High social trust,2.5,Medium efficacy,Voted,2.0,5.0,Center (4-6),11.0,82.0,1.0
DE,5.0,5.0,5.0,4.0,6.0,5.0,4.0,4.0,6.333333333333333,Medium social trust,2.25,Low efficacy,Did not vote,3.0,4.0,Center (4-6),10.0,26.0,2.0
DE,6.0,8.0,5.0,5.0,9.0,7.0,4.0,5.0,6.666666666666667,High social trust,3.25,High efficacy,Voted,1.0,2.0,Left (0-3),23.0,61.0,2.0
DE,6.0,5.0,5.0,5.0,5.0,6.0,4.0,6.0,7.333333333333333,High social trust,3.0,High efficacy,Voted,1.0,5.0,Center (4-6),14.0,65.0,2.0
DE,9.0,9.0,7.0,8.0,9.0,9.0,8.0,8.0,7.333333333333333,High social trust,3.5,High efficacy,Voted,1.0,5.0,Center (4-6),21.0,43.0,1.0
DE,7.0,8.0,2.0,2.0,4.0,4.0,6.0,7.0,1.6666666666666667,Low social trust,1.5,Low efficacy,Voted,1.0,5.0,Center (4-6),18.0,43.0,1.0
DE,5.0,5.0,5.0,5.0,2.0,7.0,4.0,5.0,5.333333333333333,Medium social trust,3.25,High efficacy,Voted,1.0,5.0,Center (4-6),14.0,79.0,2.0
DE,8.0,8.0,5.0,4.0,8.0,10.0,3.0,3.0,3.3333333333333335,Low social trust,2.0,Low efficacy,Voted,1.0,4.0,Center (4-6),17.0,57.0,2.0
DE,6.0,8.0,7.0,7.0,9.0,10.0,6.0,6.0,9.333333333333334,High social trust,2.25,Low efficacy,Voted,2.0,5.0,Center (4-6),12.0,66.0,2.0
DE,4.0,8.0,5.0,4.0,8.0,9.0,4.0,6.0,7.0,High social trust,1.75,Low efficacy,Did not vote,1.0,4.0,Center (4-6),19.0,31.0,2.0
DE,2.0,0.0,0.0,3.0,7.0,7.0,2.0,1.0,5.333333333333333,Medium social trust,1.75,Low efficacy,Voted,2.0,6.0,Center (4-6),14.0,32.0,2.0
DE,3.0,5.0,5.0,3.0,0.0,5.0,5.0,5.0,5.0,Low social trust,1.75,Low efficacy,Voted,2.0,4.0,Center (4-6),14.0,66.0,2.0
DE,8.0,5.0,4.0,4.0,8.0,9.0,7.0,7.0,2.6666666666666665,Low social trust,2.25,Low efficacy,Voted,2.0,2.0,Left (0-3),21.0,44.0,2.0
DE,4.0,3.0,3.0,0.0,3.0,7.0,1.0,4.0,3.6666666666666665,Low social trust,2.0,Low efficacy,Voted,2.0,5.0,Center (4-6),12.0,73.0,1.0
DE,6.0,4.0,3.0,4.0,8.0,8.0,6.0,6.0,7.666666666666667,High social trust,2.0,Low efficacy,Voted,1.0,6.0,Center (4-6),14.0,40.0,1.0
DE,5.0,4.0,3.0,2.0,6.0,1.0,2.0,0.0,5.666666666666667,Medium social trust,3.5,High efficacy,Voted,2.0,0.0,Left (0-3),22.0,60.0,2.0
DE,10.0,0.0,0.0,2.0,0.0,0.0,0.0,0.0,4.0,Low social trust,1.25,Low efficacy,Did not vote,1.0,6.0,Center (4-6),13.0,24.0,1.0
DE,8.0,4.0,0.0,0.0,6.0,8.0,2.0,5.0,6.0,Medium social trust,2.0,Low efficacy,Voted,1.0,3.0,Left (0-3),14.0,46.0,2.0
DE,5.0,3.0,4.0,3.0,4.0,5.0,2.0,0.0,5.0,Low social trust,2.5,Medium efficacy,Voted,2.0,5.0,Center (4-6),13.0,44.0,1.0
DE,9.0,7.0,7.0,6.0,9.0,9.0,8.0,9.0,8.666666666666666,High social trust,4.0,High efficacy,Voted,1.0,5.0,Center (4-6),26.0,53.0,2.0
DE,3.0,4.0,1.0,1.0,4.0,7.0,5.0,4.0,7.0,High social trust,2.0,Low efficacy,Voted,2.0,2.0,Left (0-3),11.0,80.0,2.0
DE,8.0,8.0,6.0,4.0,9.0,9.0,8.0,10.0,6.333333333333333,Medium social trust,2.5,Medium efficacy,Voted,2.0,4.0,Center (4-6),18.0,38.0,2.0
DE,5.0,7.0,6.0,5.0,6.0,6.0,7.0,6.0,5.0,Low social trust,2.5,Medium efficacy,Voted,1.0,5.0,Center (4-6),12.0,51.0,1.0
DE,2.0,3.0,2.0,3.0,6.0,6.0,3.0,3.0,2.6666666666666665,Low social trust,1.25,Low efficacy,Voted,2.0,5.0,Center (4-6),14.0,41.0,2.0
DE,7.0,6.0,5.0,5.0,7.0,8.0,5.0,6.0,6.333333333333333,Medium social trust,3.0,High efficacy,Voted,2.0,5.0,Center (4-6),14.0,69.0,2.0
DE,0.0,0.0,0.0,0.0,5.0,5.0,0.0,0.0,4.666666666666667,Low social trust,1.25,Low efficacy,Did not vote,1.0,2.0,Left (0-3),12.0,57.0,1.0
DE,6.0,0.0,0.0,0.0,5.0,5.0,0.0,7.0,2.0,Low social trust,1.0,Low efficacy,Voted,1.0,0.0,Left (0-3),12.0,63.0,2.0
DE,8.0,6.0,3.0,2.0,8.0,10.0,3.0,4.0,7.333333333333333,High social trust,2.5,Medium efficacy,Voted,1.0,6.0,Center (4-6),15.0,47.0,1.0
DE,2.0,2.0,0.0,0.0,3.0,4.0,1.0,1.0,4.666666666666667,Low social trust,1.75,Low efficacy,Voted,2.0,5.0,Center (4-6),17.0,62.0,1.0
DE,8.0,7.0,5.0,6.0,9.0,9.0,7.0,4.0,7.0,High social trust,3.25,High efficacy,Voted,2.0,4.0,Center (4-6),14.0,21.0,1.0
DE,10.0,5.0,0.0,5.0,8.0,10.0,5.0,4.0,4.0,Low social trust,1.75,Low efficacy,Did not vote,2.0,5.0,Center (4-6),10.0,20.0,1.0
DE,8.0,6.0,5.0,5.0,8.0,8.0,5.0,2.0,4.333333333333333,Low social trust,2.75,Medium efficacy,Voted,2.0,2.0,Left (0-3),13.0,70.0,1.0
DE,4.0,3.0,3.0,3.0,8.0,6.0,4.0,4.0,5.666666666666667,Medium social trust,2.25,Low efficacy,Voted,1.0,5.0,Center (4-6),17.0,35.0,1.0
DE,7.0,5.0,5.0,5.0,8.0,3.0,1.0,1.0,7.333333333333333,High social trust,3.0,High efficacy,Voted,1.0,4.0,Center (4-6),12.0,49.0,1.0
DE,7.0,8.0,7.0,6.0,8.0,9.0,8.0,8.0,4.0,Low social trust,3.75,High efficacy,Voted,1.0,4.0,Center (4-6),13.0,20.0,1.0
DE,8.0,8.0,7.0,5.0,9.0,8.0,7.0,7.0,7.333333333333333,High social trust,2.25,Low efficacy,Voted,2.0,3.0,Left (0-3),12.0,60.0,2.0
DE,0.0,1.0,1.0,0.0,0.0,7.0,3.0,3.0,2.6666666666666665,Low social trust,3.0,High efficacy,Voted,2.0,5.0,Center (4-6),15.0,38.0,1.0
DE,2.0,5.0,0.0,0.0,3.0,8.0,0.0,5.0,5.0,Low social trust,1.75,Low efficacy,Did not vote,2.0,5.0,Center (4-6),12.0,83.0,1.0
DE,5.0,3.0,3.0,4.0,7.0,9.0,3.0,3.0,3.0,Low social trust,2.25,Low efficacy,Voted,1.0,6.0,Center (4-6),14.0,53.0,1.0
DE,8.0,5.0,5.0,5.0,7.0,6.0,5.0,5.0,7.0,High social trust,2.0,Low efficacy,Did not vote,2.0,5.0,Center (4-6),16.0,34.0,1.0
DE,7.0,8.0,6.0,5.0,9.0,7.0,5.0,7.0,6.333333333333333,Medium social trust,2.5,Medium efficacy,Voted,1.0,5.0,Center (4-6),17.0,27.0,2.0
DE,1.0,3.0,1.0,1.0,7.0,9.0,1.0,1.0,6.666666666666667,High social trust,1.25,Low efficacy,Voted,1.0,5.0,Center (4-6),15.0,38.0,2.0
DE,8.0,3.0,2.0,2.0,4.0,4.0,0.0,2.0,7.666666666666667,High social trust,1.25,Low efficacy,Did not vote,1.0,10.0,Right (7-10),13.0,42.0,1.0
DE,3.0,7.0,7.0,7.0,8.0,8.0,8.0,8.0,6.666666666666667,High social trust,3.0,High efficacy,Voted,2.0,5.0,Center (4-6),23.0,30.0,1.0
DE,7.0,3.0,4.0,5.0,3.0,5.0,6.0,5.0,6.0,Medium social trust,2.5,Medium efficacy,Voted,1.0,5.0,Center (4-6),10.0,75.0,2.0
DE,7.0,5.0,7.0,7.0,5.0,6.0,5.0,5.0,9.0,High social trust,1.75,Low efficacy,Voted,1.0,5.0,Center (4-6),13.0,19.0,2.0
DE,8.0,8.0,5.0,5.0,8.0,7.0,9.0,10.0,5.666666666666667,Medium social trust,4.5,High efficacy,Voted,1.0,6.0,Center (4-6),22.0,32.0,1.0
DE,5.0,7.0,4.0,4.0,7.0,6.0,6.0,9.0,4.0,Low social trust,3.0,High efficacy,Voted,2.0,7.0,Right (7-10),14.0,21.0,2.0
DE,8.0,7.0,5.0,5.0,8.0,8.0,7.0,6.0,7.333333333333333,High social trust,3.5,High efficacy,Voted,1.0,4.0,Center (4-6),20.0,37.0,1.0
DE,6.0,5.0,2.0,2.0,3.0,7.0,2.0,4.0,6.0,Medium social trust,2.0,Low efficacy,Voted,1.0,3.0,Left (0-3),13.0,66.0,1.0
DE,4.0,3.0,5.0,5.0,5.0,6.0,7.0,7.0,5.0,Low social trust,1.75,Low efficacy,Voted,1.0,7.0,Right (7-10),12.0,82.0,2.0
DE,9.0,6.0,6.0,6.0,8.0,6.0,6.0,5.0,5.333333333333333,Medium social trust,2.75,Medium efficacy,Voted,1.0,6.0,Center (4-6),14.0,20.0,1.0
DE,7.0,1.0,1.0,1.0,1.0,5.0,0.0,0.0,5.666666666666667,Medium social trust,1.5,Low efficacy,Voted,2.0,7.0,Right (7-10),13.0,72.0,1.0
DE,4.0,2.0,3.0,3.0,7.0,8.0,3.0,5.0,4.666666666666667,Low social trust,2.75,Medium efficacy,Voted,2.0,6.0,Center (4-6),16.0,41.0,1.0
DE,7.0,7.0,6.0,7.0,6.0,8.0,8.0,6.0,7.0,High social trust,2.75,Medium efficacy,Voted,2.0,6.0,Center (4-6),17.0,25.0,1.0
DE,0.0,0.0,0.0,1.0,2.0,2.0,0.0,1.0,1.0,Low social trust,1.25,Low efficacy,Did not vote,2.0,5.0,Center (4-6),12.0,76.0,2.0
DE,5.0,4.0,2.0,3.0,7.0,7.0,1.0,5.0,4.333333333333333,Low social trust,3.0,High efficacy,Voted,2.0,5.0,Center (4-6),21.0,41.0,1.0
DE,2.0,0.0,0.0,0.0,0.0,6.0,0.0,5.0,4.333333333333333,Low social trust,1.25,Low efficacy,Voted,2.0,7.0,Right (7-10),13.0,54.0,1.0
DE,7.0,3.0,2.0,2.0,9.0,9.0,4.0,4.0,4.666666666666667,Low social trust,2.75,Medium efficacy,Voted,1.0,5.0,Center (4-6),13.0,57.0,2.0
DE,5.0,4.0,4.0,3.0,7.0,6.0,2.0,3.0,3.6666666666666665,Low social trust,2.0,Low efficacy,Voted,2.0,3.0,Left (0-3),14.0,66.0,2.0
DE,6.0,7.0,7.0,5.0,7.0,7.0,5.0,6.0,9.0,High social trust,3.25,High efficacy,Voted,1.0,2.0,Left (0-3),15.0,53.0,2.0
DE,8.0,5.0,2.0,2.0,3.0,8.0,5.0,7.0,7.666666666666667,High social trust,1.75,Low efficacy,Voted,1.0,5.0,Center (4-6),14.0,56.0,1.0
DE,6.0,4.0,4.0,4.0,5.0,6.0,6.0,5.0,4.333333333333333,Low social trust,2.5,Medium efficacy,Voted,2.0,5.0,Center (4-6),15.0,26.0,2.0
DE,5.0,3.0,1.0,1.0,3.0,5.0,3.0,3.0,5.666666666666667,Medium social trust,1.5,Low efficacy,Voted,1.0,6.0,Center (4-6),15.0,59.0,1.0
DE,1.0,0.0,0.0,0.0,2.0,5.0,0.0,0.0,6.666666666666667,High social trust,2.0,Low efficacy,Voted,1.0,5.0,Center (4-6),17.0,80.0,1.0
DE,4.0,5.0,2.0,3.0,7.0,7.0,4.0,5.0,3.3333333333333335,Low social trust,2.75,Medium efficacy,Voted,1.0,3.0,Left (0-3),17.0,46.0,2.0
DE,3.0,5.0,5.0,4.0,6.0,8.0,3.0,3.0,8.0,High social trust,1.75,Low efficacy,Voted,1.0,6.0,Center (4-6),18.0,80.0,2.0
DE,8.0,5.0,7.0,7.0,8.0,8.0,6.0,6.0,5.333333333333333,Medium social trust,3.0,High efficacy,Voted,2.0,4.0,Center (4-6),11.0,72.0,2.0
DE,7.0,6.0,5.0,5.0,8.0,8.0,6.0,8.0,6.0,Medium social trust,2.75,Medium efficacy,Voted,1.0,6.0,Center (4-6),13.0,65.0,2.0
DE,5.0,5.0,5.0,5.0,5.0,8.0,5.0,4.0,7.0,High social trust,2.5,Medium efficacy,Voted,2.0,2.0,Left (0-3),15.0,64.0,1.0
DE,6.0,4.0,5.0,4.0,6.0,7.0,6.0,6.0,4.666666666666667,Low social trust,2.25,Low efficacy,Voted,2.0,5.0,Center (4-6),13.0,84.0,1.0
DE,0.0,0.0,3.0,3.0,0.0,2.0,0.0,0.0,5.666666666666667,Medium social trust,3.0,High efficacy,Voted,1.0,7.0,Right (7-10),15.0,56.0,2.0
DE,4.0,6.0,7.0,7.0,7.0,7.0,8.0,7.0,5.0,Low social trust,2.3333333333333335,Medium efficacy,Voted,2.0,5.0,Center (4-6),15.0,46.0,1.0
DE,4.0,6.0,5.0,3.0,7.0,8.0,5.0,7.0,6.333333333333333,Medium social trust,2.25,Low efficacy,Voted,2.0,4.0,Center (4-6),19.0,40.0,2.0
DE,3.0,5.0,4.0,4.0,3.0,6.0,3.0,4.0,7.0,High social trust,1.75,Low efficacy,Voted,2.0,5.0,Center (4-6),14.0,54.0,2.0
DE,4.0,0.0,2.0,2.0,3.0,3.0,2.0,3.0,0.6666666666666666,Low social trust,3.25,High efficacy,Did not vote,1.0,9.0,Right (7-10),9.0,81.0,1.0
DE,8.0,7.0,4.0,4.0,4.0,8.0,5.0,3.0,4.666666666666667,Low social trust,2.0,Low efficacy,Did not vote,2.0,5.0,Center (4-6),25.0,41.0,2.0
DE,2.0,1.0,0.0,5.0,0.0,7.0,1.0,1.0,4.0,Low social trust,1.5,Low efficacy,Voted,2.0,7.0,Right (7-10),18.0,58.0,1.0
DE,3.0,3.0,4.0,4.0,3.0,7.0,3.0,4.0,3.0,Low social trust,2.25,Low efficacy,Voted,1.0,6.0,Center (4-6),20.0,41.0,1.0
DE,10.0,10.0,5.0,4.0,8.0,5.0,10.0,10.0,5.666666666666667,Medium social trust,3.75,High efficacy,Voted,1.0,2.0,Left (0-3),17.0,25.0,2.0
DE,5.0,8.0,5.0,6.0,9.0,8.0,7.0,7.0,6.666666666666667,High social trust,4.0,High efficacy,Voted,1.0,3.0,Left (0-3),21.0,29.0,1.0
DE,5.0,8.0,8.0,0.0,9.0,4.0,0.0,5.0,2.3333333333333335,Low social trust,2.5,Medium efficacy,Voted,1.0,5.0,Center (4-6),19.0,82.0,1.0
DE,3.0,4.0,4.0,3.0,6.0,6.0,3.0,3.0,3.3333333333333335,Low social trust,1.75,Low efficacy,Voted,2.0,3.0,Left (0-3),14.0,38.0,2.0
DE,7.0,7.0,5.0,4.0,8.0,2.0,6.0,7.0,3.6666666666666665,Low social trust,3.5,High efficacy,Voted,2.0,2.0,Left (0-3),19.0,29.0,1.0
DE,8.0,8.0,7.0,6.0,8.0,9.0,8.0,8.0,6.0,Medium social trust,3.25,High efficacy,Voted,1.0,6.0,Center (4-6),15.0,65.0,2.0
DE,1.0,2.0,2.0,2.0,3.0,2.0,2.0,2.0,5.666666666666667,Medium social trust,2.5,Medium efficacy,Voted,2.0,6.0,Center (4-6),17.0,45.0,2.0
DE,4.0,2.0,4.0,3.0,3.0,6.0,3.0,2.0,3.3333333333333335,Low social trust,1.5,Low efficacy,Did not vote,4.0,5.0,Center (4-6),11.0,87.0,1.0
DE,8.0,5.0,3.0,3.0,8.0,7.0,5.0,3.0,6.0,Medium social trust,3.0,High efficacy,Voted,2.0,5.0,Center (4-6),17.0,42.0,1.0
DE,8.0,6.0,5.0,5.0,8.0,8.0,5.0,6.0,6.333333333333333,Medium social trust,2.25,Low efficacy,Voted,1.0,5.0,Center (4-6),13.0,34.0,1.0
DE,4.0,0.0,0.0,3.0,3.0,6.0,0.0,3.0,6.0,Medium social trust,1.75,Low efficacy,Voted,2.0,5.0,Center (4-6),17.0,71.0,2.0
DE,7.0,1.0,2.0,2.0,9.0,7.0,1.0,0.0,5.333333333333333,Medium social trust,2.75,Medium efficacy,Voted,1.0,6.0,Center (4-6),15.0,69.0,1.0
DE,5.0,1.0,0.0,1.0,7.0,9.0,6.0,7.0,6.0,Medium social trust,2.0,Low efficacy,Did not vote,1.0,6.0,Center (4-6),14.0,42.0,1.0
DE,5.0,5.0,4.0,3.0,7.0,8.0,4.0,4.0,6.333333333333333,Medium social trust,2.5,Medium efficacy,Voted,1.0,5.0,Center (4-6),15.0,58.0,1.0
DE,6.0,8.0,7.0,6.0,9.0,9.0,6.0,6.0,6.333333333333333,Medium social trust,2.25,Low efficacy,Voted,1.0,3.0,Left (0-3),19.0,40.0,2.0
DE,0.0,0.0,0.0,0.0,5.0,5.0,1.0,1.0,6.666666666666667,High social trust,2.0,Low efficacy,Voted,1.0,1.0,Left (0-3),14.0,21.0,1.0
DE,8.0,9.0,6.0,5.0,8.0,9.0,6.0,6.0,4.333333333333333,Low social trust,2.5,Medium efficacy,Voted,1.0,5.0,Center (4-6),12.0,52.0,2.0
DE,5.0,8.0,7.0,8.0,9.0,7.0,7.0,7.0,4.333333333333333,Low social trust,2.0,Low efficacy,Voted,2.0,5.0,Center (4-6),23.0,33.0,1.0
DE,9.0,10.0,9.0,8.0,9.0,9.0,9.0,10.0,2.6666666666666665,Low social trust,3.25,High efficacy,Voted,2.0,3.0,Left (0-3),25.0,48.0,2.0
DE,7.0,7.0,5.0,3.0,9.0,9.0,5.0,8.0,7.0,High social trust,2.75,Medium efficacy,Voted,1.0,5.0,Center (4-6),13.0,62.0,2.0
DE,7.0,5.0,5.0,6.0,8.0,8.0,4.0,4.0,7.333333333333333,High social trust,3.0,High efficacy,Voted,2.0,5.0,Center (4-6),14.0,49.0,2.0
DE,3.0,0.0,0.0,0.0,2.0,5.0,2.0,2.0,2.3333333333333335,Low social trust,2.5,Medium efficacy,Voted,2.0,7.0,Right (7-10),16.0,76.0,1.0
DE,4.0,6.0,3.0,7.0,7.0,8.0,4.0,8.0,6.0,Medium social trust,2.0,Low efficacy,Voted,1.0,5.0,Center (4-6),13.0,42.0,2.0
DE,8.0,5.0,4.0,5.0,5.0,3.0,5.0,4.0,5.0,Low social trust,2.25,Low efficacy,Voted,1.0,5.0,Center (4-6),15.0,68.0,1.0
DE,5.0,5.0,4.0,5.0,5.0,6.0,5.0,5.0,5.666666666666667,Medium social trust,2.0,Low efficacy,Voted,1.0,5.0,Center (4-6),14.0,62.0,2.0
DE,5.0,5.0,3.0,3.0,4.0,4.0,5.0,5.0,4.666666666666667,Low social trust,2.5,Medium efficacy,Voted,3.0,5.0,Center (4-6),17.0,32.0,2.0
DE,3.0,1.0,0.0,3.0,2.0,2.0,0.0,7.0,3.3333333333333335,Low social trust,1.25,Low efficacy,Voted,1.0,5.0,Center (4-6),9.0,68.0,2.0
DE,3.0,1.0,0.0,1.0,6.0,7.0,0.0,1.0,2.0,Low social trust,2.0,Low efficacy,Did not vote,3.0,5.0,Center (4-6),13.0,32.0,1.0
DE,8.0,6.0,6.0,4.0,4.0,7.0,5.0,3.0,6.0,Medium social trust,2.5,Medium efficacy,Did not vote,1.0,5.0,Center (4-6),18.0,71.0,2.0
DE,9.0,6.0,4.0,3.0,8.0,9.0,7.0,6.0,6.333333333333333,Medium social trust,3.25,High efficacy,Voted,1.0,6.0,Center (4-6),17.0,53.0,2.0
DE,5.0,5.0,2.0,2.0,5.0,7.0,6.0,8.0,7.666666666666667,High social trust,3.0,High efficacy,Voted,1.0,2.0,Left (0-3),21.0,76.0,2.0
DE,6.0,3.0,5.0,2.0,2.0,4.0,6.0,5.0,5.0,Low social trust,1.75,Low efficacy,Did not vote,2.0,5.0,Center (4-6),8.0,70.0,1.0
DE,7.0,0.0,7.0,7.0,7.0,10.0,7.0,7.0,6.333333333333333,Medium social trust,3.25,High efficacy,Voted,1.0,5.0,Center (4-6),14.0,36.0,1.0
DE,7.0,8.0,8.0,5.0,8.0,10.0,10.0,10.0,6.666666666666667,High social trust,3.25,High efficacy,Voted,1.0,2.0,Left (0-3),17.0,90.0,1.0
DE,4.0,5.0,4.0,4.0,9.0,9.0,2.0,5.0,8.333333333333334,High social trust,3.25,High efficacy,Voted,2.0,7.0,Right (7-10),14.0,44.0,1.0
DE,7.0,7.0,7.0,5.0,7.0,5.0,6.0,8.0,7.0,High social trust,4.0,High efficacy,Voted,1.0,3.0,Left (0-3),22.0,53.0,2.0
DE,5.0,4.0,4.0,4.0,3.0,5.0,3.0,3.0,5.666666666666667,Medium social trust,3.5,High efficacy,Voted,1.0,5.0,Center (4-6),19.0,62.0,2.0
DE,8.0,6.0,6.0,4.0,7.0,7.0,4.0,5.0,7.0,High social trust,3.25,High efficacy,Voted,1.0,3.0,Left (0-3),18.0,59.0,1.0
DE,7.0,4.0,5.0,5.0,6.0,5.0,5.0,5.0,6.666666666666667,High social trust,2.0,Low efficacy,Voted,2.0,5.0,Center (4-6),18.0,25.0,2.0
DE,2.0,0.0,0.0,1.0,3.0,4.0,0.0,0.0,6.333333333333333,Medium social trust,2.25,Low efficacy,Did not vote,1.0,5.0,Center (4-6),17.0,57.0,1.0
DE,5.0,6.0,5.0,5.0,10.0,10.0,6.0,5.0,5.333333333333333,Medium social trust,3.25,High efficacy,Voted,2.0,5.0,Center (4-6),10.0,47.0,2.0
DE,3.0,2.0,4.0,4.0,8.0,8.0,0.0,8.0,4.333333333333333,Low social trust,1.25,Low efficacy,Voted,1.0,5.0,Center (4-6),13.0,74.0,1.0
DE,5.0,6.0,4.0,5.0,6.0,5.0,4.0,5.0,5.333333333333333,Medium social trust,1.75,Low efficacy,Voted,2.0,5.0,Center (4-6),15.0,37.0,2.0
DE,6.0,7.0,5.0,5.0,8.0,8.0,5.0,3.0,5.333333333333333,Medium social trust,3.0,High efficacy,Voted,1.0,5.0,Center (4-6),15.0,38.0,1.0
DE,8.0,5.0,5.0,5.0,7.0,6.0,5.0,5.0,6.666666666666667,High social trust,2.75,Medium efficacy,Voted,1.0,2.0,Left (0-3),23.0,52.0,2.0
DE,1.0,3.0,0.0,0.0,2.0,5.0,0.0,2.0,4.333333333333333,Low social trust,2.0,Low efficacy,Voted,1.0,5.0,Center (4-6),14.0,57.0,1.0
DE,4.0,4.0,3.0,3.0,7.0,8.0,3.0,6.0,4.666666666666667,Low social trust,2.0,Low efficacy,Voted,3.0,5.0,Center (4-6),13.0,47.0,1.0
DE,9.0,9.0,8.0,6.0,10.0,7.0,4.0,4.0,6.0,Medium social trust,3.25,High efficacy,Voted,1.0,2.0,Left (0-3),15.0,67.0,1.0
DE,9.0,8.0,7.0,5.0,9.0,8.0,5.0,5.0,8.333333333333334,High social trust,1.25,Low efficacy,Voted,1.0,4.0,Center (4-6),12.0,73.0,2.0
DE,7.0,5.0,5.0,5.0,8.0,8.0,5.0,5.0,6.333333333333333,Medium social trust,2.0,Low efficacy,Voted,1.0,3.0,Left (0-3),14.0,47.0,2.0
DE,2.0,3.0,3.0,3.0,7.0,10.0,7.0,6.0,4.333333333333333,Low social trust,2.75,Medium efficacy,Voted,1.0,1.0,Left (0-3),14.0,22.0,1.0
DE,7.0,8.0,7.0,6.0,8.0,7.0,7.0,7.0,5.666666666666667,Medium social trust,2.5,Medium efficacy,Voted,1.0,2.0,Left (0-3),15.0,70.0,2.0
DE,5.0,1.0,1.0,1.0,5.0,8.0,5.0,4.0,5.0,Low social trust,2.25,Low efficacy,Voted,1.0,8.0,Right (7-10),16.0,70.0,2.0
DE,3.0,7.0,0.0,0.0,5.0,9.0,8.0,7.0,5.333333333333333,Medium social trust,2.25,Low efficacy,Did not vote,2.0,5.0,Center (4-6),11.0,69.0,1.0
DE,7.0,7.0,5.0,5.0,9.0,9.0,7.0,7.0,6.0,Medium social trust,2.5,Medium efficacy,Voted,1.0,5.0,Center (4-6),19.0,38.0,2.0
DE,7.0,6.0,4.0,3.0,8.0,8.0,2.0,5.0,5.333333333333333,Medium social trust,3.25,High efficacy,Voted,1.0,7.0,Right (7-10),15.0,31.0,1.0
DE,7.0,8.0,6.0,7.0,9.0,10.0,6.0,2.0,6.0,Medium social trust,1.75,Low efficacy,Did not vote,4.0,3.0,Left (0-3),14.0,74.0,2.0
DE,7.0,8.0,4.0,5.0,7.0,9.0,6.0,7.0,5.666666666666667,Medium social trust,4.25,High efficacy,Voted,1.0,5.0,Center (4-6),20.0,45.0,2.0
DE,3.0,4.0,2.0,2.0,3.0,3.0,2.0,2.0,5.666666666666667,Medium social trust,2.5,Medium efficacy,Voted,2.0,3.0,Left (0-3),12.0,65.0,1.0
DE,2.0,4.0,3.0,4.0,0.0,9.0,8.0,4.0,0.0,Low social trust,2.5,Medium efficacy,Voted,1.0,5.0,Center (4-6),17.0,60.0,2.0
DE,7.0,6.0,6.0,6.0,8.0,9.0,7.0,7.0,5.666666666666667,Medium social trust,2.25,Low efficacy,Voted,2.0,5.0,Center (4-6),12.0,30.0,2.0
DE,2.0,0.0,0.0,0.0,3.0,3.0,0.0,0.0,5.0,Low social trust,2.5,Medium efficacy,Voted,2.0,8.0,Right (7-10),13.0,60.0,1.0
DE,7.0,5.0,5.0,5.0,5.0,7.0,5.0,5.0,5.666666666666667,Medium social trust,1.75,Low efficacy,Did not vote,2.0,5.0,Center (4-6),13.0,66.0,2.0
DE,8.0,2.0,2.0,5.0,8.0,8.0,5.0,7.0,7.0,High social trust,3.25,High efficacy,Voted,1.0,3.0,Left (0-3),19.0,67.0,2.0
DE,4.0,4.0,4.0,6.0,6.0,8.0,4.0,4.0,5.333333333333333,Medium social trust,2.75,Medium efficacy,Voted,2.0,4.0,Center (4-6),13.0,54.0,1.0
DE,5.0,6.0,4.0,4.0,9.0,9.0,8.0,8.0,6.0,Medium social trust,1.75,Low efficacy,Voted,1.0,4.0,Center (4-6),16.0,25.0,1.0
DE,3.0,4.0,3.0,3.0,6.0,8.0,3.0,3.0,7.0,High social trust,1.25,Low efficacy,Voted,2.0,4.0,Center (4-6),13.0,71.0,2.0
DE,3.0,3.0,0.0,2.0,4.0,8.0,3.0,5.0,4.666666666666667,Low social trust,2.5,Medium efficacy,Voted,1.0,5.0,Center (4-6),12.0,77.0,2.0
DE,6.0,3.0,3.0,2.0,8.0,10.0,4.0,4.0,5.666666666666667,Medium social trust,3.0,High efficacy,Voted,2.0,5.0,Center (4-6),16.0,53.0,2.0
DE,6.0,7.0,5.0,4.0,9.0,9.0,4.0,4.0,6.333333333333333,Medium social trust,2.0,Low efficacy,Voted,1.0,7.0,Right (7-10),11.0,72.0,1.0
DE,9.0,7.0,7.0,7.0,9.0,9.0,5.0,6.0,6.666666666666667,High social trust,2.75,Medium efficacy,Voted,1.0,5.0,Center (4-6),11.0,82.0,1.0
DE,7.0,5.0,6.0,6.0,7.0,7.0,7.0,6.0,8.666666666666666,High social trust,2.25,Low efficacy,Voted,2.0,2.0,Left (0-3),13.0,51.0,2.0
DE,9.0,8.0,7.0,4.0,7.0,7.0,5.0,3.0,5.666666666666667,Medium social trust,3.75,High efficacy,Voted,1.0,1.0,Left (0-3),17.0,80.0,1.0
DE,8.0,6.0,3.0,3.0,6.0,8.0,3.0,4.0,5.333333333333333,Medium social trust,3.25,High efficacy,Voted,1.0,6.0,Center (4-6),17.0,82.0,1.0
DE,4.0,3.0,4.0,5.0,3.0,5.0,3.0,4.0,6.666666666666667,High social trust,2.0,Low efficacy,Voted,2.0,5.0,Center (4-6),13.0,48.0,1.0
DE,3.0,6.0,1.0,1.0,7.0,10.0,1.0,1.0,4.666666666666667,Low social trust,2.25,Low efficacy,Voted,1.0,5.0,Center (4-6),21.0,27.0,1.0
DE,4.0,3.0,4.0,4.0,7.0,10.0,4.0,4.0,3.6666666666666665,Low social trust,1.5,Low efficacy,Did not vote,4.0,5.0,Center (4-6),9.0,42.0,2.0
DE,8.0,9.0,8.0,8.0,9.0,9.0,8.0,7.0,7.0,High social trust,3.75,High efficacy,Voted,2.0,4.0,Center (4-6),20.0,29.0,1.0
DE,8.0,7.0,7.0,7.0,9.0,9.0,8.0,7.0,6.666666666666667,High social trust,3.5,High efficacy,Voted,3.0,5.0,Center (4-6),10.0,85.0,2.0
DE,5.0,5.0,8.0,5.0,9.0,10.0,5.0,7.0,3.0,Low social trust,2.0,Low efficacy,Voted,2.0,4.0,Center (4-6),11.0,72.0,2.0
DE,7.0,6.0,5.0,4.0,5.0,6.0,6.0,4.0,5.666666666666667,Medium social trust,2.5,Medium efficacy,Voted,2.0,4.0,Center (4-6),14.0,24.0,2.0
DE,3.0,0.0,0.0,0.0,5.0,6.0,2.0,2.0,5.666666666666667,Medium social trust,2.75,Medium efficacy,Voted,1.0,5.0,Center (4-6),17.0,58.0,2.0
DE,9.0,10.0,6.0,6.0,8.0,10.0,8.0,8.0,8.666666666666666,High social trust,3.25,High efficacy,Voted,1.0,2.0,Left (0-3),21.0,50.0,1.0
DE,10.0,6.0,8.0,7.0,7.0,7.0,9.0,5.0,8.333333333333334,High social trust,2.0,Low efficacy,Voted,3.0,5.0,Center (4-6),7.0,83.0,2.0
DE,8.0,7.0,6.0,7.0,9.0,9.0,8.0,8.0,6.333333333333333,Medium social trust,3.0,High efficacy,Voted,2.0,5.0,Center (4-6),19.0,33.0,1.0
DE,8.0,5.0,3.0,3.0,9.0,9.0,2.0,6.0,5.333333333333333,Medium social trust,2.25,Low efficacy,Voted,2.0,6.0,Center (4-6),15.0,47.0,1.0
DE,4.0,3.0,2.0,4.0,4.0,4.0,3.0,3.0,5.333333333333333,Medium social trust,1.75,Low efficacy,Voted,2.0,6.0,Center (4-6),11.0,52.0,1.0
DE,6.0,5.0,4.0,4.0,8.0,7.0,5.0,4.0,7.333333333333333,High social trust,2.75,Medium efficacy,Voted,2.0,2.0,Left (0-3),12.0,85.0,2.0
DE,6.0,5.0,3.0,3.0,8.0,8.0,7.0,5.0,5.0,Low social trust,3.0,High efficacy,Voted,1.0,5.0,Center (4-6),12.0,36.0,1.0
DE,10.0,2.0,1.0,1.0,7.0,5.0,6.0,8.0,3.6666666666666665,Low social trust,3.0,High efficacy,Voted,1.0,5.0,Center (4-6),14.0,51.0,2.0
DE,0.0,5.0,0.0,0.0,4.0,5.0,0.0,1.0,5.0,Low social trust,2.75,Medium efficacy,Voted,1.0,9.0,Right (7-10),10.0,46.0,1.0
DE,2.0,0.0,0.0,2.0,5.0,5.0,2.0,5.0,5.0,Low social trust,1.75,Low efficacy,Voted,1.0,5.0,Center (4-6),11.0,76.0,1.0
DE,7.0,8.0,8.0,6.0,8.0,8.0,7.0,8.0,7.0,High social trust,2.75,Medium efficacy,Voted,1.0,4.0,Center (4-6),25.0,58.0,1.0
DE,4.0,4.0,3.0,3.0,6.0,6.0,4.0,4.0,6.666666666666667,High social trust,2.0,Low efficacy,Voted,1.0,3.0,Left (0-3),14.0,54.0,2.0
DE,8.0,5.0,4.0,3.0,8.0,9.0,1.0,7.0,5.666666666666667,Medium social trust,4.0,High efficacy,Voted,1.0,1.0,Left (0-3),16.0,28.0,1.0
DE,9.0,8.0,5.0,6.0,7.0,4.0,4.0,5.0,3.0,Low social trust,2.25,Low efficacy,Voted,3.0,5.0,Center (4-6),13.0,43.0,2.0
DE,4.0,3.0,2.0,2.0,7.0,8.0,3.0,3.0,5.0,Low social trust,1.75,Low efficacy,Did not vote,2.0,5.0,Center (4-6),12.0,57.0,2.0
DE,8.0,5.0,5.0,3.0,7.0,8.0,2.0,3.0,6.666666666666667,High social trust,3.0,High efficacy,Voted,1.0,6.0,Center (4-6),17.0,65.0,1.0
DE,10.0,10.0,10.0,5.0,10.0,10.0,10.0,10.0,6.333333333333333,Medium social trust,1.25,Low efficacy,Did not vote,2.0,5.0,Center (4-6),11.0,78.0,2.0
DE,7.0,4.0,4.0,3.0,7.0,8.0,4.0,5.0,7.666666666666667,High social trust,1.75,Low efficacy,Voted,1.0,3.0,Left (0-3),11.0,51.0,2.0
DE,3.0,4.0,3.0,3.0,2.0,2.0,5.0,5.0,6.666666666666667,High social trust,2.5,Medium efficacy,Voted,3.0,4.0,Center (4-6),15.0,29.0,1.0
DE,0.0,0.0,0.0,0.0,0.0,9.0,0.0,0.0,0.6666666666666666,Low social trust,1.0,Low efficacy,Voted,3.0,3.0,Left (0-3),13.0,87.0,1.0
DE,3.0,0.0,3.0,3.0,5.0,7.0,3.0,3.0,4.0,Low social trust,2.0,Low efficacy,Voted,2.0,8.0,Right (7-10),11.0,64.0,2.0
DE,7.0,8.0,6.0,8.0,9.0,6.0,9.0,9.0,6.0,Medium social trust,3.0,High efficacy,Voted,2.0,4.0,Center (4-6),14.0,21.0,1.0
DE,2.0,0.0,2.0,2.0,2.0,2.0,2.0,2.0,7.0,High social trust,2.25,Low efficacy,Did not vote,2.0,3.0,Left (0-3),15.0,30.0,2.0
DE,8.0,7.0,7.0,7.0,7.0,6.0,7.0,6.0,8.666666666666666,High social trust,4.25,High efficacy,Voted,1.0,2.0,Left (0-3),25.0,58.0,2.0
DE,6.0,7.0,0.0,2.0,8.0,10.0,4.0,7.0,6.333333333333333,Medium social trust,2.5,Medium efficacy,Voted,1.0,8.0,Right (7-10),18.0,82.0,1.0
DE,3.0,3.0,1.0,1.0,3.0,6.0,4.0,4.0,6.333333333333333,Medium social trust,2.0,Low efficacy,Voted,1.0,5.0,Center (4-6),9.0,90.0,2.0
DE,5.0,4.0,5.0,4.0,7.0,8.0,5.0,5.0,7.0,High social trust,2.75,Medium efficacy,Voted,2.0,5.0,Center (4-6),17.0,33.0,2.0
DE,9.0,10.0,7.0,7.0,7.0,7.0,5.0,5.0,4.0,Low social trust,2.5,Medium efficacy,Voted,2.0,3.0,Left (0-3),15.0,23.0,2.0
DE,5.0,0.0,0.0,1.0,4.0,6.0,0.0,0.0,6.666666666666667,High social trust,2.0,Low efficacy,Voted,4.0,5.0,Center (4-6),12.0,59.0,2.0
DE,7.0,6.0,4.0,4.0,6.0,6.0,5.0,5.0,2.6666666666666665,Low social trust,2.25,Low efficacy,Voted,1.0,7.0,Right (7-10),15.0,24.0,2.0
DE,6.0,5.0,4.0,6.0,7.0,9.0,6.0,5.0,5.333333333333333,Medium social trust,3.25,High efficacy,Voted,1.0,7.0,Right (7-10),19.0,33.0,1.0
DE,7.0,6.0,4.0,5.0,7.0,4.0,7.0,8.0,5.333333333333333,Medium social trust,2.5,Medium efficacy,Voted,1.0,2.0,Left (0-3),21.0,46.0,2.0
DE,4.0,4.0,3.0,3.0,6.0,7.0,4.0,5.0,7.0,High social trust,3.0,High efficacy,Voted,1.0,5.0,Center (4-6),18.0,33.0,2.0
DE,4.0,2.0,2.0,2.0,8.0,8.0,2.0,2.0,3.3333333333333335,Low social trust,2.25,Low efficacy,Voted,2.0,5.0,Center (4-6),9.0,65.0,2.0
DE,3.0,2.0,2.0,2.0,1.0,1.0,0.0,1.0,5.0,Low social trust,2.25,Low efficacy,Voted,4.0,5.0,Center (4-6),12.0,82.0,1.0
DE,8.0,6.0,6.0,6.0,8.0,8.0,8.0,8.0,6.666666666666667,High social trust,2.75,Medium efficacy,Voted,1.0,7.0,Right (7-10),10.0,74.0,1.0
DE,4.0,0.0,3.0,5.0,4.0,8.0,2.0,2.0,4.333333333333333,Low social trust,2.0,Low efficacy,Voted,3.0,5.0,Center (4-6),11.0,58.0,1.0
DE,2.0,1.0,1.0,1.0,3.0,7.0,1.0,2.0,5.333333333333333,Medium social trust,2.0,Low efficacy,Voted,2.0,6.0,Center (4-6),13.0,59.0,2.0
DE,3.0,3.0,2.0,1.0,6.0,6.0,0.0,0.0,5.666666666666667,Medium social trust,2.5,Medium efficacy,Voted,2.0,6.0,Center (4-6),20.0,70.0,1.0
DE,7.0,10.0,5.0,5.0,10.0,8.0,5.0,7.0,7.0,High social trust,2.25,Low efficacy,Did not vote,1.0,4.0,Center (4-6),13.0,77.0,1.0
DE,5.0,7.0,5.0,5.0,8.0,8.0,5.0,8.0,5.333333333333333,Medium social trust,2.25,Low efficacy,Voted,2.0,5.0,Center (4-6),9.0,82.0,2.0
DE,8.0,9.0,5.0,6.0,9.0,9.0,6.0,7.0,7.0,High social trust,2.75,Medium efficacy,Voted,2.0,4.0,Center (4-6),10.0,50.0,2.0
DE,7.0,8.0,7.0,7.0,7.0,8.0,5.0,5.0,7.666666666666667,High social trust,3.5,High efficacy,Voted,1.0,5.0,Center (4-6),22.0,41.0,1.0
DE,6.0,5.0,5.0,5.0,8.0,8.0,8.0,8.0,7.0,High social trust,1.5,Low efficacy,Voted,1.0,5.0,Center (4-6),13.0,59.0,1.0
DE,4.0,7.0,2.0,2.0,7.0,7.0,1.0,1.0,4.333333333333333,Low social trust,1.75,Low efficacy,Voted,3.0,5.0,Center (4-6),16.0,36.0,2.0
DE,3.0,3.0,2.0,2.0,3.0,6.0,4.0,5.0,5.0,Low social trust,2.5,Medium efficacy,Voted,1.0,5.0,Center (4-6),15.0,35.0,2.0
DE,8.0,4.0,4.0,5.0,4.0,3.0,5.0,5.0,6.666666666666667,High social trust,2.5,Medium efficacy,Did not vote,4.0,5.0,Center (4-6),11.0,28.0,1.0
DE,0.0,0.0,0.0,0.0,4.0,5.0,3.0,8.0,4.333333333333333,Low social trust,2.0,Low efficacy,Voted,1.0,5.0,Center (4-6),17.0,38.0,1.0
DE,5.0,7.0,6.0,6.0,7.0,9.0,4.0,7.0,5.666666666666667,Medium social trust,2.5,Medium efficacy,Voted,1.0,4.0,Center (4-6),13.0,52.0,1.0
DE,5.0,4.0,4.0,3.0,7.0,4.0,6.0,7.0,4.0,Low social trust,3.0,High efficacy,Voted,1.0,3.0,Left (0-3),17.0,23.0,2.0
DE,7.0,7.0,3.0,3.0,9.0,9.0,5.0,7.0,3.6666666666666665,Low social trust,3.75,High efficacy,Voted,1.0,6.0,Center (4-6),16.0,22.0,2.0
DE,7.0,4.0,3.0,3.0,7.0,7.0,3.0,2.0,5.333333333333333,Medium social trust,2.5,Medium efficacy,Voted,2.0,5.0,Center (4-6),12.0,22.0,1.0
DE,1.0,1.0,2.0,2.0,3.0,5.0,4.0,4.0,5.0,Low social trust,2.5,Medium efficacy,Voted,2.0,7.0,Right (7-10),16.0,72.0,1.0
DE,8.0,3.0,4.0,4.0,8.0,8.0,7.0,7.0,7.666666666666667,High social trust,2.75,Medium efficacy,Voted,2.0,5.0,Center (4-6),20.0,44.0,1.0
DE,9.0,7.0,6.0,5.0,9.0,7.0,5.0,6.0,6.666666666666667,High social trust,2.5,Medium efficacy,Voted,1.0,5.0,Center (4-6),19.0,60.0,2.0
DE,4.0,8.0,7.0,6.0,4.0,3.0,7.0,5.0,4.666666666666667,Low social trust,3.5,High efficacy,Voted,2.0,2.0,Left (0-3),14.0,22.0,1.0
DE,8.0,8.0,6.0,6.0,9.0,8.0,6.0,7.0,6.0,Medium social trust,2.5,Medium efficacy,Voted,1.0,5.0,Center (4-6),11.0,79.0,1.0
DE,2.0,1.0,3.0,1.0,4.0,7.0,5.0,5.0,6.0,Medium social trust,2.0,Low efficacy,Voted,1.0,5.0,Center (4-6),18.0,78.0,1.0
DE,6.0,4.0,7.0,5.0,8.0,8.0,5.0,5.0,8.0,High social trust,2.75,Medium efficacy,Voted,1.0,4.0,Center (4-6),20.0,70.0,2.0
DE,8.0,7.0,5.0,4.0,8.0,7.0,5.0,6.0,6.333333333333333,Medium social trust,2.25,Low efficacy,Voted,1.0,4.0,Center (4-6),14.0,74.0,1.0
DE,5.0,5.0,3.0,6.0,8.0,10.0,5.0,5.0,5.666666666666667,Medium social trust,2.75,Medium efficacy,Voted,2.0,5.0,Center (4-6),13.0,41.0,1.0
DE,8.0,7.0,5.0,5.0,8.0,9.0,4.0,6.0,7.0,High social trust,2.25,Low efficacy,Voted,2.0,4.0,Center (4-6),16.0,49.0,1.0
DE,0.0,1.0,1.0,1.0,3.0,3.0,1.0,2.0,4.333333333333333,Low social trust,1.75,Low efficacy,Voted,3.0,5.0,Center (4-6),15.0,37.0,2.0
DE,8.0,9.0,7.0,7.0,9.0,8.0,7.0,8.0,6.666666666666667,High social trust,2.75,Medium efficacy,Voted,1.0,3.0,Left (0-3),14.0,56.0,1.0
DE,6.0,5.0,3.0,3.0,4.0,5.0,5.0,6.0,8.0,High social trust,2.0,Low efficacy,Voted,1.0,2.0,Left (0-3),13.0,47.0,2.0
DE,5.0,4.0,3.0,4.0,6.0,8.0,4.0,6.0,6.666666666666667,High social trust,3.25,High efficacy,Voted,1.0,8.0,Right (7-10),16.0,87.0,1.0
DE,7.0,0.0,0.0,0.0,5.0,7.0,8.0,8.0,5.666666666666667,Medium social trust,1.75,Low efficacy,Voted,1.0,7.0,Right (7-10),12.0,60.0,2.0
DE,4.0,2.0,3.0,3.0,4.0,8.0,4.0,4.0,4.0,Low social trust,1.5,Low efficacy,Voted,2.0,3.0,Left (0-3),14.0,36.0,2.0
DE,2.0,1.0,1.0,1.0,8.0,9.0,1.0,2.0,7.666666666666667,High social trust,1.5,Low efficacy,Voted,2.0,3.0,Left (0-3),11.0,58.0,2.0
DE,6.0,5.0,3.0,3.0,5.0,5.0,4.0,4.0,6.333333333333333,Medium social trust,3.25,High efficacy,Voted,1.0,3.0,Left (0-3),17.0,32.0,1.0
DE,8.0,5.0,5.0,5.0,10.0,10.0,0.0,0.0,10.0,High social trust,1.0,Low efficacy,Voted,1.0,5.0,Center (4-6),13.0,90.0,2.0
DE,6.0,7.0,6.0,6.0,8.0,7.0,5.0,5.0,6.333333333333333,Medium social trust,3.25,High efficacy,Voted,2.0,5.0,Center (4-6),16.0,75.0,2.0
DE,9.0,9.0,6.0,7.0,9.0,8.0,9.0,9.0,4.333333333333333,Low social trust,3.0,High efficacy,Voted,1.0,5.0,Center (4-6),19.0,26.0,1.0
DE,5.0,1.0,1.0,1.0,1.0,5.0,1.0,1.0,2.6666666666666665,Low social trust,1.25,Low efficacy,Voted,2.0,1.0,Left (0-3),11.0,62.0,2.0
DE,7.0,5.0,5.0,5.0,6.0,8.0,6.0,6.0,8.333333333333334,High social trust,2.25,Low efficacy,Voted,2.0,2.0,Left (0-3),12.0,58.0,2.0
DE,8.0,5.0,4.0,6.0,7.0,7.0,6.0,6.0,4.333333333333333,Low social trust,3.25,High efficacy,Voted,1.0,1.0,Left (0-3),21.0,36.0,2.0
DE,8.0,8.0,6.0,6.0,9.0,8.0,4.0,6.0,6.666666666666667,High social trust,3.0,High efficacy,Voted,2.0,3.0,Left (0-3),17.0,59.0,2.0
DE,5.0,2.0,0.0,4.0,2.0,1.0,2.0,4.0,3.3333333333333335,Low social trust,2.0,Low efficacy,Did not vote,2.0,6.0,Center (4-6),12.0,27.0,2.0
DE,5.0,5.0,4.0,4.0,3.0,6.0,5.0,4.0,4.333333333333333,Low social trust,2.25,Low efficacy,Voted,2.0,5.0,Center (4-6),8.0,90.0,2.0
DE,6.0,3.0,2.0,3.0,6.0,8.0,5.0,1.0,6.333333333333333,Medium social trust,1.75,Low efficacy,Voted,2.0,5.0,Center (4-6),14.0,40.0,1.0
DE,5.0,4.0,4.0,3.0,6.0,9.0,5.0,5.0,5.666666666666667,Medium social trust,2.5,Medium efficacy,Voted,1.0,3.0,Left (0-3),13.0,51.0,2.0
DE,6.0,7.0,4.0,5.0,3.0,6.0,5.0,6.0,5.666666666666667,Medium social trust,2.5,Medium efficacy,Did not vote,2.0,5.0,Center (4-6),18.0,55.0,1.0
DE,0.0,0.0,0.0,0.0,0.0,0.0,0.0,0.0,6.333333333333333,Medium social trust,1.0,Low efficacy,Did not vote,2.0,5.0,Center (4-6),12.0,59.0,1.0
DE,6.0,6.0,5.0,5.0,7.0,8.0,6.0,5.0,7.0,High social trust,1.5,Low efficacy,Voted,1.0,5.0,Center (4-6),15.0,44.0,2.0
DE,4.0,3.0,2.0,2.0,3.0,5.0,5.0,5.0,6.0,Medium social trust,2.0,Low efficacy,Did not vote,1.0,3.0,Left (0-3),12.0,64.0,2.0
DE,0.0,1.0,0.0,0.0,3.0,3.0,0.0,0.0,3.3333333333333335,Low social trust,1.5,Low efficacy,Voted,3.0,5.0,Center (4-6),11.0,61.0,2.0
DE,1.0,1.0,0.0,0.0,10.0,9.0,1.0,3.0,2.0,Low social trust,3.25,High efficacy,Voted,1.0,5.0,Center (4-6),13.0,42.0,1.0
DE,4.0,2.0,2.0,4.0,5.0,7.0,5.0,5.0,6.0,Medium social trust,2.25,Low efficacy,Voted,3.0,5.0,Center (4-6),14.0,25.0,1.0
DE,8.0,7.0,3.0,5.0,9.0,6.0,8.0,4.0,7.333333333333333,High social trust,3.5,High efficacy,Voted,2.0,3.0,Left (0-3),17.0,38.0,1.0
DE,4.0,3.0,3.0,4.0,5.0,4.0,4.0,4.0,6.666666666666667,High social trust,2.75,Medium efficacy,Voted,1.0,7.0,Right (7-10),15.0,50.0,1.0
DE,8.0,8.0,3.0,3.0,10.0,6.0,8.0,8.0,6.666666666666667,High social trust,2.75,Medium efficacy,Voted,1.0,0.0,Left (0-3),17.0,37.0,1.0
DE,2.0,7.0,0.0,0.0,5.0,7.0,1.0,2.0,5.0,Low social trust,3.0,High efficacy,Did not vote,1.0,3.0,Left (0-3),10.0,59.0,1.0
DE,3.0,5.0,3.0,3.0,6.0,7.0,3.0,2.0,5.666666666666667,Medium social trust,2.5,Medium efficacy,Voted,2.0,5.0,Center (4-6),13.0,59.0,2.0
DE,10.0,7.0,7.0,7.0,8.0,10.0,6.0,6.0,6.0,Medium social trust,2.75,Medium efficacy,Voted,1.0,8.0,Right (7-10),14.0,47.0,2.0
DE,6.0,0.0,5.0,0.0,6.0,10.0,5.0,3.0,6.666666666666667,High social trust,2.0,Low efficacy,Voted,2.0,5.0,Center (4-6),12.0,83.0,2.0
DE,2.0,4.0,5.0,5.0,8.0,8.0,4.0,4.0,5.0,Low social trust,2.0,Low efficacy,Voted,1.0,5.0,Center (4-6),9.0,83.0,2.0
DE,2.0,0.0,0.0,0.0,0.0,4.0,0.0,1.0,3.6666666666666665,Low social trust,1.5,Low efficacy,Voted,2.0,5.0,Center (4-6),13.0,55.0,2.0
DE,3.0,6.0,4.0,4.0,8.0,8.0,3.0,2.0,5.666666666666667,Medium social trust,2.5,Medium efficacy,Voted,2.0,7.0,Right (7-10),13.0,55.0,2.0
DE,3.0,7.0,4.0,5.0,8.0,9.0,5.0,6.0,5.0,Low social trust,3.0,High efficacy,Voted,1.0,7.0,Right (7-10),17.0,49.0,1.0
DE,8.0,10.0,5.0,6.0,7.0,5.0,7.0,8.0,9.333333333333334,High social trust,3.0,High efficacy,Voted,1.0,2.0,Left (0-3),14.0,54.0,1.0
DE,6.0,6.0,4.0,3.0,7.0,6.0,5.0,5.0,5.666666666666667,Medium social trust,2.5,Medium efficacy,Voted,1.0,6.0,Center (4-6),22.0,53.0,1.0
DE,0.0,0.0,0.0,0.0,5.0,10.0,0.0,0.0,3.6666666666666665,Low social trust,1.0,Low efficacy,Did not vote,4.0,5.0,Center (4-6),10.0,58.0,2.0
DE,7.0,6.0,3.0,3.0,7.0,6.0,2.0,7.0,6.666666666666667,High social trust,3.25,High efficacy,Voted,1.0,7.0,Right (7-10),13.0,65.0,1.0
DE,10.0,3.0,2.0,4.0,9.0,8.0,5.0,7.0,6.0,Medium social trust,2.75,Medium efficacy,Voted,1.0,6.0,Center (4-6),16.0,32.0,1.0
DE,7.0,5.0,2.0,5.0,3.0,7.0,3.0,8.0,6.333333333333333,Medium social trust,2.25,Low efficacy,Voted,1.0,5.0,Center (4-6),17.0,75.0,1.0
DE,2.0,3.0,0.0,3.0,2.0,3.0,0.0,2.0,4.333333333333333,Low social trust,1.75,Low efficacy,Voted,1.0,4.0,Center (4-6),12.0,68.0,1.0
DE,8.0,6.0,6.0,6.0,8.0,8.0,6.0,7.0,6.666666666666667,High social trust,3.5,High efficacy,Voted,1.0,3.0,Left (0-3),18.0,31.0,1.0
DE,6.0,7.0,6.0,5.0,4.0,3.0,5.0,6.0,6.333333333333333,Medium social trust,3.0,High efficacy,Voted,1.0,5.0,Center (4-6),15.0,38.0,2.0
DE,9.0,8.0,5.0,7.0,10.0,9.0,7.0,10.0,7.666666666666667,High social trust,3.5,High efficacy,Voted,2.0,0.0,Left (0-3),14.0,69.0,1.0
DE,1.0,0.0,1.0,0.0,6.0,7.0,0.0,3.0,6.0,Medium social trust,2.5,Medium efficacy,Voted,1.0,9.0,Right (7-10),22.0,70.0,1.0
DE,0.0,5.0,2.0,1.0,0.0,0.0,3.0,1.0,4.666666666666667,Low social trust,2.5,Medium efficacy,Did not vote,3.0,5.0,Center (4-6),13.0,39.0,2.0
DE,9.0,7.0,6.0,5.0,9.0,10.0,7.0,7.0,5.333333333333333,Medium social trust,3.5,High efficacy,Voted,1.0,5.0,Center (4-6),13.0,68.0,2.0
DE,3.0,0.0,0.0,3.0,7.0,8.0,9.0,5.0,4.0,Low social trust,2.5,Medium efficacy,Voted,1.0,5.0,Center (4-6),14.0,58.0,2.0
DE,4.0,2.0,2.0,1.0,7.0,8.0,0.0,3.0,4.0,Low social trust,1.75,Low efficacy,Voted,1.0,5.0,Center (4-6),14.0,80.0,1.0
DE,8.0,7.0,5.0,3.0,8.0,8.0,4.0,7.0,4.0,Low social trust,2.75,Medium efficacy,Voted,1.0,2.0,Left (0-3),11.0,69.0,1.0
DE,3.0,2.0,1.0,0.0,2.0,2.0,2.0,3.0,5.0,Low social trust,2.75,Medium efficacy,Voted,1.0,9.0,Right (7-10),16.0,67.0,1.0
DE,4.0,5.0,3.0,1.0,8.0,4.0,2.0,7.0,4.0,Low social trust,2.25,Low efficacy,Voted,1.0,5.0,Center (4-6),12.0,55.0,1.0
DE,2.0,4.0,1.0,1.0,5.0,6.0,2.0,2.0,3.6666666666666665,Low social trust,1.5,Low efficacy,Did not vote,2.0,7.0,Right (7-10),12.0,54.0,1.0
DE,8.0,9.0,5.0,4.0,9.0,7.0,8.0,6.0,5.0,Low social trust,2.0,Low efficacy,Voted,2.0,5.0,Center (4-6),12.0,53.0,2.0
DE,5.0,3.0,3.0,2.0,2.0,4.0,1.0,0.0,8.0,High social trust,2.75,Medium efficacy,Did not vote,3.0,7.0,Right (7-10),17.0,79.0,2.0
DE,6.0,4.0,5.0,4.0,3.0,5.0,4.0,4.0,5.333333333333333,Medium social trust,3.5,High efficacy,Voted,1.0,7.0,Right (7-10),16.0,40.0,1.0
DE,9.0,8.0,7.0,6.0,9.0,9.0,6.0,7.0,7.0,High social trust,2.25,Low efficacy,Voted,1.0,4.0,Center (4-6),11.0,77.0,2.0
DE,8.0,8.0,6.0,8.0,9.0,7.0,7.0,4.0,3.6666666666666665,Low social trust,3.75,High efficacy,Voted,1.0,4.0,Center (4-6),18.0,25.0,1.0
DE,4.0,0.0,0.0,5.0,5.0,8.0,3.0,3.0,3.6666666666666665,Low social trust,2.25,Low efficacy,Voted,2.0,5.0,Center (4-6),15.0,61.0,2.0
DE,5.0,3.0,3.0,3.0,3.0,3.0,3.0,3.0,6.0,Medium social trust,1.5,Low efficacy,Voted,2.0,7.0,Right (7-10),13.0,24.0,1.0
DE,4.0,6.0,7.0,7.0,7.0,5.0,7.0,7.0,5.0,Low social trust,1.75,Low efficacy,Voted,2.0,5.0,Center (4-6),13.0,66.0,2.0
DE,8.0,7.0,5.0,4.0,6.0,6.0,6.0,7.0,5.666666666666667,Medium social trust,2.75,Medium efficacy,Voted,2.0,3.0,Left (0-3),15.0,64.0,1.0
DE,9.0,5.0,3.0,4.0,5.0,7.0,5.0,5.0,8.0,High social trust,2.5,Medium efficacy,Voted,2.0,5.0,Center (4-6),14.0,68.0,1.0
DE,5.0,4.0,2.0,4.0,8.0,9.0,6.0,6.0,4.0,Low social trust,2.25,Low efficacy,Voted,2.0,2.0,Left (0-3),15.0,24.0,1.0
DE,7.0,6.0,6.0,5.0,8.0,8.0,6.0,7.0,5.333333333333333,Medium social trust,3.75,High efficacy,Voted,2.0,3.0,Left (0-3),18.0,30.0,1.0
DE,7.0,5.0,4.0,4.0,7.0,6.0,3.0,4.0,4.333333333333333,Low social trust,2.5,Medium efficacy,Voted,2.0,4.0,Center (4-6),12.0,60.0,1.0
DE,9.0,8.0,5.0,5.0,6.0,10.0,5.0,5.0,6.666666666666667,High social trust,3.0,High efficacy,Voted,2.0,9.0,Right (7-10),16.0,35.0,1.0
DE,4.0,5.0,4.0,5.0,6.0,5.0,4.0,5.0,6.333333333333333,Medium social trust,2.25,Low efficacy,Voted,2.0,4.0,Center (4-6),12.0,46.0,1.0
DE,8.0,8.0,3.0,2.0,6.0,6.0,6.0,7.0,5.333333333333333,Medium social trust,3.0,High efficacy,Voted,2.0,4.0,Center (4-6),19.0,49.0,2.0
DE,3.0,7.0,6.0,5.0,9.0,9.0,5.0,7.0,4.333333333333333,Low social trust,3.25,High efficacy,Voted,2.0,5.0,Center (4-6),17.0,51.0,2.0
DE,4.0,3.0,3.0,3.0,7.0,7.0,3.0,4.0,7.0,High social trust,1.75,Low efficacy,Voted,1.0,5.0,Center (4-6),19.0,57.0,2.0
DE,8.0,9.0,8.0,6.0,10.0,9.0,9.0,5.0,6.666666666666667,High social trust,4.0,High efficacy,Voted,2.0,3.0,Left (0-3),17.0,76.0,1.0
DE,7.0,7.0,7.0,7.0,8.0,8.0,7.0,6.0,7.333333333333333,High social trust,2.75,Medium efficacy,Voted,2.0,5.0,Center (4-6),11.0,80.0,1.0
DE,8.0,9.0,5.0,7.0,9.0,9.0,9.0,7.0,5.333333333333333,Medium social trust,3.0,High efficacy,Did not vote,1.0,7.0,Right (7-10),21.0,29.0,1.0
DE,8.0,8.0,5.0,5.0,6.0,4.0,6.0,7.0,6.666666666666667,High social trust,2.75,Medium efficacy,Voted,2.0,2.0,Left (0-3),17.0,34.0,1.0
DE,10.0,10.0,6.0,6.0,10.0,8.0,9.0,5.0,5.666666666666667,Medium social trust,3.75,High efficacy,Voted,1.0,0.0,Left (0-3),20.0,81.0,1.0
DE,5.0,5.0,4.0,5.0,6.0,7.0,6.0,6.0,6.333333333333333,Medium social trust,2.5,Medium efficacy,Voted,2.0,0.0,Left (0-3),12.0,65.0,2.0
DE,8.0,5.0,2.0,1.0,7.0,4.0,3.0,3.0,5.666666666666667,Medium social trust,3.0,High efficacy,Voted,1.0,6.0,Center (4-6),23.0,62.0,1.0
DE,7.0,8.0,7.0,6.0,8.0,8.0,8.0,8.0,7.333333333333333,High social trust,3.75,High efficacy,Voted,1.0,3.0,Left (0-3),20.0,46.0,1.0
DE,9.0,3.0,2.0,2.0,3.0,3.0,2.0,7.0,2.3333333333333335,Low social trust,2.25,Low efficacy,Voted,1.0,9.0,Right (7-10),14.0,65.0,1.0
DE,3.0,4.0,3.0,4.0,7.0,7.0,6.0,6.0,5.333333333333333,Medium social trust,2.5,Medium efficacy,Voted,2.0,3.0,Left (0-3),14.0,43.0,1.0
DE,8.0,8.0,7.0,7.0,8.0,9.0,7.0,8.0,6.666666666666667,High social trust,2.75,Medium efficacy,Voted,1.0,5.0,Center (4-6),15.0,33.0,1.0
DE,7.0,9.0,8.0,8.0,8.0,9.0,8.0,7.0,7.0,High social trust,4.25,High efficacy,Voted,1.0,4.0,Center (4-6),13.0,67.0,1.0
DE,8.0,7.0,2.0,2.0,5.0,8.0,5.0,6.0,7.333333333333333,High social trust,3.5,High efficacy,Voted,1.0,4.0,Center (4-6),17.0,39.0,2.0
DE,4.0,3.0,2.0,2.0,6.0,6.0,5.0,1.0,8.333333333333334,High social trust,2.5,Medium efficacy,Voted,2.0,5.0,Center (4-6),17.0,31.0,1.0
DE,8.0,7.0,5.0,5.0,9.0,9.0,6.0,7.0,7.333333333333333,High social trust,2.75,Medium efficacy,Voted,1.0,4.0,Center (4-6),14.0,34.0,1.0
DE,6.0,5.0,4.0,4.0,7.0,7.0,3.0,5.0,6.0,Medium social trust,2.5,Medium efficacy,Voted,2.0,3.0,Left (0-3),15.0,74.0,2.0
DE,4.0,3.0,3.0,3.0,8.0,8.0,2.0,2.0,4.0,Low social trust,3.5,High efficacy,Voted,1.0,7.0,Right (7-10),13.0,41.0,1.0
DE,3.0,8.0,3.0,2.0,5.0,10.0,5.0,6.0,9.333333333333334,High social trust,1.75,Low efficacy,Voted,2.0,6.0,Center (4-6),12.0,44.0,1.0
DE,9.0,9.0,8.0,8.0,10.0,10.0,9.0,9.0,8.0,High social trust,3.0,High efficacy,Voted,2.0,3.0,Left (0-3),21.0,32.0,2.0
DE,6.0,6.0,7.0,1.0,8.0,8.0,3.0,2.0,2.0,Low social trust,1.5,Low efficacy,Voted,2.0,1.0,Left (0-3),6.0,81.0,2.0
DE,5.0,4.0,4.0,2.0,8.0,8.0,3.0,2.0,7.333333333333333,High social trust,2.5,Medium efficacy,Voted,2.0,3.0,Left (0-3),18.0,74.0,1.0
DE,2.0,0.0,0.0,0.0,2.0,3.0,0.0,0.0,1.6666666666666667,Low social trust,2.0,Low efficacy,Voted,2.0,5.0,Center (4-6),13.0,75.0,1.0
DE,8.0,7.0,7.0,7.0,7.0,8.0,6.0,8.0,7.666666666666667,High social trust,3.75,High efficacy,Voted,1.0,5.0,Center (4-6),16.0,65.0,1.0
DE,4.0,3.0,5.0,5.0,3.0,2.0,6.0,6.0,4.0,Low social trust,2.5,Medium efficacy,Did not vote,3.0,5.0,Center (4-6),11.0,48.0,1.0
DE,2.0,4.0,3.0,3.0,5.0,8.0,6.0,5.0,3.3333333333333335,Low social trust,2.75,Medium efficacy,Voted,2.0,6.0,Center (4-6),18.0,52.0,2.0
DE,3.0,1.0,2.0,4.0,3.0,10.0,3.0,3.0,4.333333333333333,Low social trust,2.0,Low efficacy,Voted,2.0,4.0,Center (4-6),12.0,61.0,1.0
DE,7.0,7.0,6.0,4.0,9.0,9.0,5.0,5.0,3.6666666666666665,Low social trust,2.75,Medium efficacy,Voted,1.0,5.0,Center (4-6),16.0,43.0,1.0
DE,7.0,8.0,7.0,7.0,7.0,8.0,6.0,7.0,6.666666666666667,High social trust,3.25,High efficacy,Voted,2.0,5.0,Center (4-6),14.0,64.0,1.0
DE,6.0,1.0,4.0,3.0,3.0,5.0,5.0,1.0,4.333333333333333,Low social trust,1.75,Low efficacy,Voted,1.0,5.0,Center (4-6),14.0,64.0,2.0
DE,7.0,4.0,3.0,2.0,6.0,6.0,4.0,4.0,7.0,High social trust,2.0,Low efficacy,Voted,1.0,5.0,Center (4-6),19.0,40.0,2.0
DE,9.0,8.0,6.0,6.0,7.0,6.0,7.0,7.0,6.333333333333333,Medium social trust,3.25,High efficacy,Voted,2.0,3.0,Left (0-3),20.0,56.0,1.0
DE,8.0,2.0,3.0,1.0,5.0,8.0,2.0,2.0,6.0,Medium social trust,1.5,Low efficacy,Voted,2.0,4.0,Center (4-6),14.0,46.0,1.0
DE,7.0,5.0,4.0,2.0,7.0,10.0,7.0,5.0,6.333333333333333,Medium social trust,2.75,Medium efficacy,Voted,1.0,3.0,Left (0-3),14.0,66.0,1.0
DE,5.0,3.0,2.0,3.0,6.0,6.0,3.0,3.0,5.666666666666667,Medium social trust,2.25,Low efficacy,Voted,1.0,3.0,Left (0-3),15.0,23.0,1.0
DE,9.0,10.0,8.0,10.0,10.0,9.0,10.0,10.0,6.333333333333333,Medium social trust,5.0,High efficacy,Voted,1.0,5.0,Center (4-6),19.0,56.0,1.0
DE,10.0,7.0,5.0,4.0,9.0,5.0,5.0,8.0,8.0,High social trust,3.25,High efficacy,Voted,2.0,2.0,Left (0-3),18.0,77.0,1.0
DE,8.0,3.0,2.0,2.0,8.0,3.0,6.0,4.0,2.0,Low social trust,2.25,Low efficacy,Voted,2.0,4.0,Center (4-6),20.0,42.0,1.0
DE,5.0,8.0,5.0,5.0,8.0,9.0,5.0,7.0,6.333333333333333,Medium social trust,2.0,Low efficacy,Voted,1.0,6.0,Center (4-6),22.0,38.0,1.0
DE,8.0,7.0,5.0,6.0,7.0,8.0,7.0,5.0,6.666666666666667,High social trust,3.5,High efficacy,Voted,1.0,3.0,Left (0-3),18.0,34.0,2.0
DE,3.0,0.0,0.0,2.0,8.0,9.0,2.0,1.0,3.0,Low social trust,2.0,Low efficacy,Voted,2.0,5.0,Center (4-6),17.0,39.0,1.0
DE,7.0,6.0,6.0,7.0,8.0,8.0,7.0,6.0,4.666666666666667,Low social trust,2.25,Low efficacy,Voted,2.0,4.0,Center (4-6),13.0,49.0,2.0
DE,9.0,9.0,9.0,8.0,9.0,9.0,8.0,8.0,7.666666666666667,High social trust,3.5,High efficacy,Voted,1.0,4.0,Center (4-6),17.0,58.0,1.0
DE,8.0,6.0,5.0,5.0,8.0,8.0,5.0,5.0,6.666666666666667,High social trust,2.0,Low efficacy,Voted,1.0,5.0,Center (4-6),13.0,36.0,2.0
DE,7.0,6.0,6.0,4.0,7.0,8.0,3.0,4.0,5.333333333333333,Medium social trust,2.25,Low efficacy,Voted,2.0,6.0,Center (4-6),13.0,62.0,2.0
DE,5.0,4.0,4.0,5.0,8.0,8.0,5.0,5.0,5.666666666666667,Medium social trust,2.5,Medium efficacy,Voted,1.0,6.0,Center (4-6),10.0,81.0,2.0
DE,6.0,2.0,3.0,3.0,7.0,7.0,3.0,4.0,4.333333333333333,Low social trust,3.25,High efficacy,Did not vote,3.0,5.0,Center (4-6),14.0,53.0,1.0
DE,4.0,7.0,5.0,2.0,4.0,2.0,2.0,5.0,6.666666666666667,High social trust,2.5,Medium efficacy,Voted,1.0,1.0,Left (0-3),14.0,24.0,1.0
DE,9.0,6.0,4.0,5.0,7.0,7.0,6.0,4.0,4.333333333333333,Low social trust,2.75,Medium efficacy,Voted,1.0,5.0,Center (4-6),19.0,33.0,1.0
DE,6.0,6.0,5.0,4.0,10.0,6.0,8.0,8.0,6.666666666666667,High social trust,2.5,Medium efficacy,Did not vote,1.0,7.0,Right (7-10),17.0,23.0,1.0
DE,6.0,5.0,5.0,5.0,7.0,7.0,4.0,4.0,6.666666666666667,High social trust,1.75,Low efficacy,Voted,2.0,5.0,Center (4-6),13.0,67.0,2.0
DE,7.0,9.0,2.0,2.0,6.0,8.0,1.0,3.0,6.333333333333333,Medium social trust,2.25,Low efficacy,Voted,2.0,5.0,Center (4-6),15.0,66.0,2.0
DE,5.0,5.0,3.0,3.0,5.0,5.0,3.0,3.0,7.333333333333333,High social trust,2.5,Medium efficacy,Voted,1.0,0.0,Left (0-3),16.0,48.0,2.0
DE,5.0,6.0,4.0,7.0,4.0,7.0,7.0,8.0,6.333333333333333,Medium social trust,2.5,Medium efficacy,Voted,2.0,5.0,Center (4-6),16.0,22.0,1.0
DE,9.0,10.0,10.0,7.0,10.0,8.0,8.0,9.0,8.666666666666666,High social trust,4.5,High efficacy,Voted,1.0,2.0,Left (0-3),17.0,43.0,2.0
DE,5.0,3.0,1.0,1.0,4.0,4.0,1.0,1.0,3.3333333333333335,Low social trust,1.75,Low efficacy,Voted,2.0,5.0,Center (4-6),17.0,46.0,2.0
DE,5.0,6.0,5.0,5.0,8.0,8.0,5.0,7.0,6.333333333333333,Medium social trust,2.5,Medium efficacy,Voted,1.0,6.0,Center (4-6),16.0,48.0,2.0
DE,7.0,4.0,2.0,3.0,8.0,8.0,5.0,5.0,6.666666666666667,High social trust,2.25,Low efficacy,Voted,1.0,4.0,Center (4-6),18.0,38.0,2.0
DE,7.0,5.0,0.0,0.0,0.0,5.0,4.0,5.0,4.666666666666667,Low social trust,2.5,Medium efficacy,Voted,1.0,5.0,Center (4-6),14.0,82.0,1.0
DE,9.0,7.0,4.0,4.0,7.0,8.0,3.0,6.0,6.333333333333333,Medium social trust,3.5,High efficacy,Voted,1.0,4.0,Center (4-6),13.0,61.0,1.0
DE,8.0,8.0,5.0,5.0,8.0,10.0,5.0,5.0,5.0,Low social trust,2.75,Medium efficacy,Voted,2.0,5.0,Center (4-6),14.0,30.0,1.0
DE,7.0,3.0,3.0,5.0,5.0,8.0,6.0,6.0,4.666666666666667,Low social trust,2.75,Medium efficacy,Voted,1.0,5.0,Center (4-6),17.0,40.0,1.0
DE,0.0,0.0,0.0,3.0,0.0,0.0,3.0,3.0,6.333333333333333,Medium social trust,1.75,Low efficacy,Did not vote,4.0,10.0,Right (7-10),11.0,50.0,1.0
DE,2.0,6.0,3.0,2.0,8.0,9.0,1.0,4.0,5.666666666666667,Medium social trust,3.25,High efficacy,Voted,1.0,6.0,Center (4-6),16.0,53.0,1.0
DE,7.0,7.0,7.0,7.0,6.0,8.0,7.0,8.0,6.0,Medium social trust,2.25,Low efficacy,Voted,2.0,5.0,Center (4-6),20.0,41.0,2.0
DE,5.0,2.0,2.0,2.0,7.0,8.0,3.0,2.0,7.333333333333333,High social trust,2.5,Medium efficacy,Voted,1.0,3.0,Left (0-3),13.0,67.0,1.0
DE,7.0,8.0,7.0,8.0,9.0,8.0,9.0,8.0,3.3333333333333335,Low social trust,3.25,High efficacy,Voted,1.0,4.0,Center (4-6),18.0,32.0,1.0
DE,3.0,0.0,0.0,3.0,3.0,5.0,0.0,0.0,7.666666666666667,High social trust,2.5,Medium efficacy,Voted,2.0,5.0,Center (4-6),13.0,52.0,1.0
DE,9.0,9.0,7.0,9.0,9.0,9.0,9.0,9.0,5.0,Low social trust,3.0,High efficacy,Voted,3.0,5.0,Center (4-6),25.0,44.0,1.0
DE,0.0,1.0,0.0,1.0,9.0,0.0,3.0,6.0,4.0,Low social trust,1.25,Low efficacy,Did not vote,1.0,2.0,Left (0-3),12.0,54.0,1.0
DE,8.0,5.0,4.0,4.0,8.0,9.0,6.0,4.0,6.0,Medium social trust,2.25,Low efficacy,Voted,2.0,5.0,Center (4-6),16.0,39.0,2.0
DE,8.0,6.0,5.0,3.0,7.0,9.0,4.0,7.0,7.0,High social trust,3.0,High efficacy,Voted,2.0,4.0,Center (4-6),9.0,73.0,1.0
DE,2.0,7.0,2.0,3.0,5.0,8.0,2.0,0.0,7.0,High social trust,2.0,Low efficacy,Voted,2.0,5.0,Center (4-6),14.0,51.0,1.0
DE,5.0,6.0,4.0,4.0,8.0,8.0,5.0,6.0,5.666666666666667,Medium social trust,2.0,Low efficacy,Voted,2.0,5.0,Center (4-6),13.0,77.0,1.0
DE,9.0,8.0,7.0,7.0,10.0,9.0,7.0,9.0,5.666666666666667,Medium social trust,3.25,High efficacy,Voted,1.0,4.0,Center (4-6),19.0,42.0,1.0
DE,9.0,8.0,8.0,7.0,8.0,8.0,7.0,7.0,7.666666666666667,High social trust,2.25,Low efficacy,Voted,2.0,5.0,Center (4-6),15.0,56.0,2.0
DE,8.0,4.0,1.0,1.0,7.0,9.0,4.0,5.0,6.0,Medium social trust,2.75,Medium efficacy,Voted,2.0,3.0,Left (0-3),19.0,25.0,1.0
DE,10.0,10.0,7.0,7.0,10.0,10.0,8.0,8.0,8.666666666666666,High social trust,3.25,High efficacy,Voted,1.0,5.0,Center (4-6),12.0,73.0,1.0
DE,7.0,5.0,4.0,4.0,8.0,7.0,3.0,4.0,5.333333333333333,Medium social trust,2.75,Medium efficacy,Voted,2.0,5.0,Center (4-6),18.0,25.0,2.0
DE,5.0,0.0,1.0,3.0,5.0,8.0,5.0,3.0,4.0,Low social trust,1.75,Low efficacy,Voted,1.0,5.0,Center (4-6),13.0,51.0,2.0
DE,3.0,3.0,3.0,1.0,8.0,4.0,6.0,7.0,5.666666666666667,Medium social trust,1.75,Low efficacy,Voted,2.0,2.0,Left (0-3),20.0,40.0,1.0
DE,9.0,7.0,8.0,7.0,7.0,8.0,4.0,4.0,7.333333333333333,High social trust,2.25,Low efficacy,Voted,2.0,3.0,Left (0-3),15.0,71.0,2.0
DE,2.0,0.0,0.0,0.0,0.0,0.0,0.0,0.0,7.666666666666667,High social trust,1.6666666666666667,Low efficacy,Voted,2.0,5.0,Center (4-6),15.0,63.0,2.0
DE,5.0,7.0,6.0,6.0,8.0,8.0,4.0,7.0,4.0,Low social trust,2.25,Low efficacy,Voted,2.0,8.0,Right (7-10),19.0,30.0,1.0
DE,7.0,6.0,3.0,3.0,8.0,8.0,2.0,6.0,6.666666666666667,High social trust,2.5,Medium efficacy,Voted,2.0,6.0,Center (4-6),12.0,69.0,1.0
DE,7.0,5.0,4.0,3.0,7.0,8.0,6.0,5.0,6.0,Medium social trust,2.0,Low efficacy,Voted,1.0,6.0,Center (4-6),12.0,83.0,1.0
DE,6.0,4.0,4.0,4.0,5.0,9.0,4.0,5.0,4.333333333333333,Low social trust,2.25,Low efficacy,Voted,2.0,2.0,Left (0-3),13.0,48.0,2.0
DE,6.0,1.0,0.0,1.0,9.0,9.0,1.0,0.0,7.0,High social trust,2.25,Low efficacy,Voted,1.0,3.0,Left (0-3),12.0,50.0,2.0
DE,2.0,2.0,0.0,2.0,2.0,4.0,3.0,3.0,3.0,Low social trust,3.0,High efficacy,Voted,2.0,5.0,Center (4-6),11.0,45.0,2.0
DE,8.0,7.0,5.0,5.0,7.0,6.0,7.0,5.0,7.666666666666667,High social trust,2.5,Medium efficacy,Voted,1.0,3.0,Left (0-3),15.0,23.0,2.0
DE,2.0,2.0,5.0,5.0,4.0,7.0,3.0,5.0,8.0,High social trust,1.75,Low efficacy,Did not vote,1.0,3.0,Left (0-3),16.0,78.0,2.0
DE,7.0,4.0,5.0,1.0,9.0,9.0,3.0,3.0,8.0,High social trust,2.25,Low efficacy,Voted,1.0,7.0,Right (7-10),12.0,63.0,2.0
DE,8.0,6.0,4.0,6.0,7.0,8.0,6.0,4.0,6.0,Medium social trust,2.75,Medium efficacy,Voted,1.0,5.0,Center (4-6),10.0,83.0,2.0
DE,9.0,10.0,7.0,5.0,8.0,7.0,5.0,4.0,7.666666666666667,High social trust,2.75,Medium efficacy,Voted,1.0,2.0,Left (0-3),19.0,76.0,1.0
DE,7.0,10.0,6.0,6.0,10.0,9.0,6.0,8.0,5.666666666666667,Medium social trust,3.25,High efficacy,Voted,1.0,4.0,Center (4-6),16.0,46.0,2.0
DE,8.0,5.0,6.0,5.0,8.0,10.0,6.0,7.0,6.666666666666667,High social trust,2.25,Low efficacy,Voted,2.0,5.0,Center (4-6),15.0,51.0,2.0
DE,7.0,2.0,3.0,1.0,6.0,7.0,3.0,1.0,1.6666666666666667,Low social trust,3.5,High efficacy,Voted,2.0,4.0,Center (4-6),12.0,60.0,1.0
DE,6.0,0.0,5.0,5.0,6.0,9.0,2.0,2.0,6.666666666666667,High social trust,1.5,Low efficacy,Voted,1.0,10.0,Right (7-10),11.0,82.0,1.0
DE,5.0,3.0,3.0,2.0,4.0,5.0,3.0,3.0,6.0,Medium social trust,2.0,Low efficacy,Voted,2.0,2.0,Left (0-3),17.0,40.0,2.0
DE,9.0,7.0,5.0,7.0,9.0,9.0,9.0,8.0,8.333333333333334,High social trust,3.25,High efficacy,Voted,1.0,5.0,Center (4-6),20.0,27.0,2.0
DE,4.0,2.0,3.0,1.0,0.0,7.0,4.0,1.0,3.6666666666666665,Low social trust,2.25,Low efficacy,Voted,2.0,5.0,Center (4-6),14.0,90.0,1.0
DE,9.0,8.0,5.0,5.0,10.0,9.0,5.0,6.0,6.333333333333333,Medium social trust,3.0,High efficacy,Voted,2.0,3.0,Left (0-3),19.0,39.0,1.0
DE,8.0,8.0,8.0,6.0,7.0,4.0,8.0,7.0,7.333333333333333,High social trust,3.25,High efficacy,Voted,2.0,1.0,Left (0-3),20.0,30.0,2.0
DE,1.0,5.0,1.0,1.0,1.0,8.0,3.0,1.0,4.333333333333333,Low social trust,1.25,Low efficacy,Voted,3.0,7.0,Right (7-10),8.0,32.0,2.0
DE,4.0,1.0,0.0,1.0,4.0,6.0,3.0,4.0,5.333333333333333,Medium social trust,1.25,Low efficacy,Voted,2.0,4.0,Center (4-6),12.0,58.0,2.0
DE,8.0,5.0,6.0,5.0,6.0,8.0,5.0,5.0,7.0,High social trust,2.25,Low efficacy,Voted,1.0,2.0,Left (0-3),13.0,21.0,2.0
DE,5.0,0.0,0.0,0.0,5.0,5.0,0.0,0.0,6.333333333333333,Medium social trust,2.0,Low efficacy,Did not vote,2.0,5.0,Center (4-6),12.0,61.0,1.0
DE,3.0,4.0,0.0,2.0,6.0,8.0,2.0,5.0,4.333333333333333,Low social trust,3.25,High efficacy,Voted,2.0,5.0,Center (4-6),13.0,72.0,1.0
DE,5.0,7.0,6.0,5.0,7.0,8.0,6.0,6.0,7.333333333333333,High social trust,2.75,Medium efficacy,Voted,2.0,5.0,Center (4-6),17.0,28.0,2.0
DE,6.0,7.0,6.0,5.0,8.0,9.0,4.0,4.0,2.6666666666666665,Low social trust,2.25,Low efficacy,Voted,2.0,4.0,Center (4-6),16.0,57.0,1.0
DE,1.0,2.0,0.0,2.0,7.0,10.0,2.0,4.0,6.666666666666667,High social trust,3.25,High efficacy,Voted,1.0,5.0,Center (4-6),15.0,53.0,2.0
DE,4.0,2.0,1.0,0.0,6.0,6.0,0.0,0.0,3.3333333333333335,Low social trust,1.5,Low efficacy,Did not vote,1.0,5.0,Center (4-6),20.0,62.0,1.0
DE,7.0,8.0,4.0,5.0,7.0,7.0,4.0,7.0,7.333333333333333,High social trust,2.75,Medium efficacy,Voted,1.0,2.0,Left (0-3),18.0,37.0,2.0
DE,3.0,4.0,3.0,2.0,4.0,2.0,3.0,0.0,5.0,Low social trust,2.25,Low efficacy,Voted,1.0,6.0,Center (4-6),15.0,27.0,2.0
DE,7.0,7.0,5.0,7.0,9.0,9.0,8.0,7.0,5.666666666666667,Medium social trust,3.25,High efficacy,Voted,1.0,5.0,Center (4-6),13.0,22.0,1.0
DE,6.0,7.0,6.0,6.0,7.0,8.0,5.0,4.0,5.333333333333333,Medium social trust,2.5,Medium efficacy,Voted,2.0,4.0,Center (4-6),24.0,72.0,1.0
DE,8.0,5.0,4.0,4.0,7.0,6.0,6.0,7.0,5.0,Low social trust,2.5,Medium efficacy,Voted,2.0,5.0,Center (4-6),14.0,66.0,1.0
DE,4.0,4.0,2.0,1.0,7.0,6.0,3.0,5.0,4.333333333333333,Low social trust,2.75,Medium efficacy,Voted,1.0,5.0,Center (4-6),12.0,30.0,1.0
DE,9.0,8.0,7.0,7.0,8.0,7.0,8.0,8.0,8.0,High social trust,4.25,High efficacy,Voted,1.0,2.0,Left (0-3),19.0,71.0,2.0
DE,5.0,0.0,0.0,5.0,2.0,5.0,0.0,0.0,2.6666666666666665,Low social trust,1.25,Low efficacy,Voted,2.0,8.0,Right (7-10),13.0,35.0,1.0
DE,5.0,6.0,2.0,3.0,7.0,9.0,6.0,7.0,2.3333333333333335,Low social trust,2.25,Low efficacy,Voted,2.0,5.0,Center (4-6),22.0,84.0,1.0
DE,3.0,5.0,3.0,3.0,6.0,7.0,4.0,3.0,3.6666666666666665,Low social trust,2.25,Low efficacy,Voted,1.0,5.0,Center (4-6),15.0,80.0,1.0
DE,7.0,5.0,2.0,1.0,6.0,8.0,3.0,8.0,2.3333333333333335,Low social trust,3.25,High efficacy,Voted,2.0,5.0,Center (4-6),13.0,43.0,1.0
DE,6.0,6.0,5.0,5.0,7.0,8.0,7.0,7.0,6.333333333333333,Medium social trust,2.25,Low efficacy,Voted,1.0,5.0,Center (4-6),13.0,46.0,2.0
DE,5.0,3.0,3.0,4.0,5.0,2.0,4.0,4.0,7.0,High social trust,3.25,High efficacy,Voted,1.0,3.0,Left (0-3),25.0,36.0,2.0
DE,1.0,0.0,0.0,0.0,0.0,2.0,0.0,1.0,4.666666666666667,Low social trust,2.0,Low efficacy,Did not vote,2.0,5.0,Center (4-6),17.0,55.0,2.0
DE,6.0,3.0,3.0,3.0,7.0,8.0,4.0,4.0,3.6666666666666665,Low social trust,1.5,Low efficacy,Voted,1.0,5.0,Center (4-6),15.0,44.0,1.0
DE,5.0,5.0,5.0,6.0,8.0,8.0,6.0,5.0,5.0,Low social trust,2.25,Low efficacy,Voted,2.0,5.0,Center (4-6),14.0,49.0,2.0
DE,8.0,7.0,6.0,6.0,9.0,9.0,5.0,5.0,7.666666666666667,High social trust,3.75,High efficacy,Voted,1.0,4.0,Center (4-6),17.0,58.0,1.0
DE,8.0,7.0,6.0,5.0,8.0,8.0,4.0,6.0,5.0,Low social trust,4.0,High efficacy,Voted,1.0,5.0,Center (4-6),18.0,58.0,1.0
DE,1.0,1.0,1.0,1.0,7.0,8.0,0.0,4.0,5.666666666666667,Medium social trust,2.0,Low efficacy,Voted,2.0,7.0,Right (7-10),12.0,63.0,1.0
DE,9.0,7.0,6.0,6.0,9.0,9.0,5.0,6.0,5.666666666666667,Medium social trust,3.5,High efficacy,Voted,1.0,5.0,Center (4-6),15.0,50.0,1.0
DE,7.0,8.0,5.0,5.0,6.0,5.0,8.0,8.0,7.333333333333333,High social trust,3.0,High efficacy,Voted,1.0,1.0,Left (0-3),16.0,41.0,1.0
DE,0.0,0.0,0.0,0.0,5.0,3.0,3.0,3.0,3.3333333333333335,Low social trust,2.75,Medium efficacy,Voted,2.0,5.0,Center (4-6),12.0,54.0,2.0
DE,5.0,4.0,5.0,3.0,4.0,3.0,4.0,4.0,4.0,Low social trust,2.5,Medium efficacy,Did not vote,2.0,5.0,Center (4-6),14.0,30.0,2.0
DE,0.0,0.0,0.0,0.0,0.0,2.0,2.0,2.0,4.666666666666667,Low social trust,1.5,Low efficacy,Voted,3.0,5.0,Center (4-6),13.0,40.0,2.0
DE,4.0,2.0,1.0,3.0,1.0,3.0,2.0,1.0,4.666666666666667,Low social trust,2.25,Low efficacy,Voted,2.0,1.0,Left (0-3),8.0,90.0,2.0
DE,6.0,3.0,3.0,3.0,6.0,6.0,3.0,3.0,4.333333333333333,Low social trust,2.75,Medium efficacy,Voted,2.0,6.0,Center (4-6),13.0,45.0,2.0
DE,8.0,9.0,6.0,6.0,8.0,8.0,8.0,8.0,5.0,Low social trust,3.75,High efficacy,Voted,1.0,6.0,Center (4-6),19.0,34.0,2.0
DE,6.0,3.0,2.0,2.0,5.0,7.0,1.0,2.0,7.333333333333333,High social trust,1.75,Low efficacy,Did not vote,1.0,5.0,Center (4-6),15.0,68.0,2.0
DE,5.0,6.0,4.0,4.0,8.0,8.0,4.0,4.0,6.0,Medium social trust,2.5,Medium efficacy,Voted,1.0,6.0,Center (4-6),15.0,56.0,1.0
DE,5.0,1.0,1.0,2.0,5.0,6.0,3.0,2.0,3.3333333333333335,Low social trust,1.75,Low efficacy,Voted,1.0,5.0,Center (4-6),12.0,75.0,1.0
DE,2.0,0.0,0.0,0.0,4.0,3.0,0.0,0.0,4.666666666666667,Low social trust,1.0,Low efficacy,Did not vote,2.0,2.0,Left (0-3),13.0,61.0,2.0
DE,7.0,10.0,5.0,5.0,9.0,9.0,8.0,8.0,6.333333333333333,Medium social trust,2.75,Medium efficacy,Voted,1.0,4.0,Center (4-6),14.0,67.0,1.0
DE,5.0,7.0,5.0,4.0,7.0,8.0,4.0,6.0,8.0,High social trust,2.5,Medium efficacy,Voted,2.0,5.0,Center (4-6),18.0,90.0,1.0
DE,3.0,5.0,4.0,4.0,8.0,7.0,6.0,5.0,5.333333333333333,Medium social trust,2.0,Low efficacy,Voted,2.0,5.0,Center (4-6),13.0,21.0,2.0
DE,6.0,6.0,5.0,5.0,9.0,10.0,2.0,8.0,9.333333333333334,High social trust,2.75,Medium efficacy,Did not vote,2.0,5.0,Center (4-6),13.0,69.0,1.0
DE,5.0,5.0,5.0,5.0,5.0,8.0,4.0,5.0,4.666666666666667,Low social trust,2.0,Low efficacy,Voted,2.0,2.0,Left (0-3),13.0,63.0,1.0
DE,0.0,0.0,3.0,3.0,5.0,10.0,3.0,3.0,6.666666666666667,High social trust,1.75,Low efficacy,Voted,2.0,5.0,Center (4-6),11.0,82.0,2.0
DE,7.0,2.0,3.0,3.0,7.0,2.0,8.0,8.0,6.333333333333333,Medium social trust,3.25,High efficacy,Voted,1.0,1.0,Left (0-3),19.0,27.0,1.0
DE,0.0,0.0,0.0,5.0,3.0,5.0,5.0,5.0,3.6666666666666665,Low social trust,1.5,Low efficacy,Did not vote,2.0,5.0,Center (4-6),13.0,29.0,2.0
DE,3.0,3.0,1.0,1.0,0.0,7.0,1.0,6.0,5.0,Low social trust,1.25,Low efficacy,Voted,1.0,5.0,Center (4-6),12.0,77.0,2.0
DE,5.0,6.0,4.0,4.0,8.0,7.0,6.0,7.0,6.0,Medium social trust,2.75,Medium efficacy,Voted,2.0,2.0,Left (0-3),20.0,53.0,2.0
DE,6.0,6.0,4.0,4.0,8.0,4.0,4.0,3.0,6.333333333333333,Medium social trust,2.25,Low efficacy,Voted,1.0,3.0,Left (0-3),20.0,29.0,1.0
DE,7.0,6.0,4.0,4.0,8.0,9.0,5.0,5.0,6.0,Medium social trust,3.25,High efficacy,Voted,1.0,5.0,Center (4-6),13.0,30.0,1.0
DE,5.0,8.0,8.0,6.0,7.0,10.0,9.0,9.0,6.0,Medium social trust,3.0,High efficacy,Voted,1.0,5.0,Center (4-6),10.0,16.0,2.0
DE,7.0,4.0,3.0,3.0,8.0,8.0,3.0,4.0,6.0,Medium social trust,2.75,Medium efficacy,Voted,1.0,3.0,Left (0-3),15.0,43.0,1.0
DE,6.0,7.0,5.0,5.0,9.0,8.0,7.0,7.0,7.333333333333333,High social trust,2.25,Low efficacy,Voted,1.0,3.0,Left (0-3),13.0,23.0,1.0
DE,3.0,2.0,2.0,2.0,8.0,10.0,2.0,4.0,4.666666666666667,Low social trust,1.5,Low efficacy,Voted,3.0,7.0,Right (7-10),10.0,64.0,1.0
DE,5.0,7.0,2.0,2.0,8.0,6.0,2.0,5.0,6.0,Medium social trust,4.5,High efficacy,Voted,1.0,5.0,Center (4-6),18.0,53.0,1.0
DE,7.0,6.0,6.0,5.0,9.0,9.0,5.0,6.0,6.0,Medium social trust,2.0,Low efficacy,Voted,1.0,2.0,Left (0-3),14.0,40.0,2.0
DE,0.0,0.0,0.0,0.0,0.0,0.0,0.0,0.0,5.333333333333333,Medium social trust,1.0,Low efficacy,Voted,2.0,0.0,Left (0-3),19.0,61.0,2.0
DE,6.0,5.0,3.0,4.0,7.0,8.0,5.0,5.0,6.666666666666667,High social trust,2.25,Low efficacy,Voted,1.0,5.0,Center (4-6),18.0,64.0,1.0
DE,9.0,7.0,6.0,6.0,6.0,8.0,7.0,7.0,7.0,High social trust,2.5,Medium efficacy,Voted,1.0,3.0,Left (0-3),13.0,79.0,1.0
DE,9.0,8.0,7.0,6.0,8.0,7.0,8.0,8.0,7.333333333333333,High social trust,3.5,High efficacy,Voted,1.0,5.0,Center (4-6),13.0,60.0,1.0
DE,8.0,6.0,5.0,5.0,8.0,8.0,5.0,6.0,4.666666666666667,Low social trust,2.25,Low efficacy,Voted,2.0,6.0,Center (4-6),14.0,59.0,2.0
DE,5.0,0.0,0.0,0.0,5.0,7.0,5.0,5.0,2.0,Low social trust,2.5,Medium efficacy,Voted,1.0,5.0,Center (4-6),12.0,67.0,1.0
DE,9.0,8.0,7.0,7.0,9.0,9.0,8.0,9.0,6.333333333333333,Medium social trust,3.0,High efficacy,Voted,1.0,4.0,Center (4-6),17.0,56.0,2.0
DE,4.0,8.0,5.0,6.0,9.0,6.0,6.0,8.0,5.666666666666667,Medium social trust,3.0,High efficacy,Voted,1.0,2.0,Left (0-3),23.0,36.0,1.0
DE,2.0,3.0,2.0,2.0,7.0,9.0,3.0,3.0,4.666666666666667,Low social trust,1.5,Low efficacy,Voted,2.0,7.0,Right (7-10),14.0,38.0,2.0
DE,3.0,3.0,0.0,0.0,5.0,6.0,0.0,3.0,6.666666666666667,High social trust,3.5,High efficacy,Voted,1.0,5.0,Center (4-6),17.0,58.0,2.0
DE,8.0,7.0,7.0,5.0,8.0,9.0,8.0,8.0,6.666666666666667,High social trust,2.75,Medium efficacy,Voted,1.0,5.0,Center (4-6),16.0,31.0,2.0
DE,5.0,5.0,2.0,3.0,8.0,6.0,5.0,3.0,7.0,High social trust,1.75,Low efficacy,Did not vote,1.0,5.0,Center (4-6),12.0,74.0,1.0
DE,6.0,4.0,3.0,3.0,8.0,9.0,2.0,4.0,6.333333333333333,Medium social trust,2.0,Low efficacy,Voted,2.0,5.0,Center (4-6),12.0,74.0,1.0
DE,0.0,0.0,0.0,6.0,5.0,5.0,7.0,0.0,6.0,Medium social trust,2.0,Low efficacy,Voted,1.0,5.0,Center (4-6),15.0,59.0,1.0
DE,2.0,0.0,2.0,2.0,0.0,2.0,2.0,2.0,2.3333333333333335,Low social trust,1.75,Low efficacy,Voted,2.0,7.0,Right (7-10),12.0,75.0,1.0
DE,9.0,8.0,7.0,6.0,9.0,10.0,7.0,8.0,7.0,High social trust,3.5,High efficacy,Voted,2.0,4.0,Center (4-6),17.0,47.0,2.0
DE,6.0,7.0,5.0,3.0,9.0,6.0,5.0,4.0,7.0,High social trust,2.3333333333333335,Medium efficacy,Did not vote,3.0,4.0,Center (4-6),13.0,76.0,2.0
DE,3.0,1.0,2.0,2.0,2.0,3.0,2.0,2.0,4.333333333333333,Low social trust,2.5,Medium efficacy,Voted,1.0,1.0,Left (0-3),15.0,44.0,2.0
DE,8.0,1.0,1.0,1.0,7.0,8.0,4.0,4.0,2.6666666666666665,Low social trust,2.5,Medium efficacy,Voted,2.0,7.0,Right (7-10),19.0,40.0,1.0
DE,9.0,8.0,7.0,6.0,9.0,9.0,7.0,9.0,8.0,High social trust,2.75,Medium efficacy,Voted,1.0,3.0,Left (0-3),26.0,52.0,2.0
DE,6.0,5.0,5.0,4.0,4.0,8.0,5.0,5.0,5.333333333333333,Medium social trust,2.0,Low efficacy,Voted,1.0,5.0,Center (4-6),13.0,58.0,2.0
DE,5.0,3.0,2.0,2.0,3.0,6.0,1.0,3.0,4.0,Low social trust,2.0,Low efficacy,Voted,1.0,7.0,Right (7-10),12.0,69.0,1.0
DE,4.0,6.0,3.0,0.0,9.0,10.0,5.0,7.0,5.666666666666667,Medium social trust,2.5,Medium efficacy,Voted,2.0,5.0,Center (4-6),21.0,75.0,2.0
DE,6.0,8.0,9.0,8.0,8.0,9.0,5.0,3.0,7.0,High social trust,3.0,High efficacy,Voted,2.0,5.0,Center (4-6),12.0,54.0,2.0
DE,7.0,8.0,5.0,7.0,8.0,8.0,8.0,7.0,6.0,Medium social trust,3.0,High efficacy,Voted,2.0,4.0,Center (4-6),13.0,29.0,1.0
DE,9.0,9.0,8.0,6.0,10.0,9.0,9.0,8.0,6.666666666666667,High social trust,3.25,High efficacy,Did not vote,2.0,4.0,Center (4-6),19.0,38.0,2.0
DE,6.0,6.0,7.0,6.0,6.0,8.0,6.0,5.0,4.333333333333333,Low social trust,2.5,Medium efficacy,Voted,1.0,3.0,Left (0-3),16.0,34.0,2.0
DE,3.0,5.0,4.0,5.0,7.0,8.0,4.0,4.0,7.0,High social trust,1.75,Low efficacy,Voted,1.0,0.0,Left (0-3),14.0,42.0,2.0
DE,10.0,6.0,6.0,6.0,9.0,9.0,5.0,6.0,7.666666666666667,High social trust,3.0,High efficacy,Voted,2.0,5.0,Center (4-6),15.0,55.0,1.0
DE,5.0,5.0,4.0,4.0,5.0,5.0,4.0,5.0,5.666666666666667,Medium social trust,2.5,Medium efficacy,Voted,1.0,5.0,Center (4-6),15.0,69.0,2.0
DE,6.0,7.0,7.0,5.0,5.0,4.0,4.0,7.0,5.0,Low social trust,3.5,High efficacy,Voted,1.0,3.0,Left (0-3),17.0,40.0,2.0
DE,0.0,0.0,0.0,1.0,5.0,5.0,0.0,0.0,2.3333333333333335,Low social trust,2.0,Low efficacy,Voted,2.0,10.0,Right (7-10),13.0,49.0,1.0
DE,5.0,3.0,3.0,3.0,6.0,6.0,4.0,4.0,3.3333333333333335,Low social trust,2.5,Medium efficacy,Voted,2.0,3.0,Left (0-3),16.0,33.0,2.0
DE,9.0,9.0,6.0,6.0,8.0,9.0,6.0,7.0,7.333333333333333,High social trust,4.25,High efficacy,Voted,1.0,4.0,Center (4-6),20.0,63.0,1.0
DE,9.0,8.0,8.0,6.0,10.0,8.0,4.0,7.0,6.333333333333333,Medium social trust,3.0,High efficacy,Did not vote,1.0,5.0,Center (4-6),15.0,55.0,1.0
DE,8.0,5.0,4.0,3.0,7.0,9.0,5.0,9.0,6.0,Medium social trust,2.25,Low efficacy,Voted,1.0,3.0,Left (0-3),12.0,66.0,2.0
DE,0.0,3.0,0.0,1.0,0.0,6.0,2.0,3.0,2.3333333333333335,Low social trust,2.5,Medium efficacy,Did not vote,2.0,5.0,Center (4-6),15.0,31.0,2.0
DE,8.0,6.0,5.0,5.0,8.0,8.0,5.0,5.0,7.0,High social trust,2.75,Medium efficacy,Voted,1.0,6.0,Center (4-6),17.0,60.0,2.0
DE,8.0,10.0,9.0,8.0,10.0,10.0,8.0,7.0,7.666666666666667,High social trust,3.75,High efficacy,Voted,1.0,5.0,Center (4-6),19.0,64.0,2.0
DE,6.0,7.0,6.0,5.0,8.0,8.0,4.0,8.0,7.333333333333333,High social trust,2.5,Medium efficacy,Voted,1.0,8.0,Right (7-10),18.0,68.0,1.0
DE,7.0,7.0,2.0,2.0,5.0,8.0,2.0,2.0,4.0,Low social trust,2.25,Low efficacy,Voted,3.0,3.0,Left (0-3),16.0,34.0,2.0
DE,7.0,2.0,1.0,4.0,8.0,8.0,3.0,4.0,5.666666666666667,Medium social trust,1.5,Low efficacy,Voted,2.0,5.0,Center (4-6),13.0,55.0,1.0
DE,8.0,3.0,5.0,4.0,4.0,6.0,5.0,5.0,6.0,Medium social trust,2.25,Low efficacy,Voted,1.0,5.0,Center (4-6),13.0,44.0,1.0
DE,7.0,5.0,7.0,5.0,7.0,9.0,6.0,5.0,7.666666666666667,High social trust,2.25,Low efficacy,Voted,2.0,5.0,Center (4-6),10.0,71.0,2.0
DE,8.0,5.0,3.0,4.0,5.0,8.0,8.0,8.0,7.666666666666667,High social trust,3.25,High efficacy,Did not vote,1.0,2.0,Left (0-3),19.0,36.0,2.0
DE,5.0,6.0,3.0,6.0,6.0,9.0,7.0,8.0,6.333333333333333,Medium social trust,2.0,Low efficacy,Did not vote,2.0,8.0,Right (7-10),13.0,54.0,1.0
DE,0.0,2.0,0.0,0.0,0.0,5.0,0.0,2.0,5.666666666666667,Medium social trust,2.0,Low efficacy,Voted,2.0,5.0,Center (4-6),13.0,35.0,2.0
DE,6.0,7.0,4.0,4.0,8.0,8.0,5.0,4.0,7.333333333333333,High social trust,2.25,Low efficacy,Voted,1.0,6.0,Center (4-6),13.0,41.0,2.0
DE,7.0,7.0,5.0,5.0,8.0,8.0,5.0,5.0,6.333333333333333,Medium social trust,2.0,Low efficacy,Voted,1.0,3.0,Left (0-3),12.0,79.0,2.0
DE,8.0,10.0,8.0,9.0,5.0,10.0,9.0,10.0,7.0,High social trust,3.0,High efficacy,Voted,2.0,7.0,Right (7-10),14.0,71.0,2.0
DE,7.0,5.0,6.0,6.0,8.0,9.0,7.0,4.0,8.333333333333334,High social trust,2.0,Low efficacy,Voted,1.0,5.0,Center (4-6),12.0,75.0,2.0
DE,5.0,0.0,0.0,0.0,4.0,5.0,0.0,0.0,4.333333333333333,Low social trust,2.0,Low efficacy,Voted,1.0,5.0,Center (4-6),12.0,70.0,2.0
DE,6.0,7.0,6.0,6.0,9.0,8.0,8.0,6.0,5.666666666666667,Medium social trust,3.0,High efficacy,Voted,1.0,3.0,Left (0-3),13.0,37.0,1.0
DE,5.0,5.0,2.0,3.0,0.0,7.0,3.0,3.0,6.0,Medium social trust,1.5,Low efficacy,Voted,1.0,5.0,Center (4-6),11.0,71.0,2.0
DE,3.0,5.0,4.0,5.0,8.0,9.0,5.0,8.0,5.333333333333333,Medium social trust,2.5,Medium efficacy,Did not vote,1.0,6.0,Center (4-6),16.0,53.0,2.0
DE,7.0,6.0,6.0,6.0,8.0,8.0,6.0,5.0,6.0,Medium social trust,2.25,Low efficacy,Did not vote,1.0,4.0,Center (4-6),10.0,23.0,2.0
DE,7.0,6.0,3.0,3.0,5.0,8.0,4.0,3.0,4.333333333333333,Low social trust,2.25,Low efficacy,Voted,1.0,6.0,Center (4-6),12.0,55.0,1.0
DE,8.0,7.0,5.0,5.0,9.0,7.0,3.0,5.0,5.333333333333333,Medium social trust,2.75,Medium efficacy,Voted,1.0,5.0,Center (4-6),15.0,56.0,1.0
DE,8.0,6.0,5.0,5.0,8.0,6.0,7.0,9.0,5.333333333333333,Medium social trust,2.5,Medium efficacy,Voted,2.0,5.0,Center (4-6),12.0,58.0,1.0
DE,1.0,1.0,3.0,3.0,1.0,5.0,3.0,3.0,5.666666666666667,Medium social trust,1.25,Low efficacy,Did not vote,4.0,9.0,Right (7-10),10.0,34.0,1.0
DE,5.0,3.0,2.0,3.0,6.0,8.0,3.0,3.0,4.666666666666667,Low social trust,3.25,High efficacy,Voted,1.0,8.0,Right (7-10),14.0,22.0,1.0
DE,2.0,3.0,2.0,2.0,3.0,4.0,0.0,4.0,3.6666666666666665,Low social trust,2.25,Low efficacy,Voted,1.0,4.0,Center (4-6),12.0,69.0,1.0
DE,3.0,3.0,3.0,3.0,6.0,8.0,3.0,3.0,5.0,Low social trust,1.75,Low efficacy,Voted,2.0,3.0,Left (0-3),13.0,33.0,2.0
DE,4.0,2.0,3.0,2.0,3.0,1.0,5.0,6.0,5.666666666666667,Medium social trust,2.0,Low efficacy,Voted,1.0,5.0,Center (4-6),14.0,43.0,1.0
DE,6.0,0.0,0.0,0.0,2.0,4.0,0.0,1.0,5.333333333333333,Medium social trust,1.25,Low efficacy,Voted,3.0,3.0,Left (0-3),10.0,68.0,2.0
DE,8.0,8.0,6.0,6.0,9.0,8.0,8.0,9.0,5.333333333333333,Medium social trust,2.0,Low efficacy,Did not vote,1.0,3.0,Left (0-3),18.0,49.0,2.0
DE,0.0,0.0,0.0,4.0,5.0,5.0,4.0,5.0,3.6666666666666665,Low social trust,1.25,Low efficacy,Voted,2.0,5.0,Center (4-6),13.0,59.0,1.0
DE,9.0,9.0,6.0,6.0,8.0,8.0,6.0,6.0,5.666666666666667,Medium social trust,3.0,High efficacy,Voted,1.0,5.0,Center (4-6),21.0,37.0,2.0
DE,7.0,6.0,7.0,7.0,7.0,8.0,7.0,7.0,6.0,Medium social trust,2.75,Medium efficacy,Voted,2.0,4.0,Center (4-6),16.0,29.0,2.0
DE,7.0,7.0,5.0,5.0,8.0,10.0,5.0,5.0,8.0,High social trust,2.75,Medium efficacy,Voted,1.0,7.0,Right (7-10),14.0,53.0,1.0
DE,5.0,8.0,6.0,6.0,8.0,10.0,7.0,7.0,7.333333333333333,High social trust,1.5,Low efficacy,Voted,2.0,2.0,Left (0-3),10.0,68.0,2.0
DE,5.0,7.0,5.0,5.0,7.0,5.0,5.0,5.0,7.0,High social trust,3.25,High efficacy,Voted,2.0,4.0,Center (4-6),19.0,26.0,2.0
DE,3.0,3.0,2.0,2.0,9.0,6.0,1.0,1.0,4.666666666666667,Low social trust,3.0,High efficacy,Voted,2.0,5.0,Center (4-6),12.0,43.0,2.0
DE,4.0,4.0,2.0,3.0,5.0,10.0,0.0,6.0,4.333333333333333,Low social trust,2.5,Medium efficacy,Voted,2.0,5.0,Center (4-6),13.0,72.0,1.0
DE,5.0,5.0,6.0,6.0,7.0,7.0,6.0,6.0,3.3333333333333335,Low social trust,3.0,High efficacy,Voted,1.0,5.0,Center (4-6),12.0,55.0,2.0
DE,8.0,5.0,5.0,5.0,8.0,10.0,7.0,6.0,3.6666666666666665,Low social trust,1.75,Low efficacy,Did not vote,3.0,5.0,Center (4-6),12.0,24.0,1.0
DE,4.0,4.0,1.0,2.0,5.0,7.0,1.0,1.0,4.0,Low social trust,2.0,Low efficacy,Voted,3.0,5.0,Center (4-6),13.0,71.0,2.0
DE,8.0,8.0,5.0,4.0,4.0,9.0,5.0,7.0,6.0,Medium social trust,2.5,Medium efficacy,Voted,1.0,5.0,Center (4-6),15.0,30.0,1.0
DE,4.0,7.0,4.0,2.0,4.0,8.0,7.0,6.0,6.0,Medium social trust,1.25,Low efficacy,Voted,2.0,5.0,Center (4-6),15.0,72.0,2.0
DE,9.0,8.0,6.0,4.0,9.0,8.0,6.0,8.0,7.0,High social trust,3.25,High efficacy,Voted,2.0,3.0,Left (0-3),16.0,39.0,1.0
DE,9.0,7.0,5.0,4.0,9.0,7.0,8.0,8.0,3.6666666666666665,Low social trust,3.25,High efficacy,Voted,1.0,3.0,Left (0-3),20.0,55.0,1.0
DE,7.0,3.0,2.0,2.0,8.0,8.0,4.0,4.0,4.0,Low social trust,2.5,Medium efficacy,Voted,2.0,6.0,Center (4-6),18.0,39.0,1.0
DE,9.0,10.0,9.0,9.0,10.0,9.0,7.0,8.0,8.333333333333334,High social trust,3.25,High efficacy,Voted,1.0,5.0,Center (4-6),20.0,30.0,1.0
DE,7.0,6.0,4.0,6.0,8.0,7.0,7.0,7.0,6.666666666666667,High social trust,3.5,High efficacy,Voted,1.0,3.0,Left (0-3),15.0,22.0,1.0
DE,5.0,3.0,2.0,3.0,2.0,6.0,2.0,3.0,2.3333333333333335,Low social trust,2.25,Low efficacy,Voted,2.0,2.0,Left (0-3),13.0,72.0,2.0
DE,7.0,3.0,5.0,5.0,9.0,8.0,5.0,8.0,5.333333333333333,Medium social trust,2.5,Medium efficacy,Voted,1.0,8.0,Right (7-10),18.0,60.0,2.0
DE,8.0,10.0,8.0,8.0,9.0,9.0,7.0,6.0,2.6666666666666665,Low social trust,2.0,Low efficacy,Did not vote,2.0,5.0,Center (4-6),8.0,35.0,2.0
DE,7.0,6.0,5.0,5.0,8.0,8.0,7.0,7.0,8.0,High social trust,2.0,Low efficacy,Voted,1.0,3.0,Left (0-3),15.0,62.0,2.0
DE,6.0,5.0,3.0,3.0,8.0,9.0,3.0,4.0,7.0,High social trust,2.75,Medium efficacy,Voted,1.0,4.0,Center (4-6),15.0,39.0,1.0
DE,5.0,3.0,1.0,1.0,2.0,5.0,1.0,1.0,4.333333333333333,Low social trust,1.5,Low efficacy,Did not vote,2.0,5.0,Center (4-6),12.0,55.0,2.0
DE,0.0,0.0,0.0,0.0,3.0,3.0,0.0,0.0,3.3333333333333335,Low social trust,2.25,Low efficacy,Did not vote,1.0,2.0,Left (0-3),12.0,56.0,2.0
DE,4.0,7.0,2.0,2.0,9.0,9.0,5.0,4.0,4.666666666666667,Low social trust,2.5,Medium efficacy,Voted,1.0,3.0,Left (0-3),14.0,42.0,1.0
DE,2.0,0.0,0.0,0.0,2.0,9.0,0.0,1.0,4.666666666666667,Low social trust,1.75,Low efficacy,Voted,3.0,5.0,Center (4-6),15.0,40.0,2.0
DE,7.0,8.0,8.0,7.0,8.0,6.0,8.0,8.0,4.333333333333333,Low social trust,2.75,Medium efficacy,Voted,1.0,4.0,Center (4-6),13.0,42.0,2.0
DE,6.0,6.0,6.0,6.0,7.0,7.0,5.0,5.0,7.0,High social trust,1.75,Low efficacy,Did not vote,2.0,7.0,Right (7-10),11.0,19.0,2.0
DE,7.0,5.0,4.0,5.0,5.0,7.0,6.0,5.0,5.666666666666667,Medium social trust,2.5,Medium efficacy,Voted,2.0,3.0,Left (0-3),13.0,21.0,1.0
DE,7.0,5.0,5.0,5.0,5.0,5.0,5.0,5.0,7.333333333333333,High social trust,2.75,Medium efficacy,Voted,1.0,3.0,Left (0-3),14.0,69.0,1.0
DE,1.0,5.0,0.0,0.0,5.0,2.0,5.0,6.0,4.0,Low social trust,2.0,Low efficacy,Did not vote,2.0,5.0,Center (4-6),16.0,27.0,2.0
DE,6.0,8.0,6.0,5.0,6.0,3.0,9.0,9.0,4.666666666666667,Low social trust,3.0,High efficacy,Voted,2.0,7.0,Right (7-10),16.0,26.0,1.0
DE,1.0,0.0,0.0,0.0,4.0,2.0,3.0,2.0,3.6666666666666665,Low social trust,1.5,Low efficacy,Voted,1.0,5.0,Center (4-6),11.0,81.0,2.0
DE,7.0,6.0,5.0,4.0,7.0,7.0,5.0,5.0,6.0,Medium social trust,2.25,Low efficacy,Voted,2.0,5.0,Center (4-6),13.0,35.0,1.0
DE,4.0,4.0,4.0,4.0,5.0,5.0,5.0,4.0,5.666666666666667,Medium social trust,2.25,Low efficacy,Voted,2.0,3.0,Left (0-3),14.0,43.0,2.0
DE,9.0,5.0,6.0,5.0,8.0,8.0,7.0,8.0,7.0,High social trust,3.5,High efficacy,Voted,1.0,3.0,Left (0-3),23.0,64.0,1.0
DE,9.0,8.0,7.0,7.0,7.0,8.0,8.0,8.0,7.333333333333333,High social trust,3.75,High efficacy,Voted,1.0,4.0,Center (4-6),17.0,45.0,2.0
DE,9.0,7.0,2.0,1.0,8.0,9.0,1.0,2.0,7.333333333333333,High social trust,3.25,High efficacy,Voted,1.0,4.0,Center (4-6),16.0,62.0,1.0
DE,6.0,8.0,5.0,5.0,8.0,8.0,6.0,5.0,5.0,Low social trust,3.25,High efficacy,Voted,1.0,3.0,Left (0-3),21.0,59.0,1.0
DE,7.0,7.0,7.0,6.0,7.0,7.0,7.0,7.0,4.666666666666667,Low social trust,4.0,High efficacy,Voted,2.0,3.0,Left (0-3),14.0,20.0,2.0
DE,7.0,5.0,5.0,5.0,8.0,3.0,6.0,5.0,6.666666666666667,High social trust,3.75,High efficacy,Voted,2.0,2.0,Left (0-3),16.0,23.0,2.0
DE,8.0,5.0,5.0,7.0,8.0,8.0,6.0,7.0,8.0,High social trust,3.0,High efficacy,Voted,1.0,4.0,Center (4-6),14.0,67.0,2.0
DE,7.0,3.0,3.0,3.0,5.0,5.0,1.0,6.0,6.333333333333333,Medium social trust,3.0,High efficacy,Voted,1.0,5.0,Center (4-6),16.0,46.0,1.0
DE,7.0,5.0,3.0,3.0,3.0,5.0,3.0,3.0,4.0,Low social trust,1.75,Low efficacy,Voted,1.0,5.0,Center (4-6),12.0,72.0,2.0
DE,0.0,0.0,0.0,0.0,5.0,5.0,4.0,4.0,6.0,Medium social trust,2.5,Medium efficacy,Voted,2.0,5.0,Center (4-6),13.0,39.0,2.0
DE,6.0,4.0,3.0,4.0,5.0,5.0,6.0,7.0,5.666666666666667,Medium social trust,2.25,Low efficacy,Voted,2.0,6.0,Center (4-6),17.0,25.0,2.0
DE,3.0,0.0,5.0,2.0,0.0,5.0,0.0,0.0,1.6666666666666667,Low social trust,1.25,Low efficacy,Did not vote,4.0,8.0,Right (7-10),18.0,52.0,1.0
DE,8.0,7.0,1.0,2.0,8.0,7.0,3.0,5.0,6.666666666666667,High social trust,2.75,Medium efficacy,Voted,3.0,6.0,Center (4-6),9.0,64.0,1.0
DE,7.0,4.0,3.0,3.0,8.0,9.0,3.0,2.0,4.666666666666667,Low social trust,1.75,Low efficacy,Voted,2.0,6.0,Center (4-6),13.0,52.0,2.0
DE,8.0,7.0,4.0,4.0,5.0,8.0,4.0,4.0,2.6666666666666665,Low social trust,2.0,Low efficacy,Voted,2.0,5.0,Center (4-6),11.0,84.0,1.0
DE,7.0,6.0,5.0,3.0,8.0,8.0,6.0,7.0,5.333333333333333,Medium social trust,3.25,High efficacy,Voted,1.0,8.0,Right (7-10),16.0,59.0,1.0
DE,6.0,10.0,8.0,6.0,10.0,9.0,10.0,8.0,2.0,Low social trust,1.5,Low efficacy,Voted,3.0,4.0,Center (4-6),15.0,62.0,2.0
DE,7.0,7.0,7.0,6.0,8.0,7.0,5.0,8.0,4.333333333333333,Low social trust,2.75,Medium efficacy,Voted,2.0,6.0,Center (4-6),18.0,40.0,1.0
DE,5.0,5.0,3.0,4.0,4.0,5.0,4.0,5.0,5.333333333333333,Medium social trust,2.0,Low efficacy,Voted,2.0,7.0,Right (7-10),15.0,39.0,2.0
DE,4.0,6.0,5.0,4.0,5.0,7.0,7.0,9.0,7.0,High social trust,3.25,High efficacy,Voted,1.0,4.0,Center (4-6),16.0,65.0,1.0
DE,7.0,8.0,6.0,6.0,8.0,9.0,8.0,7.0,7.0,High social trust,2.75,Medium efficacy,Voted,2.0,2.0,Left (0-3),19.0,50.0,2.0
DE,3.0,3.0,0.0,2.0,4.0,7.0,2.0,2.0,2.6666666666666665,Low social trust,2.25,Low efficacy,Voted,3.0,7.0,Right (7-10),15.0,33.0,2.0
DE,4.0,4.0,3.0,2.0,7.0,10.0,2.0,4.0,0.3333333333333333,Low social trust,2.0,Low efficacy,Voted,2.0,5.0,Center (4-6),11.0,60.0,2.0
DE,4.0,10.0,3.0,4.0,6.0,7.0,4.0,2.0,6.0,Medium social trust,2.25,Low efficacy,Voted,1.0,4.0,Center (4-6),15.0,65.0,2.0
DE,10.0,9.0,9.0,8.0,9.0,8.0,9.0,9.0,7.666666666666667,High social trust,3.5,High efficacy,Voted,1.0,3.0,Left (0-3),18.0,46.0,2.0
DE,7.0,8.0,8.0,8.0,8.0,8.0,7.0,7.0,8.0,High social trust,3.0,High efficacy,Voted,1.0,3.0,Left (0-3),13.0,64.0,2.0
DE,6.0,7.0,5.0,4.0,9.0,10.0,4.0,5.0,4.666666666666667,Low social trust,2.5,Medium efficacy,Voted,2.0,5.0,Center (4-6),18.0,62.0,2.0
DE,7.0,7.0,4.0,0.0,8.0,8.0,6.0,8.0,7.0,High social trust,2.5,Medium efficacy,Voted,2.0,4.0,Center (4-6),15.0,69.0,1.0
DE,5.0,3.0,2.0,0.0,8.0,6.0,3.0,5.0,4.333333333333333,Low social trust,1.0,Low efficacy,Voted,4.0,6.0,Center (4-6),11.0,58.0,1.0
DE,2.0,4.0,3.0,5.0,7.0,5.0,2.0,4.0,4.666666666666667,Low social trust,2.0,Low efficacy,Voted,2.0,4.0,Center (4-6),12.0,65.0,1.0
DE,8.0,7.0,6.0,6.0,6.0,5.0,5.0,5.0,7.0,High social trust,3.5,High efficacy,Voted,1.0,2.0,Left (0-3),13.0,71.0,2.0
DE,5.0,5.0,4.0,4.0,5.0,8.0,4.0,4.0,2.6666666666666665,Low social trust,1.5,Low efficacy,Voted,2.0,3.0,Left (0-3),12.0,82.0,1.0
DE,2.0,3.0,3.0,4.0,0.0,4.0,0.0,1.0,6.333333333333333,Medium social trust,2.0,Low efficacy,Voted,1.0,5.0,Center (4-6),11.0,74.0,2.0
DE,8.0,4.0,5.0,5.0,5.0,5.0,3.0,5.0,6.666666666666667,High social trust,2.75,Medium efficacy,Voted,1.0,4.0,Center (4-6),18.0,42.0,2.0
DE,5.0,4.0,3.0,4.0,5.0,8.0,3.0,5.0,7.666666666666667,High social trust,3.25,High efficacy,Voted,2.0,5.0,Center (4-6),15.0,87.0,2.0
DE,8.0,8.0,5.0,7.0,7.0,5.0,8.0,8.0,4.0,Low social trust,2.0,Low efficacy,Voted,2.0,5.0,Center (4-6),14.0,26.0,1.0
DE,5.0,3.0,5.0,5.0,3.0,7.0,3.0,5.0,4.0,Low social trust,2.75,Medium efficacy,Voted,1.0,3.0,Left (0-3),18.0,66.0,2.0
DE,1.0,4.0,3.0,0.0,4.0,5.0,0.0,2.0,7.333333333333333,High social trust,1.5,Low efficacy,Did not vote,1.0,5.0,Center (4-6),13.0,39.0,2.0
DE,1.0,3.0,1.0,1.0,5.0,8.0,0.0,1.0,5.666666666666667,Medium social trust,2.5,Medium efficacy,Voted,1.0,6.0,Center (4-6),16.0,64.0,1.0
DE,8.0,7.0,6.0,6.0,8.0,5.0,8.0,6.0,8.0,High social trust,3.0,High efficacy,Voted,1.0,4.0,Center (4-6),21.0,32.0,2.0
DE,8.0,6.0,7.0,5.0,6.0,9.0,6.0,6.0,7.666666666666667,High social trust,2.75,Medium efficacy,Voted,1.0,3.0,Left (0-3),16.0,77.0,2.0
DE,2.0,2.0,3.0,2.0,3.0,0.0,2.0,3.0,8.666666666666666,High social trust,3.0,High efficacy,Voted,2.0,0.0,Left (0-3),17.0,30.0,2.0
DE,6.0,6.0,4.0,4.0,8.0,9.0,5.0,9.0,7.666666666666667,High social trust,2.5,Medium efficacy,Voted,2.0,6.0,Center (4-6),15.0,56.0,2.0
DE,0.0,0.0,0.0,0.0,1.0,0.0,0.0,0.0,1.0,Low social trust,1.25,Low efficacy,Voted,1.0,5.0,Center (4-6),20.0,38.0,2.0
DE,7.0,8.0,9.0,2.0,8.0,5.0,7.0,5.0,6.0,Medium social trust,3.5,High efficacy,Voted,1.0,3.0,Left (0-3),13.0,64.0,1.0
DE,4.0,3.0,3.0,3.0,4.0,5.0,3.0,6.0,6.0,Medium social trust,2.75,Medium efficacy,Voted,1.0,5.0,Center (4-6),11.0,66.0,2.0
DE,8.0,5.0,5.0,3.0,8.0,10.0,2.0,6.0,7.0,High social trust,1.75,Low efficacy,Voted,1.0,5.0,Center (4-6),12.0,51.0,1.0
DE,5.0,5.0,3.0,3.0,7.0,8.0,6.0,7.0,6.0,Medium social trust,2.0,Low efficacy,Did not vote,1.0,5.0,Center (4-6),15.0,22.0,1.0
DE,7.0,9.0,8.0,7.0,7.0,8.0,5.0,5.0,6.333333333333333,Medium social trust,2.25,Low efficacy,Voted,1.0,7.0,Right (7-10),13.0,41.0,2.0
DE,7.0,5.0,3.0,4.0,10.0,9.0,9.0,8.0,5.0,Low social trust,2.25,Low efficacy,Voted,2.0,1.0,Left (0-3),13.0,61.0,1.0
DE,7.0,7.0,5.0,6.0,7.0,5.0,6.0,6.0,4.333333333333333,Low social trust,3.25,High efficacy,Voted,2.0,4.0,Center (4-6),12.0,53.0,1.0
DE,7.0,5.0,2.0,3.0,8.0,9.0,7.0,8.0,4.333333333333333,Low social trust,3.0,High efficacy,Voted,2.0,5.0,Center (4-6),14.0,25.0,1.0
DE,7.0,8.0,7.0,6.0,8.0,6.0,8.0,6.0,7.666666666666667,High social trust,3.5,High efficacy,Voted,1.0,3.0,Left (0-3),11.0,20.0,2.0
DE,8.0,6.0,7.0,6.0,5.0,8.0,8.0,8.0,8.0,High social trust,2.5,Medium efficacy,Voted,1.0,5.0,Center (4-6),13.0,67.0,1.0
DE,4.0,7.0,6.0,5.0,5.0,6.0,7.0,6.0,5.333333333333333,Medium social trust,1.75,Low efficacy,Did not vote,2.0,5.0,Center (4-6),14.0,48.0,1.0
DE,2.0,3.0,2.0,2.0,0.0,3.0,5.0,5.0,2.3333333333333335,Low social trust,2.5,Medium efficacy,Voted,1.0,7.0,Right (7-10),16.0,54.0,2.0
DE,9.0,7.0,7.0,6.0,9.0,9.0,7.0,6.0,8.333333333333334,High social trust,3.0,High efficacy,Voted,1.0,4.0,Center (4-6),18.0,54.0,2.0
DE,6.0,1.0,1.0,1.0,4.0,5.0,1.0,2.0,6.0,Medium social trust,2.25,Low efficacy,Did not vote,2.0,5.0,Center (4-6),16.0,62.0,1.0
DE,3.0,1.0,0.0,1.0,0.0,3.0,1.0,1.0,5.666666666666667,Medium social trust,3.0,High efficacy,Voted,3.0,2.0,Left (0-3),10.0,60.0,1.0
DE,5.0,4.0,2.0,2.0,3.0,7.0,5.0,5.0,4.333333333333333,Low social trust,3.5,High efficacy,Voted,1.0,5.0,Center (4-6),19.0,52.0,2.0
DE,1.0,1.0,1.0,1.0,1.0,4.0,1.0,1.0,2.0,Low social trust,1.75,Low efficacy,Did not vote,2.0,9.0,Right (7-10),10.0,36.0,2.0
DE,9.0,10.0,8.0,7.0,10.0,9.0,10.0,10.0,5.666666666666667,Medium social trust,3.0,High efficacy,Voted,1.0,5.0,Center (4-6),15.0,69.0,1.0
DE,5.0,8.0,5.0,5.0,7.0,9.0,7.0,6.0,7.333333333333333,High social trust,3.5,High efficacy,Voted,1.0,7.0,Right (7-10),13.0,60.0,1.0
DE,10.0,8.0,6.0,6.0,8.0,8.0,6.0,8.0,3.6666666666666665,Low social trust,2.5,Medium efficacy,Voted,2.0,5.0,Center (4-6),14.0,48.0,1.0
DE,8.0,5.0,5.0,3.0,7.0,8.0,3.0,3.0,8.0,High social trust,2.0,Low efficacy,Voted,1.0,5.0,Center (4-6),15.0,70.0,2.0
DE,6.0,3.0,2.0,2.0,5.0,7.0,2.0,2.0,6.666666666666667,High social trust,2.75,Medium efficacy,Voted,1.0,4.0,Center (4-6),21.0,45.0,1.0
DE,5.0,3.0,2.0,2.0,8.0,8.0,2.0,2.0,3.6666666666666665,Low social trust,2.0,Low efficacy,Voted,2.0,5.0,Center (4-6),12.0,67.0,1.0
DE,7.0,8.0,6.0,4.0,7.0,4.0,7.0,7.0,7.333333333333333,High social trust,3.0,High efficacy,Voted,2.0,0.0,Left (0-3),18.0,26.0,2.0
DE,8.0,8.0,7.0,9.0,7.0,7.0,8.0,7.0,7.333333333333333,High social trust,2.75,Medium efficacy,Voted,2.0,1.0,Left (0-3),14.0,24.0,2.0
DE,10.0,10.0,10.0,7.0,8.0,9.0,10.0,10.0,5.333333333333333,Medium social trust,2.75,Medium efficacy,Voted,2.0,2.0,Left (0-3),15.0,52.0,2.0
DE,1.0,4.0,4.0,5.0,6.0,7.0,6.0,7.0,3.6666666666666665,Low social trust,2.25,Low efficacy,Voted,1.0,2.0,Left (0-3),14.0,20.0,2.0
DE,7.0,7.0,4.0,3.0,8.0,9.0,6.0,5.0,6.0,Medium social trust,2.75,Medium efficacy,Voted,2.0,5.0,Center (4-6),19.0,27.0,2.0
DE,7.0,9.0,6.0,6.0,9.0,9.0,8.0,7.0,7.666666666666667,High social trust,2.5,Medium efficacy,Voted,1.0,5.0,Center (4-6),13.0,68.0,2.0
DE,0.0,0.0,0.0,0.0,3.0,3.0,0.0,0.0,1.3333333333333333,Low social trust,2.75,Medium efficacy,Voted,2.0,7.0,Right (7-10),13.0,55.0,1.0
DE,7.0,6.0,7.0,7.0,7.0,8.0,7.0,5.0,7.333333333333333,High social trust,3.0,High efficacy,Did not vote,2.0,5.0,Center (4-6),15.0,36.0,1.0
DE,7.0,9.0,8.0,7.0,8.0,6.0,8.0,8.0,9.333333333333334,High social trust,4.25,High efficacy,Voted,1.0,3.0,Left (0-3),21.0,59.0,2.0
DE,9.0,8.0,7.0,5.0,6.0,9.0,8.0,3.0,3.3333333333333335,Low social trust,3.75,High efficacy,Voted,3.0,0.0,Left (0-3),14.0,63.0,2.0
DE,7.0,8.0,6.0,6.0,9.0,9.0,8.0,9.0,7.666666666666667,High social trust,2.75,Medium efficacy,Voted,2.0,0.0,Left (0-3),15.0,72.0,1.0
DE,7.0,10.0,0.0,2.0,7.0,5.0,1.0,2.0,3.6666666666666665,Low social trust,4.25,High efficacy,Voted,1.0,5.0,Center (4-6),20.0,36.0,1.0
DE,0.0,4.0,0.0,2.0,6.0,8.0,0.0,3.0,8.0,High social trust,2.75,Medium efficacy,Voted,3.0,4.0,Center (4-6),12.0,57.0,2.0
DE,5.0,5.0,5.0,5.0,5.0,7.0,4.0,4.0,6.333333333333333,Medium social trust,2.25,Low efficacy,Voted,2.0,10.0,Right (7-10),13.0,69.0,1.0
DE,3.0,2.0,2.0,2.0,5.0,6.0,2.0,1.0,2.6666666666666665,Low social trust,2.5,Medium efficacy,Voted,1.0,5.0,Center (4-6),15.0,53.0,2.0
DE,5.0,2.0,1.0,1.0,5.0,7.0,1.0,1.0,6.333333333333333,Medium social trust,1.0,Low efficacy,Voted,2.0,5.0,Center (4-6),3.0,43.0,2.0
DE,6.0,8.0,6.0,6.0,8.0,8.0,7.0,7.0,7.333333333333333,High social trust,3.25,High efficacy,Voted,2.0,5.0,Center (4-6),16.0,44.0,1.0
DE,6.0,8.0,6.0,6.0,9.0,9.0,5.0,7.0,6.333333333333333,Medium social trust,2.75,Medium efficacy,Voted,2.0,2.0,Left (0-3),11.0,22.0,1.0
DE,8.0,6.0,8.0,7.0,7.0,7.0,6.0,5.0,7.0,High social trust,4.5,High efficacy,Voted,1.0,8.0,Right (7-10),18.0,74.0,1.0
DE,2.0,5.0,2.0,2.0,9.0,9.0,2.0,6.0,6.0,Medium social trust,2.25,Low efficacy,Voted,2.0,5.0,Center (4-6),11.0,62.0,2.0
DE,1.0,3.0,2.0,2.0,7.0,7.0,3.0,3.0,4.333333333333333,Low social trust,1.75,Low efficacy,Voted,2.0,3.0,Left (0-3),12.0,65.0,1.0
DE,6.0,6.0,4.0,5.0,6.0,6.0,5.0,7.0,6.333333333333333,Medium social trust,2.75,Medium efficacy,Voted,1.0,2.0,Left (0-3),16.0,29.0,2.0
DE,4.0,8.0,3.0,3.0,8.0,6.0,2.0,7.0,5.333333333333333,Medium social trust,2.5,Medium efficacy,Voted,1.0,7.0,Right (7-10),16.0,69.0,2.0
DE,7.0,10.0,4.0,4.0,8.0,8.0,6.0,8.0,7.333333333333333,High social trust,2.0,Low efficacy,Voted,1.0,5.0,Center (4-6),14.0,41.0,2.0
DE,8.0,8.0,8.0,7.0,10.0,9.0,7.0,8.0,5.666666666666667,Medium social trust,2.0,Low efficacy,Voted,1.0,4.0,Center (4-6),16.0,71.0,1.0
DE,7.0,6.0,7.0,5.0,8.0,9.0,6.0,7.0,6.666666666666667,High social trust,4.0,High efficacy,Voted,1.0,6.0,Center (4-6),24.0,42.0,1.0
DE,5.0,5.0,3.0,4.0,8.0,7.0,5.0,4.0,6.0,Medium social trust,2.5,Medium efficacy,Voted,2.0,4.0,Center (4-6),19.0,34.0,2.0
DE,7.0,5.0,4.0,0.0,8.0,10.0,3.0,7.0,5.333333333333333,Medium social trust,2.25,Low efficacy,Voted,1.0,4.0,Center (4-6),17.0,64.0,2.0
DE,7.0,7.0,5.0,6.0,8.0,4.0,7.0,7.0,6.666666666666667,High social trust,3.25,High efficacy,Voted,1.0,2.0,Left (0-3),20.0,28.0,2.0
DE,1.0,0.0,0.0,0.0,1.0,5.0,0.0,1.0,3.6666666666666665,Low social trust,1.75,Low efficacy,Voted,2.0,5.0,Center (4-6),14.0,59.0,2.0
DE,5.0,2.0,3.0,5.0,6.0,9.0,4.0,7.0,6.333333333333333,Medium social trust,1.25,Low efficacy,Voted,2.0,3.0,Left (0-3),12.0,69.0,1.0
DE,6.0,3.0,5.0,7.0,3.0,4.0,8.0,9.0,2.6666666666666665,Low social trust,3.0,High efficacy,Voted,2.0,3.0,Left (0-3),11.0,33.0,2.0
DE,8.0,8.0,8.0,8.0,9.0,9.0,7.0,7.0,7.333333333333333,High social trust,2.75,Medium efficacy,Voted,2.0,3.0,Left (0-3),13.0,71.0,1.0
DE,8.0,6.0,6.0,5.0,7.0,6.0,4.0,6.0,8.0,High social trust,3.0,High efficacy,Voted,1.0,4.0,Center (4-6),14.0,57.0,2.0
DE,7.0,9.0,2.0,2.0,9.0,8.0,2.0,5.0,1.3333333333333333,Low social trust,2.75,Medium efficacy,Voted,3.0,1.0,Left (0-3),10.0,65.0,1.0
DE,8.0,8.0,6.0,6.0,6.0,6.0,6.0,5.0,7.333333333333333,High social trust,2.25,Low efficacy,Voted,1.0,4.0,Center (4-6),13.0,62.0,2.0
DE,0.0,0.0,0.0,1.0,0.0,2.0,0.0,0.0,5.0,Low social trust,2.75,Medium efficacy,Voted,2.0,7.0,Right (7-10),12.0,64.0,1.0
DE,1.0,0.0,0.0,2.0,1.0,2.0,0.0,1.0,4.333333333333333,Low social trust,3.0,High efficacy,Voted,2.0,8.0,Right (7-10),15.0,78.0,1.0
DE,7.0,8.0,6.0,6.0,8.0,8.0,7.0,6.0,7.333333333333333,High social trust,3.75,High efficacy,Voted,1.0,6.0,Center (4-6),16.0,64.0,1.0
DE,5.0,6.0,4.0,4.0,8.0,7.0,4.0,5.0,7.333333333333333,High social trust,1.75,Low efficacy,Voted,2.0,5.0,Center (4-6),19.0,38.0,1.0
DE,8.0,7.0,7.0,7.0,7.0,9.0,6.0,7.0,7.666666666666667,High social trust,3.75,High efficacy,Voted,1.0,5.0,Center (4-6),21.0,47.0,1.0
DE,3.0,5.0,4.0,1.0,5.0,8.0,3.0,6.0,5.0,Low social trust,2.0,Low efficacy,Voted,1.0,5.0,Center (4-6),11.0,56.0,1.0
DE,8.0,8.0,6.0,6.0,8.0,8.0,8.0,8.0,6.666666666666667,High social trust,2.5,Medium efficacy,Voted,1.0,5.0,Center (4-6),16.0,45.0,2.0
DE,5.0,3.0,2.0,5.0,7.0,5.0,8.0,8.0,5.333333333333333,Medium social trust,2.75,Medium efficacy,Voted,1.0,5.0,Center (4-6),13.0,22.0,2.0
DE,9.0,8.0,4.0,5.0,6.0,9.0,6.0,8.0,5.666666666666667,Medium social trust,4.25,High efficacy,Voted,4.0,3.0,Left (0-3),16.0,52.0,1.0
DE,5.0,5.0,3.0,3.0,7.0,8.0,5.0,7.0,6.666666666666667,High social trust,2.25,Low efficacy,Voted,2.0,3.0,Left (0-3),27.0,52.0,1.0
DE,4.0,5.0,3.0,3.0,7.0,8.0,0.0,3.0,7.333333333333333,High social trust,2.75,Medium efficacy,Voted,1.0,7.0,Right (7-10),17.0,45.0,2.0
DE,4.0,2.0,2.0,3.0,1.0,2.0,2.0,3.0,6.666666666666667,High social trust,2.0,Low efficacy,Voted,2.0,2.0,Left (0-3),12.0,62.0,2.0
DE,9.0,8.0,5.0,6.0,10.0,10.0,8.0,8.0,6.333333333333333,Medium social trust,3.25,High efficacy,Voted,1.0,3.0,Left (0-3),17.0,29.0,1.0
DE,7.0,8.0,9.0,3.0,5.0,9.0,4.0,3.0,4.666666666666667,Low social trust,1.5,Low efficacy,Voted,2.0,5.0,Center (4-6),11.0,84.0,1.0
DE,4.0,4.0,8.0,5.0,8.0,8.0,8.0,7.0,7.666666666666667,High social trust,2.5,Medium efficacy,Voted,2.0,5.0,Center (4-6),13.0,33.0,2.0
DE,9.0,10.0,7.0,9.0,8.0,8.0,8.0,10.0,7.666666666666667,High social trust,3.25,High efficacy,Voted,2.0,1.0,Left (0-3),16.0,66.0,2.0
DE,7.0,7.0,5.0,5.0,7.0,8.0,6.0,3.0,4.333333333333333,Low social trust,3.0,High efficacy,Voted,1.0,5.0,Center (4-6),16.0,35.0,1.0
DE,0.0,2.0,0.0,1.0,4.0,8.0,2.0,0.0,4.666666666666667,Low social trust,3.0,High efficacy,Voted,1.0,10.0,Right (7-10),15.0,30.0,1.0
DE,6.0,6.0,3.0,4.0,3.0,4.0,4.0,5.0,6.0,Medium social trust,2.75,Medium efficacy,Voted,2.0,3.0,Left (0-3),15.0,64.0,1.0
DE,9.0,9.0,8.0,8.0,9.0,8.0,9.0,8.0,6.666666666666667,High social trust,3.5,High efficacy,Voted,1.0,2.0,Left (0-3),19.0,82.0,2.0
DE,2.0,0.0,0.0,0.0,3.0,3.0,1.0,5.0,3.6666666666666665,Low social trust,1.75,Low efficacy,Did not vote,2.0,5.0,Center (4-6),13.0,50.0,1.0
DE,8.0,7.0,6.0,5.0,8.0,9.0,6.0,7.0,6.333333333333333,Medium social trust,3.5,High efficacy,Voted,1.0,3.0,Left (0-3),18.0,35.0,2.0
DE,0.0,3.0,1.0,4.0,3.0,5.0,2.0,3.0,3.3333333333333335,Low social trust,2.25,Low efficacy,Voted,2.0,5.0,Center (4-6),15.0,67.0,1.0
DE,8.0,7.0,7.0,6.0,9.0,8.0,7.0,9.0,7.0,High social trust,3.5,High efficacy,Voted,1.0,7.0,Right (7-10),16.0,30.0,1.0
DE,1.0,5.0,4.0,4.0,7.0,9.0,6.0,7.0,7.0,High social trust,1.75,Low efficacy,Voted,2.0,5.0,Center (4-6),14.0,46.0,2.0
DE,7.0,6.0,6.0,7.0,6.0,7.0,6.0,5.0,6.333333333333333,Medium social trust,3.0,High efficacy,Voted,1.0,6.0,Center (4-6),12.0,65.0,1.0
DE,4.0,7.0,6.0,6.0,8.0,7.0,6.0,4.0,6.333333333333333,Medium social trust,2.5,Medium efficacy,Voted,2.0,3.0,Left (0-3),12.0,70.0,1.0
DE,8.0,7.0,5.0,5.0,6.0,8.0,6.0,4.0,7.333333333333333,High social trust,2.0,Low efficacy,Voted,1.0,4.0,Center (4-6),18.0,39.0,1.0
DE,6.0,4.0,3.0,4.0,6.0,6.0,7.0,7.0,5.666666666666667,Medium social trust,2.0,Low efficacy,Voted,1.0,4.0,Center (4-6),16.0,31.0,2.0
DE,8.0,8.0,7.0,5.0,6.0,6.0,8.0,7.0,5.666666666666667,Medium social trust,2.75,Medium efficacy,Voted,3.0,4.0,Center (4-6),13.0,20.0,1.0
DE,3.0,3.0,1.0,2.0,5.0,6.0,2.0,2.0,5.0,Low social trust,2.5,Medium efficacy,Voted,1.0,4.0,Center (4-6),15.0,57.0,2.0
DE,8.0,8.0,7.0,7.0,9.0,9.0,8.0,9.0,6.666666666666667,High social trust,3.0,High efficacy,Voted,2.0,3.0,Left (0-3),20.0,55.0,1.0
DE,8.0,8.0,7.0,6.0,9.0,8.0,8.0,7.0,5.666666666666667,Medium social trust,2.25,Low efficacy,Voted,2.0,4.0,Center (4-6),14.0,23.0,1.0
DE,5.0,4.0,2.0,5.0,7.0,9.0,4.0,7.0,6.333333333333333,Medium social trust,3.0,High efficacy,Voted,1.0,7.0,Right (7-10),13.0,59.0,1.0
DE,9.0,8.0,7.0,7.0,8.0,8.0,9.0,8.0,6.666666666666667,High social trust,3.5,High efficacy,Voted,1.0,2.0,Left (0-3),13.0,69.0,1.0
DE,3.0,4.0,5.0,4.0,7.0,9.0,5.0,6.0,7.0,High social trust,2.0,Low efficacy,Voted,3.0,3.0,Left (0-3),16.0,44.0,2.0
DE,7.0,8.0,8.0,5.0,9.0,10.0,9.0,8.0,6.666666666666667,High social trust,3.5,High efficacy,Voted,1.0,2.0,Left (0-3),19.0,29.0,1.0
DE,5.0,7.0,5.0,4.0,9.0,7.0,5.0,7.0,6.0,Medium social trust,3.25,High efficacy,Voted,1.0,7.0,Right (7-10),13.0,53.0,1.0
DE,4.0,7.0,5.0,5.0,8.0,8.0,4.0,7.0,7.0,High social trust,2.5,Medium efficacy,Voted,2.0,7.0,Right (7-10),17.0,40.0,1.0
DE,1.0,1.0,2.0,1.0,1.0,2.0,1.0,0.0,8.333333333333334,High social trust,2.5,Medium efficacy,Voted,1.0,5.0,Center (4-6),15.0,67.0,2.0
DE,5.0,4.0,4.0,4.0,4.0,7.0,3.0,3.0,5.333333333333333,Medium social trust,2.5,Medium efficacy,Voted,2.0,4.0,Center (4-6),19.0,63.0,2.0
DE,8.0,9.0,6.0,7.0,8.0,8.0,7.0,8.0,7.333333333333333,High social trust,3.5,High efficacy,Voted,1.0,7.0,Right (7-10),17.0,60.0,2.0
DE,7.0,8.0,8.0,6.0,6.0,8.0,8.0,9.0,7.333333333333333,High social trust,4.0,High efficacy,Voted,1.0,4.0,Center (4-6),17.0,30.0,1.0
DE,2.0,2.0,0.0,0.0,2.0,2.0,1.0,3.0,4.333333333333333,Low social trust,1.5,Low efficacy,Did not vote,2.0,5.0,Center (4-6),11.0,75.0,1.0
DE,8.0,8.0,7.0,6.0,9.0,9.0,7.0,7.0,8.0,High social trust,2.75,Medium efficacy,Voted,1.0,5.0,Center (4-6),18.0,44.0,1.0
DE,8.0,8.0,7.0,7.0,9.0,9.0,7.0,8.0,6.333333333333333,Medium social trust,4.25,High efficacy,Voted,1.0,3.0,Left (0-3),19.0,39.0,1.0
DE,8.0,8.0,5.0,2.0,6.0,7.0,3.0,2.0,7.666666666666667,High social trust,3.25,High efficacy,Voted,1.0,3.0,Left (0-3),21.0,37.0,2.0
DE,3.0,3.0,2.0,2.0,4.0,7.0,3.0,4.0,5.333333333333333,Medium social trust,3.0,High efficacy,Voted,2.0,6.0,Center (4-6),15.0,41.0,2.0
DE,9.0,4.0,4.0,4.0,7.0,8.0,6.0,7.0,3.3333333333333335,Low social trust,2.0,Low efficacy,Voted,2.0,7.0,Right (7-10),16.0,50.0,1.0
DE,6.0,7.0,6.0,6.0,8.0,9.0,7.0,8.0,5.666666666666667,Medium social trust,3.25,High efficacy,Voted,1.0,5.0,Center (4-6),15.0,35.0,1.0
DE,5.0,4.0,5.0,7.0,7.0,7.0,7.0,5.0,7.666666666666667,High social trust,2.0,Low efficacy,Voted,3.0,4.0,Center (4-6),12.0,42.0,2.0
DE,7.0,7.0,7.0,6.0,8.0,9.0,6.0,6.0,7.666666666666667,High social trust,3.25,High efficacy,Voted,1.0,4.0,Center (4-6),15.0,35.0,2.0
DE,3.0,0.0,0.0,0.0,0.0,5.0,0.0,0.0,4.0,Low social trust,1.25,Low efficacy,Voted,2.0,5.0,Center (4-6),11.0,71.0,1.0
DE,8.0,5.0,7.0,5.0,5.0,7.0,8.0,8.0,7.0,High social trust,2.0,Low efficacy,Voted,1.0,5.0,Center (4-6),12.0,61.0,2.0
DE,7.0,3.0,5.0,5.0,8.0,10.0,3.0,8.0,5.333333333333333,Medium social trust,2.5,Medium efficacy,Voted,2.0,3.0,Left (0-3),15.0,42.0,1.0
DE,3.0,6.0,4.0,4.0,4.0,6.0,2.0,5.0,5.333333333333333,Medium social trust,2.5,Medium efficacy,Voted,2.0,5.0,Center (4-6),15.0,30.0,1.0
DE,7.0,6.0,5.0,4.0,9.0,5.0,6.0,6.0,3.3333333333333335,Low social trust,2.75,Medium efficacy,Voted,1.0,2.0,Left (0-3),20.0,31.0,2.0
DE,8.0,6.0,5.0,5.0,8.0,8.0,6.0,4.0,5.666666666666667,Medium social trust,3.0,High efficacy,Voted,2.0,4.0,Center (4-6),12.0,56.0,2.0
DE,8.0,3.0,3.0,2.0,6.0,7.0,2.0,5.0,7.0,High social trust,1.75,Low efficacy,Voted,2.0,3.0,Left (0-3),12.0,72.0,1.0
DE,7.0,5.0,6.0,6.0,8.0,8.0,7.0,7.0,7.0,High social trust,3.0,High efficacy,Voted,2.0,5.0,Center (4-6),13.0,61.0,1.0
DE,3.0,5.0,1.0,0.0,7.0,10.0,2.0,3.0,6.0,Medium social trust,1.5,Low efficacy,Voted,2.0,7.0,Right (7-10),12.0,54.0,1.0
DE,7.0,6.0,2.0,1.0,9.0,9.0,2.0,8.0,6.666666666666667,High social trust,2.0,Low efficacy,Voted,2.0,2.0,Left (0-3),16.0,61.0,2.0
DE,9.0,8.0,6.0,8.0,9.0,9.0,8.0,6.0,7.0,High social trust,3.25,High efficacy,Voted,1.0,5.0,Center (4-6),20.0,56.0,1.0
DE,7.0,7.0,6.0,6.0,8.0,7.0,5.0,5.0,6.333333333333333,Medium social trust,3.0,High efficacy,Voted,2.0,3.0,Left (0-3),12.0,73.0,2.0
DE,8.0,8.0,5.0,5.0,10.0,7.0,5.0,7.0,5.0,Low social trust,3.75,High efficacy,Voted,1.0,2.0,Left (0-3),16.0,53.0,1.0
DE,4.0,4.0,4.0,5.0,6.0,8.0,3.0,5.0,8.333333333333334,High social trust,2.75,Medium efficacy,Voted,1.0,7.0,Right (7-10),15.0,53.0,1.0
DE,7.0,5.0,0.0,0.0,6.0,5.0,0.0,2.0,6.333333333333333,Medium social trust,3.5,High efficacy,Voted,2.0,5.0,Center (4-6),11.0,55.0,1.0
DE,4.0,6.0,4.0,4.0,6.0,8.0,4.0,4.0,5.333333333333333,Medium social trust,2.5,Medium efficacy,Did not vote,1.0,5.0,Center (4-6),16.0,45.0,2.0
DE,7.0,5.0,3.0,3.0,3.0,3.0,3.0,3.0,5.0,Low social trust,3.0,High efficacy,Did not vote,4.0,3.0,Left (0-3),19.0,52.0,1.0
DE,8.0,6.0,5.0,7.0,8.0,7.0,5.0,5.0,7.333333333333333,High social trust,3.25,High efficacy,Voted,2.0,1.0,Left (0-3),15.0,56.0,2.0
DE,4.0,3.0,2.0,2.0,2.0,6.0,2.0,2.0,7.666666666666667,High social trust,1.25,Low efficacy,Voted,2.0,5.0,Center (4-6),8.0,80.0,1.0
DE,7.0,6.0,6.0,5.0,7.0,8.0,7.0,7.0,6.0,Medium social trust,2.5,Medium efficacy,Did not vote,2.0,5.0,Center (4-6),13.0,46.0,2.0
DE,0.0,0.0,2.0,2.0,0.0,5.0,0.0,0.0,5.333333333333333,Medium social trust,1.25,Low efficacy,Did not vote,3.0,5.0,Center (4-6),12.0,63.0,2.0
DE,3.0,5.0,4.0,2.0,9.0,9.0,4.0,6.0,2.6666666666666665,Low social trust,2.0,Low efficacy,Voted,2.0,7.0,Right (7-10),14.0,53.0,2.0
DE,9.0,7.0,7.0,7.0,9.0,9.0,9.0,6.0,7.0,High social trust,2.5,Medium efficacy,Voted,2.0,5.0,Center (4-6),15.0,22.0,1.0
DE,7.0,7.0,9.0,7.0,9.0,9.0,9.0,9.0,6.333333333333333,Medium social trust,2.5,Medium efficacy,Voted,2.0,3.0,Left (0-3),10.0,49.0,2.0
DE,9.0,9.0,8.0,8.0,9.0,9.0,9.0,9.0,7.0,High social trust,3.0,High efficacy,Voted,1.0,5.0,Center (4-6),20.0,43.0,1.0
DE,5.0,3.0,3.0,3.0,3.0,7.0,3.0,3.0,6.333333333333333,Medium social trust,1.25,Low efficacy,Voted,2.0,5.0,Center (4-6),12.0,35.0,2.0
DE,6.0,9.0,6.0,6.0,8.0,8.0,7.0,7.0,6.0,Medium social trust,3.0,High efficacy,Voted,1.0,5.0,Center (4-6),17.0,49.0,2.0
DE,5.0,3.0,3.0,3.0,8.0,7.0,6.0,8.0,7.333333333333333,High social trust,2.75,Medium efficacy,Voted,1.0,2.0,Left (0-3),17.0,36.0,1.0
DE,6.0,7.0,4.0,6.0,5.0,4.0,6.0,5.0,3.3333333333333335,Low social trust,2.25,Low efficacy,Did not vote,1.0,5.0,Center (4-6),10.0,33.0,1.0
DE,9.0,8.0,8.0,8.0,3.0,8.0,5.0,5.0,6.0,Medium social trust,1.75,Low efficacy,Voted,1.0,5.0,Center (4-6),11.0,85.0,1.0
DE,6.0,7.0,8.0,5.0,7.0,8.0,6.0,2.0,7.333333333333333,High social trust,3.25,High efficacy,Voted,1.0,4.0,Center (4-6),16.0,55.0,2.0
DE,1.0,0.0,1.0,0.0,8.0,8.0,5.0,2.0,1.3333333333333333,Low social trust,1.25,Low efficacy,Voted,1.0,5.0,Center (4-6),13.0,64.0,2.0
DE,7.0,9.0,7.0,6.0,9.0,9.0,6.0,7.0,6.666666666666667,High social trust,3.25,High efficacy,Voted,1.0,3.0,Left (0-3),20.0,52.0,2.0
DE,6.0,8.0,4.0,4.0,8.0,10.0,6.0,3.0,6.333333333333333,Medium social trust,2.25,Low efficacy,Voted,1.0,5.0,Center (4-6),14.0,58.0,2.0
DE,7.0,5.0,3.0,3.0,5.0,6.0,4.0,3.0,5.666666666666667,Medium social trust,2.5,Medium efficacy,Voted,1.0,0.0,Left (0-3),17.0,71.0,1.0
DE,9.0,5.0,5.0,4.0,9.0,9.0,5.0,7.0,8.333333333333334,High social trust,4.25,High efficacy,Voted,1.0,7.0,Right (7-10),18.0,41.0,1.0
DE,8.0,3.0,3.0,2.0,3.0,5.0,2.0,4.0,5.0,Low social trust,2.25,Low efficacy,Voted,2.0,6.0,Center (4-6),15.0,52.0,1.0
DE,10.0,10.0,7.0,8.0,10.0,10.0,6.0,9.0,6.333333333333333,Medium social trust,3.5,High efficacy,Voted,2.0,6.0,Center (4-6),16.0,62.0,2.0
DE,5.0,4.0,5.0,5.0,7.0,8.0,7.0,4.0,6.666666666666667,High social trust,2.5,Medium efficacy,Voted,1.0,5.0,Center (4-6),13.0,37.0,2.0
DE,9.0,4.0,5.0,5.0,8.0,7.0,4.0,5.0,6.333333333333333,Medium social trust,2.0,Low efficacy,Voted,1.0,5.0,Center (4-6),13.0,74.0,1.0
DE,4.0,4.0,3.0,3.0,5.0,5.0,3.0,3.0,4.333333333333333,Low social trust,2.5,Medium efficacy,Voted,1.0,5.0,Center (4-6),13.0,40.0,2.0
DE,4.0,4.0,7.0,7.0,3.0,7.0,4.0,3.0,5.0,Low social trust,2.75,Medium efficacy,Voted,1.0,8.0,Right (7-10),15.0,70.0,2.0
DE,9.0,8.0,6.0,7.0,8.0,6.0,10.0,6.0,5.666666666666667,Medium social trust,2.0,Low efficacy,Voted,2.0,1.0,Left (0-3),12.0,82.0,1.0
DE,7.0,7.0,6.0,6.0,9.0,9.0,7.0,8.0,7.0,High social trust,3.0,High efficacy,Voted,1.0,5.0,Center (4-6),19.0,29.0,2.0
DE,5.0,5.0,2.0,2.0,5.0,5.0,3.0,2.0,3.3333333333333335,Low social trust,3.75,High efficacy,Voted,2.0,5.0,Center (4-6),16.0,47.0,2.0
DE,8.0,7.0,6.0,5.0,8.0,7.0,8.0,8.0,6.0,Medium social trust,2.5,Medium efficacy,Voted,1.0,6.0,Center (4-6),16.0,23.0,1.0
DE,5.0,5.0,3.0,5.0,7.0,6.0,5.0,4.0,5.333333333333333,Medium social trust,2.75,Medium efficacy,Voted,2.0,4.0,Center (4-6),17.0,47.0,2.0
DE,8.0,9.0,7.0,7.0,9.0,9.0,5.0,8.0,6.666666666666667,High social trust,3.75,High efficacy,Voted,1.0,4.0,Center (4-6),18.0,52.0,2.0
DE,6.0,6.0,4.0,6.0,6.0,8.0,7.0,7.0,7.0,High social trust,2.75,Medium efficacy,Voted,1.0,5.0,Center (4-6),12.0,24.0,2.0
DE,1.0,0.0,0.0,1.0,1.0,1.0,0.0,0.0,3.0,Low social trust,3.25,High efficacy,Voted,2.0,0.0,Left (0-3),15.0,62.0,2.0
DE,7.0,2.0,1.0,1.0,6.0,6.0,3.0,5.0,6.333333333333333,Medium social trust,2.5,Medium efficacy,Did not vote,1.0,6.0,Center (4-6),12.0,50.0,1.0
DE,6.0,4.0,2.0,2.0,6.0,6.0,4.0,6.0,6.0,Medium social trust,3.5,High efficacy,Voted,1.0,3.0,Left (0-3),22.0,45.0,2.0
DE,9.0,10.0,6.0,6.0,9.0,9.0,7.0,8.0,6.333333333333333,Medium social trust,3.0,High efficacy,Voted,1.0,5.0,Center (4-6),15.0,35.0,2.0
DE,10.0,8.0,5.0,5.0,8.0,8.0,5.0,8.0,6.333333333333333,Medium social trust,2.75,Medium efficacy,Voted,1.0,3.0,Left (0-3),13.0,70.0,2.0
DE,1.0,1.0,0.0,1.0,1.0,1.0,2.0,2.0,6.0,Medium social trust,1.0,Low efficacy,Voted,3.0,7.0,Right (7-10),14.0,47.0,2.0
DE,9.0,10.0,8.0,7.0,10.0,10.0,9.0,8.0,7.333333333333333,High social trust,4.25,High efficacy,Voted,1.0,5.0,Center (4-6),18.0,29.0,2.0
DE,7.0,5.0,5.0,5.0,5.0,4.0,5.0,5.0,5.0,Low social trust,3.0,High efficacy,Voted,2.0,3.0,Left (0-3),18.0,26.0,1.0
DE,8.0,8.0,7.0,5.0,5.0,10.0,6.0,5.0,4.666666666666667,Low social trust,2.0,Low efficacy,Voted,2.0,6.0,Center (4-6),12.0,76.0,1.0
DE,7.0,3.0,4.0,4.0,8.0,8.0,6.0,6.0,6.333333333333333,Medium social trust,3.25,High efficacy,Voted,2.0,5.0,Center (4-6),14.0,22.0,2.0
DE,9.0,7.0,7.0,7.0,4.0,9.0,9.0,8.0,6.666666666666667,High social trust,4.75,High efficacy,Voted,3.0,1.0,Left (0-3),17.0,60.0,2.0
DE,2.0,3.0,4.0,4.0,3.0,8.0,5.0,6.0,8.333333333333334,High social trust,2.5,Medium efficacy,Voted,2.0,5.0,Center (4-6),15.0,25.0,1.0
DE,9.0,9.0,6.0,6.0,9.0,7.0,6.0,7.0,6.0,Medium social trust,3.5,High efficacy,Voted,1.0,4.0,Center (4-6),19.0,34.0,1.0
DE,3.0,8.0,5.0,3.0,6.0,7.0,2.0,2.0,5.0,Low social trust,1.5,Low efficacy,Voted,2.0,4.0,Center (4-6),12.0,73.0,1.0
DE,6.0,6.0,8.0,7.0,8.0,8.0,8.0,7.0,6.333333333333333,Medium social trust,1.75,Low efficacy,Did not vote,1.0,5.0,Center (4-6),9.0,16.0,2.0
DE,6.0,5.0,2.0,3.0,7.0,8.0,6.0,6.0,5.333333333333333,Medium social trust,2.0,Low efficacy,Voted,2.0,5.0,Center (4-6),12.0,51.0,2.0
DE,4.0,2.0,1.0,1.0,4.0,5.0,1.0,1.0,6.333333333333333,Medium social trust,2.5,Medium efficacy,Voted,2.0,3.0,Left (0-3),13.0,59.0,2.0
DE,0.0,3.0,0.0,2.0,3.0,5.0,4.0,4.0,1.6666666666666667,Low social trust,2.25,Low efficacy,Voted,4.0,5.0,Center (4-6),15.0,67.0,2.0
DE,6.0,5.0,5.0,5.0,8.0,4.0,5.0,4.0,7.333333333333333,High social trust,2.5,Medium efficacy,Voted,2.0,3.0,Left (0-3),22.0,42.0,1.0
DE,4.0,6.0,5.0,4.0,4.0,0.0,6.0,8.0,7.0,High social trust,3.75,High efficacy,Voted,1.0,0.0,Left (0-3),21.0,41.0,1.0
DE,9.0,8.0,4.0,7.0,9.0,9.0,8.0,8.0,6.666666666666667,High social trust,3.0,High efficacy,Voted,1.0,6.0,Center (4-6),14.0,38.0,1.0
DE,7.0,8.0,7.0,6.0,7.0,7.0,7.0,8.0,6.333333333333333,Medium social trust,3.0,High efficacy,Voted,3.0,4.0,Center (4-6),18.0,32.0,1.0
DE,8.0,4.0,3.0,4.0,10.0,10.0,5.0,5.0,7.0,High social trust,3.0,High efficacy,Voted,2.0,5.0,Center (4-6),14.0,58.0,2.0
DE,8.0,6.0,3.0,3.0,8.0,10.0,2.0,8.0,8.0,High social trust,5.0,High efficacy,Voted,1.0,5.0,Center (4-6),20.0,51.0,1.0
DE,7.0,5.0,4.0,4.0,9.0,10.0,5.0,5.0,7.333333333333333,High social trust,3.0,High efficacy,Voted,1.0,5.0,Center (4-6),12.0,40.0,2.0
DE,2.0,5.0,3.0,3.0,5.0,7.0,1.0,1.0,4.333333333333333,Low social trust,2.75,Medium efficacy,Did not vote,3.0,3.0,Left (0-3),11.0,18.0,1.0
DE,6.0,7.0,6.0,7.0,8.0,6.0,5.0,4.0,4.666666666666667,Low social trust,4.25,High efficacy,Voted,1.0,6.0,Center (4-6),19.0,49.0,1.0
DE,7.0,7.0,6.0,6.0,10.0,10.0,4.0,5.0,6.0,Medium social trust,3.0,High efficacy,Voted,2.0,4.0,Center (4-6),17.0,24.0,1.0
DE,8.0,2.0,2.0,2.0,4.0,5.0,2.0,3.0,7.0,High social trust,2.25,Low efficacy,Voted,2.0,5.0,Center (4-6),13.0,63.0,1.0
DE,7.0,8.0,3.0,3.0,5.0,8.0,6.0,7.0,5.666666666666667,Medium social trust,3.25,High efficacy,Voted,1.0,5.0,Center (4-6),17.0,62.0,1.0
DE,1.0,0.0,0.0,0.0,4.0,5.0,0.0,4.0,3.3333333333333335,Low social trust,1.75,Low efficacy,Voted,1.0,4.0,Center (4-6),12.0,67.0,2.0
DE,1.0,1.0,1.0,2.0,7.0,7.0,3.0,6.0,5.666666666666667,Medium social trust,2.75,Medium efficacy,Voted,2.0,6.0,Center (4-6),19.0,33.0,1.0
DE,10.0,6.0,5.0,4.0,4.0,8.0,4.0,4.0,8.666666666666666,High social trust,1.5,Low efficacy,Voted,1.0,5.0,Center (4-6),14.0,68.0,1.0
DE,9.0,10.0,9.0,8.0,8.0,9.0,10.0,9.0,8.666666666666666,High social trust,3.25,High efficacy,Voted,2.0,5.0,Center (4-6),17.0,53.0,2.0
DE,7.0,5.0,4.0,3.0,6.0,6.0,5.0,6.0,5.666666666666667,Medium social trust,2.5,Medium efficacy,Voted,1.0,5.0,Center (4-6),20.0,31.0,2.0
DE,3.0,2.0,1.0,1.0,2.0,2.0,2.0,3.0,5.666666666666667,Medium social trust,2.0,Low efficacy,Did not vote,2.0,1.0,Left (0-3),15.0,62.0,1.0
DE,4.0,4.0,4.0,3.0,7.0,7.0,4.0,8.0,8.666666666666666,High social trust,2.5,Medium efficacy,Voted,1.0,8.0,Right (7-10),12.0,57.0,2.0
DE,7.0,8.0,5.0,5.0,8.0,7.0,3.0,8.0,6.666666666666667,High social trust,2.25,Low efficacy,Voted,2.0,4.0,Center (4-6),18.0,60.0,1.0
DE,6.0,6.0,5.0,4.0,7.0,9.0,6.0,8.0,5.333333333333333,Medium social trust,2.5,Medium efficacy,Voted,1.0,4.0,Center (4-6),20.0,32.0,2.0
DE,4.0,1.0,1.0,3.0,7.0,9.0,4.0,5.0,5.0,Low social trust,1.5,Low efficacy,Voted,3.0,5.0,Center (4-6),13.0,46.0,2.0
DE,5.0,3.0,5.0,3.0,3.0,6.0,5.0,5.0,4.0,Low social trust,1.75,Low efficacy,Did not vote,2.0,5.0,Center (4-6),12.0,62.0,1.0
DE,1.0,2.0,1.0,2.0,7.0,10.0,1.0,6.0,3.0,Low social trust,3.0,High efficacy,Voted,1.0,7.0,Right (7-10),17.0,24.0,1.0
DE,4.0,5.0,3.0,4.0,6.0,4.0,4.0,4.0,6.333333333333333,Medium social trust,2.25,Low efficacy,Voted,2.0,5.0,Center (4-6),11.0,56.0,2.0
DE,9.0,5.0,7.0,5.0,8.0,8.0,5.0,8.0,4.0,Low social trust,2.0,Low efficacy,Voted,1.0,5.0,Center (4-6),10.0,47.0,1.0
DE,2.0,0.0,0.0,0.0,2.0,5.0,0.0,0.0,5.0,Low social trust,1.5,Low efficacy,Voted,1.0,5.0,Center (4-6),10.0,60.0,2.0
DE,8.0,9.0,5.0,6.0,8.0,9.0,3.0,8.0,6.333333333333333,Medium social trust,2.5,Medium efficacy,Did not vote,2.0,5.0,Center (4-6),8.0,63.0,1.0
DE,8.0,4.0,3.0,1.0,10.0,10.0,3.0,5.0,7.666666666666667,High social trust,2.75,Medium efficacy,Did not vote,2.0,5.0,Center (4-6),14.0,46.0,1.0
DE,6.0,6.0,5.0,5.0,5.0,8.0,7.0,5.0,7.333333333333333,High social trust,2.5,Medium efficacy,Voted,1.0,5.0,Center (4-6),17.0,68.0,2.0
DE,3.0,2.0,1.0,0.0,3.0,4.0,0.0,3.0,5.333333333333333,Medium social trust,3.0,High efficacy,Voted,1.0,5.0,Center (4-6),15.0,55.0,1.0
DE,8.0,4.0,4.0,4.0,9.0,9.0,4.0,4.0,6.0,Medium social trust,1.75,Low efficacy,Did not vote,1.0,5.0,Center (4-6),13.0,84.0,2.0
DE,6.0,4.0,3.0,3.0,7.0,7.0,3.0,6.0,5.666666666666667,Medium social trust,2.0,Low efficacy,Voted,1.0,3.0,Left (0-3),20.0,42.0,2.0
DE,8.0,7.0,4.0,5.0,9.0,9.0,7.0,9.0,6.666666666666667,High social trust,2.75,Medium efficacy,Voted,1.0,5.0,Center (4-6),15.0,54.0,2.0
DE,6.0,7.0,7.0,6.0,8.0,8.0,6.0,5.0,3.3333333333333335,Low social trust,2.25,Low efficacy,Did not vote,2.0,5.0,Center (4-6),9.0,37.0,2.0
DE,7.0,6.0,7.0,5.0,4.0,4.0,6.0,5.0,5.0,Low social trust,2.5,Medium efficacy,Voted,2.0,6.0,Center (4-6),20.0,57.0,1.0
DE,9.0,6.0,5.0,7.0,8.0,9.0,9.0,10.0,6.0,Medium social trust,2.75,Medium efficacy,Voted,2.0,5.0,Center (4-6),14.0,58.0,2.0
DE,4.0,3.0,3.0,3.0,9.0,9.0,3.0,3.0,7.0,High social trust,2.0,Low efficacy,Voted,2.0,5.0,Center (4-6),11.0,69.0,2.0
DE,5.0,6.0,5.0,5.0,5.0,7.0,7.0,8.0,4.0,Low social trust,3.5,High efficacy,Voted,1.0,5.0,Center (4-6),16.0,21.0,1.0
DE,9.0,7.0,5.0,6.0,8.0,9.0,8.0,9.0,5.666666666666667,Medium social trust,3.0,High efficacy,Voted,1.0,6.0,Center (4-6),16.0,25.0,1.0
DE,7.0,7.0,6.0,6.0,9.0,9.0,7.0,8.0,5.333333333333333,Medium social trust,4.0,High efficacy,Voted,1.0,2.0,Left (0-3),13.0,51.0,2.0
DE,6.0,6.0,5.0,3.0,8.0,7.0,5.0,5.0,6.0,Medium social trust,3.0,High efficacy,Voted,1.0,5.0,Center (4-6),19.0,81.0,2.0
DE,7.0,3.0,3.0,1.0,7.0,10.0,3.0,0.0,6.333333333333333,Medium social trust,2.5,Medium efficacy,Voted,1.0,8.0,Right (7-10),17.0,31.0,1.0
DE,6.0,4.0,5.0,4.0,8.0,8.0,5.0,5.0,6.0,Medium social trust,2.75,Medium efficacy,Voted,2.0,6.0,Center (4-6),18.0,27.0,1.0
DE,3.0,5.0,4.0,5.0,5.0,8.0,3.0,3.0,4.0,Low social trust,2.25,Low efficacy,Voted,1.0,5.0,Center (4-6),13.0,90.0,1.0
DE,3.0,3.0,3.0,3.0,6.0,8.0,4.0,5.0,3.6666666666666665,Low social trust,2.25,Low efficacy,Voted,1.0,6.0,Center (4-6),16.0,24.0,2.0
DE,8.0,7.0,6.0,7.0,7.0,7.0,7.0,8.0,6.333333333333333,Medium social trust,2.5,Medium efficacy,Voted,1.0,2.0,Left (0-3),17.0,66.0,1.0
DE,9.0,8.0,7.0,7.0,6.0,8.0,7.0,6.0,7.333333333333333,High social trust,3.25,High efficacy,Voted,1.0,3.0,Left (0-3),12.0,56.0,1.0
DE,10.0,7.0,5.0,7.0,7.0,10.0,7.0,7.0,5.666666666666667,Medium social trust,2.75,Medium efficacy,Voted,3.0,7.0,Right (7-10),16.0,22.0,2.0
DE,5.0,6.0,3.0,2.0,5.0,7.0,5.0,5.0,6.0,Medium social trust,2.75,Medium efficacy,Voted,2.0,2.0,Left (0-3),15.0,30.0,2.0
DE,5.0,7.0,7.0,3.0,10.0,10.0,1.0,7.0,7.666666666666667,High social trust,3.0,High efficacy,Voted,3.0,5.0,Center (4-6),13.0,66.0,1.0
DE,3.0,6.0,2.0,5.0,8.0,4.0,6.0,2.0,7.0,High social trust,2.0,Low efficacy,Voted,2.0,5.0,Center (4-6),11.0,58.0,1.0
DE,7.0,7.0,4.0,3.0,8.0,7.0,5.0,4.0,7.333333333333333,High social trust,3.0,High efficacy,Voted,1.0,5.0,Center (4-6),23.0,51.0,2.0
DE,2.0,0.0,0.0,0.0,0.0,5.0,0.0,0.0,3.3333333333333335,Low social trust,1.5,Low efficacy,Voted,2.0,7.0,Right (7-10),20.0,69.0,1.0
DE,7.0,5.0,2.0,4.0,8.0,9.0,5.0,5.0,4.0,Low social trust,3.0,High efficacy,Voted,2.0,5.0,Center (4-6),15.0,21.0,1.0
DE,4.0,3.0,2.0,2.0,6.0,7.0,4.0,6.0,6.0,Medium social trust,2.0,Low efficacy,Voted,2.0,6.0,Center (4-6),12.0,60.0,2.0
DE,8.0,8.0,7.0,6.0,8.0,7.0,8.0,8.0,5.333333333333333,Medium social trust,3.25,High efficacy,Voted,1.0,3.0,Left (0-3),19.0,67.0,1.0
DE,7.0,7.0,5.0,5.0,7.0,6.0,6.0,6.0,7.0,High social trust,2.75,Medium efficacy,Voted,1.0,3.0,Left (0-3),19.0,30.0,2.0
DE,8.0,5.0,3.0,3.0,5.0,8.0,3.0,7.0,6.333333333333333,Medium social trust,2.25,Low efficacy,Voted,1.0,5.0,Center (4-6),11.0,73.0,1.0
DE,4.0,6.0,3.0,3.0,8.0,8.0,6.0,5.0,4.0,Low social trust,1.75,Low efficacy,Voted,1.0,6.0,Center (4-6),18.0,30.0,1.0
DE,5.0,2.0,5.0,4.0,3.0,7.0,2.0,7.0,4.666666666666667,Low social trust,2.0,Low efficacy,Voted,2.0,5.0,Center (4-6),11.0,70.0,1.0
DE,7.0,7.0,6.0,5.0,7.0,8.0,7.0,7.0,5.333333333333333,Medium social trust,2.5,Medium efficacy,Voted,2.0,5.0,Center (4-6),14.0,21.0,2.0
DE,7.0,4.0,5.0,4.0,3.0,5.0,4.0,6.0,5.0,Low social trust,2.0,Low efficacy,Voted,1.0,5.0,Center (4-6),17.0,59.0,2.0
DE,8.0,6.0,5.0,5.0,7.0,7.0,4.0,6.0,6.0,Medium social trust,3.25,High efficacy,Voted,1.0,5.0,Center (4-6),23.0,62.0,1.0
DE,3.0,7.0,5.0,5.0,6.0,8.0,6.0,8.0,5.0,Low social trust,3.0,High efficacy,Voted,2.0,7.0,Right (7-10),22.0,46.0,1.0
DE,5.0,3.0,1.0,1.0,10.0,8.0,1.0,4.0,5.0,Low social trust,2.25,Low efficacy,Voted,2.0,3.0,Left (0-3),15.0,80.0,1.0
DE,3.0,5.0,3.0,3.0,6.0,6.0,4.0,4.0,5.666666666666667,Medium social trust,1.75,Low efficacy,Did not vote,2.0,3.0,Left (0-3),13.0,30.0,2.0
DE,4.0,8.0,6.0,3.0,9.0,9.0,6.0,9.0,4.333333333333333,Low social trust,3.0,High efficacy,Voted,1.0,4.0,Center (4-6),17.0,76.0,1.0
DE,3.0,1.0,0.0,0.0,3.0,3.0,2.0,4.0,3.3333333333333335,Low social trust,2.0,Low efficacy,Voted,1.0,5.0,Center (4-6),14.0,34.0,2.0
DE,8.0,5.0,4.0,3.0,8.0,8.0,3.0,5.0,5.333333333333333,Medium social trust,2.5,Medium efficacy,Voted,2.0,5.0,Center (4-6),14.0,54.0,1.0
DE,4.0,6.0,4.0,4.0,8.0,9.0,2.0,4.0,6.0,Medium social trust,2.25,Low efficacy,Voted,2.0,4.0,Center (4-6),18.0,58.0,2.0
DE,6.0,2.0,1.0,2.0,5.0,8.0,5.0,6.0,5.0,Low social trust,1.75,Low efficacy,Voted,2.0,4.0,Center (4-6),12.0,69.0,2.0
DE,2.0,2.0,2.0,2.0,5.0,5.0,2.0,2.0,2.6666666666666665,Low social trust,1.0,Low efficacy,Did not vote,2.0,0.0,Left (0-3),14.0,63.0,1.0
DE,0.0,0.0,0.0,0.0,5.0,8.0,0.0,0.0,6.666666666666667,High social trust,1.75,Low efficacy,Voted,2.0,5.0,Center (4-6),12.0,62.0,2.0
DE,6.0,5.0,5.0,5.0,6.0,6.0,5.0,4.0,6.666666666666667,High social trust,3.0,High efficacy,Voted,2.0,4.0,Center (4-6),24.0,51.0,1.0
DE,7.0,9.0,6.0,6.0,9.0,8.0,5.0,5.0,5.666666666666667,Medium social trust,2.75,Medium efficacy,Voted,1.0,5.0,Center (4-6),12.0,76.0,1.0
DE,6.0,2.0,1.0,0.0,9.0,9.0,1.0,8.0,5.333333333333333,Medium social trust,3.25,High efficacy,Voted,1.0,7.0,Right (7-10),16.0,74.0,1.0
DE,5.0,0.0,1.0,1.0,3.0,10.0,4.0,7.0,2.6666666666666665,Low social trust,1.25,Low efficacy,Voted,3.0,1.0,Left (0-3),11.0,61.0,2.0
DE,10.0,8.0,7.0,5.0,10.0,8.0,7.0,7.0,5.0,Low social trust,3.25,High efficacy,Voted,1.0,5.0,Center (4-6),15.0,36.0,1.0
DE,8.0,7.0,6.0,4.0,9.0,9.0,7.0,9.0,7.333333333333333,High social trust,3.25,High efficacy,Voted,3.0,3.0,Left (0-3),16.0,66.0,1.0
DE,7.0,7.0,5.0,6.0,8.0,8.0,5.0,7.0,3.6666666666666665,Low social trust,3.0,High efficacy,Voted,2.0,5.0,Center (4-6),15.0,38.0,1.0
DE,5.0,5.0,5.0,5.0,8.0,9.0,4.0,6.0,7.333333333333333,High social trust,3.0,High efficacy,Voted,1.0,7.0,Right (7-10),14.0,60.0,1.0
DE,4.0,3.0,3.0,3.0,7.0,8.0,3.0,3.0,6.333333333333333,Medium social trust,2.25,Low efficacy,Voted,1.0,6.0,Center (4-6),13.0,77.0,1.0
DE,6.0,5.0,5.0,5.0,4.0,4.0,3.0,5.0,3.3333333333333335,Low social trust,3.25,High efficacy,Voted,2.0,3.0,Left (0-3),14.0,69.0,2.0
DE,7.0,7.0,5.0,7.0,9.0,9.0,8.0,7.0,7.333333333333333,High social trust,3.75,High efficacy,Voted,1.0,4.0,Center (4-6),18.0,33.0,1.0
DE,4.0,6.0,4.0,3.0,7.0,9.0,6.0,6.0,4.666666666666667,Low social trust,2.5,Medium efficacy,Voted,3.0,5.0,Center (4-6),13.0,60.0,1.0
DE,10.0,9.0,7.0,7.0,9.0,9.0,9.0,9.0,5.0,Low social trust,3.5,High efficacy,Voted,1.0,5.0,Center (4-6),12.0,70.0,1.0
DE,8.0,7.0,6.0,7.0,7.0,6.0,5.0,7.0,3.6666666666666665,Low social trust,2.5,Medium efficacy,Voted,1.0,5.0,Center (4-6),15.0,40.0,2.0
DE,7.0,5.0,5.0,4.0,2.0,9.0,5.0,3.0,6.333333333333333,Medium social trust,2.75,Medium efficacy,Voted,1.0,2.0,Left (0-3),16.0,72.0,1.0
DE,8.0,5.0,5.0,5.0,8.0,8.0,5.0,5.0,6.333333333333333,Medium social trust,2.25,Low efficacy,Voted,2.0,5.0,Center (4-6),13.0,67.0,1.0
DE,0.0,0.0,0.0,0.0,1.0,2.0,1.0,1.0,3.3333333333333335,Low social trust,1.5,Low efficacy,Did not vote,2.0,0.0,Left (0-3),13.0,42.0,2.0
DE,3.0,3.0,3.0,3.0,3.0,4.0,5.0,7.0,5.333333333333333,Medium social trust,2.75,Medium efficacy,Voted,2.0,5.0,Center (4-6),13.0,63.0,2.0
DE,6.0,5.0,4.0,3.0,4.0,6.0,4.0,4.0,5.0,Low social trust,2.25,Low efficacy,Voted,2.0,5.0,Center (4-6),14.0,68.0,2.0
DE,7.0,7.0,7.0,6.0,8.0,7.0,7.0,7.0,5.0,Low social trust,2.25,Low efficacy,Voted,2.0,5.0,Center (4-6),16.0,22.0,2.0
DE,3.0,4.0,3.0,3.0,6.0,10.0,2.0,3.0,5.333333333333333,Medium social trust,2.0,Low efficacy,Did not vote,2.0,5.0,Center (4-6),9.0,30.0,2.0
DE,0.0,0.0,0.0,0.0,0.0,1.0,0.0,0.0,0.3333333333333333,Low social trust,1.25,Low efficacy,Voted,3.0,5.0,Center (4-6),8.0,66.0,1.0
DE,6.0,6.0,7.0,7.0,8.0,8.0,6.0,7.0,5.0,Low social trust,2.25,Low efficacy,Voted,2.0,5.0,Center (4-6),13.0,43.0,2.0
DE,4.0,3.0,1.0,2.0,5.0,6.0,3.0,1.0,7.0,High social trust,1.75,Low efficacy,Voted,2.0,5.0,Center (4-6),13.0,43.0,2.0
DE,7.0,2.0,0.0,0.0,3.0,4.0,2.0,2.0,5.0,Low social trust,1.75,Low efficacy,Did not vote,2.0,0.0,Left (0-3),11.0,45.0,2.0
DE,4.0,2.0,2.0,2.0,3.0,4.0,2.0,2.0,3.6666666666666665,Low social trust,2.75,Medium efficacy,Voted,1.0,5.0,Center (4-6),13.0,31.0,2.0
DE,0.0,0.0,0.0,0.0,2.0,5.0,0.0,0.0,5.0,Low social trust,2.0,Low efficacy,Voted,1.0,6.0,Center (4-6),16.0,35.0,1.0
DE,8.0,7.0,5.0,4.0,9.0,8.0,7.0,7.0,6.333333333333333,Medium social trust,3.0,High efficacy,Voted,1.0,3.0,Left (0-3),19.0,33.0,1.0
DE,6.0,3.0,3.0,5.0,5.0,5.0,3.0,3.0,5.666666666666667,Medium social trust,2.0,Low efficacy,Voted,2.0,5.0,Center (4-6),12.0,72.0,1.0
DE,9.0,6.0,5.0,5.0,7.0,8.0,7.0,6.0,6.333333333333333,Medium social trust,3.5,High efficacy,Voted,3.0,5.0,Center (4-6),15.0,28.0,2.0
DE,6.0,8.0,5.0,4.0,9.0,9.0,4.0,8.0,7.0,High social trust,2.75,Medium efficacy,Voted,1.0,3.0,Left (0-3),20.0,80.0,2.0
DE,7.0,7.0,7.0,6.0,8.0,8.0,7.0,6.0,6.333333333333333,Medium social trust,3.5,High efficacy,Voted,2.0,4.0,Center (4-6),18.0,40.0,2.0
DE,10.0,9.0,7.0,6.0,10.0,7.0,9.0,7.0,6.0,Medium social trust,4.5,High efficacy,Voted,1.0,3.0,Left (0-3),19.0,41.0,1.0
DE,3.0,0.0,0.0,0.0,4.0,7.0,0.0,0.0,4.666666666666667,Low social trust,2.0,Low efficacy,Did not vote,1.0,5.0,Center (4-6),12.0,59.0,2.0
DE,0.0,1.0,1.0,1.0,5.0,5.0,1.0,2.0,2.3333333333333335,Low social trust,1.5,Low efficacy,Voted,2.0,2.0,Left (0-3),12.0,53.0,1.0
DE,7.0,7.0,5.0,5.0,8.0,7.0,7.0,7.0,6.666666666666667,High social trust,3.5,High efficacy,Voted,1.0,6.0,Center (4-6),18.0,72.0,1.0
DE,8.0,6.0,7.0,5.0,8.0,8.0,6.0,5.0,5.666666666666667,Medium social trust,2.5,Medium efficacy,Voted,1.0,3.0,Left (0-3),12.0,67.0,2.0
DE,6.0,5.0,6.0,4.0,6.0,7.0,6.0,6.0,6.0,Medium social trust,2.25,Low efficacy,Voted,2.0,4.0,Center (4-6),12.0,66.0,2.0
DE,2.0,3.0,3.0,5.0,5.0,5.0,0.0,5.0,6.0,Medium social trust,2.5,Medium efficacy,Voted,1.0,7.0,Right (7-10),5.0,59.0,1.0
DE,5.0,6.0,3.0,3.0,8.0,9.0,4.0,7.0,6.666666666666667,High social trust,2.0,Low efficacy,Voted,1.0,7.0,Right (7-10),20.0,38.0,1.0
DE,6.0,5.0,3.0,3.0,3.0,7.0,3.0,1.0,6.666666666666667,High social trust,3.5,High efficacy,Voted,1.0,5.0,Center (4-6),18.0,67.0,1.0
DE,9.0,10.0,8.0,7.0,10.0,10.0,10.0,10.0,9.0,High social trust,3.5,High efficacy,Voted,1.0,3.0,Left (0-3),12.0,54.0,1.0
DE,6.0,5.0,5.0,5.0,8.0,8.0,5.0,5.0,4.333333333333333,Low social trust,3.0,High efficacy,Voted,1.0,7.0,Right (7-10),28.0,84.0,1.0
DE,6.0,8.0,3.0,3.0,8.0,10.0,5.0,3.0,7.0,High social trust,1.5,Low efficacy,Voted,2.0,7.0,Right (7-10),11.0,81.0,2.0
DE,6.0,6.0,4.0,4.0,8.0,8.0,6.0,6.0,4.0,Low social trust,2.25,Low efficacy,Did not vote,2.0,5.0,Center (4-6),10.0,22.0,2.0
DE,4.0,3.0,3.0,2.0,3.0,6.0,5.0,6.0,6.333333333333333,Medium social trust,2.0,Low efficacy,Voted,2.0,6.0,Center (4-6),14.0,48.0,2.0
DE,8.0,7.0,6.0,4.0,8.0,9.0,6.0,5.0,5.0,Low social trust,3.25,High efficacy,Voted,1.0,5.0,Center (4-6),18.0,80.0,2.0
DE,8.0,3.0,3.0,4.0,7.0,7.0,4.0,3.0,2.0,Low social trust,2.25,Low efficacy,Voted,2.0,7.0,Right (7-10),14.0,66.0,1.0
DE,9.0,8.0,3.0,5.0,9.0,9.0,7.0,9.0,4.0,Low social trust,3.75,High efficacy,Did not vote,2.0,5.0,Center (4-6),11.0,19.0,1.0
DE,8.0,10.0,6.0,6.0,10.0,10.0,10.0,10.0,5.666666666666667,Medium social trust,2.75,Medium efficacy,Voted,1.0,4.0,Center (4-6),17.0,43.0,1.0
DE,8.0,10.0,8.0,6.0,10.0,10.0,6.0,6.0,5.666666666666667,Medium social trust,3.5,High efficacy,Voted,1.0,4.0,Center (4-6),13.0,59.0,2.0
DE,0.0,0.0,0.0,0.0,1.0,8.0,0.0,0.0,4.333333333333333,Low social trust,2.5,Medium efficacy,Voted,1.0,6.0,Center (4-6),14.0,48.0,1.0
DE,6.0,4.0,2.0,2.0,6.0,8.0,3.0,6.0,5.0,Low social trust,2.25,Low efficacy,Voted,2.0,3.0,Left (0-3),13.0,72.0,1.0
DE,8.0,5.0,5.0,5.0,8.0,10.0,5.0,7.0,4.333333333333333,Low social trust,3.5,High efficacy,Voted,1.0,5.0,Center (4-6),19.0,57.0,1.0
DE,5.0,7.0,6.0,6.0,9.0,9.0,6.0,8.0,6.0,Medium social trust,2.25,Low efficacy,Voted,2.0,4.0,Center (4-6),15.0,27.0,1.0
DE,6.0,8.0,5.0,6.0,9.0,4.0,7.0,7.0,6.666666666666667,High social trust,3.25,High efficacy,Voted,2.0,3.0,Left (0-3),12.0,26.0,2.0
DE,6.0,6.0,7.0,5.0,8.0,7.0,5.0,4.0,9.666666666666666,High social trust,2.25,Low efficacy,Voted,1.0,2.0,Left (0-3),17.0,45.0,2.0
DE,5.0,6.0,2.0,2.0,8.0,8.0,2.0,5.0,5.333333333333333,Medium social trust,3.0,High efficacy,Voted,1.0,5.0,Center (4-6),13.0,49.0,1.0
DE,4.0,4.0,4.0,3.0,5.0,5.0,4.0,5.0,4.666666666666667,Low social trust,2.5,Medium efficacy,Voted,1.0,4.0,Center (4-6),14.0,62.0,1.0
DE,2.0,0.0,0.0,0.0,6.0,10.0,5.0,8.0,8.0,High social trust,2.0,Low efficacy,Voted,1.0,5.0,Center (4-6),13.0,81.0,1.0
DE,2.0,5.0,4.0,0.0,4.0,5.0,0.0,5.0,5.666666666666667,Medium social trust,3.0,High efficacy,Voted,2.0,7.0,Right (7-10),12.0,29.0,1.0
DE,5.0,5.0,2.0,4.0,7.0,4.0,5.0,4.0,5.0,Low social trust,2.5,Medium efficacy,Voted,1.0,3.0,Left (0-3),17.0,29.0,2.0
DE,9.0,6.0,3.0,4.0,7.0,8.0,5.0,6.0,7.0,High social trust,2.25,Low efficacy,Voted,2.0,6.0,Center (4-6),11.0,73.0,2.0
DE,8.0,8.0,5.0,5.0,9.0,7.0,6.0,7.0,6.0,Medium social trust,2.75,Medium efficacy,Voted,1.0,4.0,Center (4-6),12.0,62.0,2.0
DE,8.0,8.0,7.0,6.0,8.0,9.0,7.0,6.0,5.333333333333333,Medium social trust,2.75,Medium efficacy,Voted,1.0,6.0,Center (4-6),12.0,19.0,2.0
DE,5.0,4.0,3.0,4.0,5.0,7.0,4.0,3.0,6.333333333333333,Medium social trust,1.5,Low efficacy,Voted,2.0,2.0,Left (0-3),14.0,36.0,2.0
DE,8.0,7.0,7.0,5.0,7.0,9.0,8.0,6.0,6.333333333333333,Medium social trust,2.5,Medium efficacy,Voted,2.0,3.0,Left (0-3),16.0,60.0,2.0
DE,9.0,6.0,5.0,4.0,9.0,9.0,8.0,9.0,6.666666666666667,High social trust,2.5,Medium efficacy,Voted,1.0,3.0,Left (0-3),14.0,51.0,2.0
DE,8.0,7.0,8.0,8.0,6.0,9.0,9.0,8.0,6.333333333333333,Medium social trust,3.0,High efficacy,Voted,1.0,8.0,Right (7-10),14.0,20.0,2.0
DE,3.0,5.0,3.0,1.0,5.0,7.0,1.0,5.0,4.666666666666667,Low social trust,2.5,Medium efficacy,Voted,2.0,2.0,Left (0-3),16.0,63.0,2.0
DE,8.0,4.0,5.0,5.0,8.0,7.0,3.0,7.0,7.0,High social trust,3.0,High efficacy,Voted,1.0,3.0,Left (0-3),13.0,47.0,2.0
DE,6.0,6.0,4.0,4.0,8.0,9.0,5.0,7.0,6.666666666666667,High social trust,2.0,Low efficacy,Voted,2.0,5.0,Center (4-6),19.0,37.0,1.0
DE,3.0,5.0,7.0,7.0,8.0,8.0,7.0,7.0,6.666666666666667,High social trust,1.75,Low efficacy,Voted,2.0,3.0,Left (0-3),15.0,54.0,2.0
DE,9.0,10.0,7.0,5.0,7.0,9.0,8.0,8.0,6.333333333333333,Medium social trust,3.25,High efficacy,Voted,1.0,3.0,Left (0-3),18.0,58.0,1.0
DE,6.0,6.0,5.0,4.0,6.0,10.0,5.0,5.0,6.0,Medium social trust,2.5,Medium efficacy,Voted,1.0,8.0,Right (7-10),13.0,74.0,1.0
DE,9.0,4.0,4.0,2.0,9.0,8.0,2.0,4.0,5.0,Low social trust,3.0,High efficacy,Did not vote,1.0,5.0,Center (4-6),18.0,38.0,1.0
DE,4.0,3.0,3.0,3.0,5.0,6.0,2.0,3.0,6.333333333333333,Medium social trust,2.5,Medium efficacy,Voted,2.0,6.0,Center (4-6),17.0,38.0,1.0
DE,7.0,3.0,3.0,3.0,4.0,8.0,2.0,7.0,4.333333333333333,Low social trust,2.75,Medium efficacy,Voted,2.0,5.0,Center (4-6),12.0,82.0,1.0
DE,6.0,7.0,6.0,6.0,8.0,8.0,7.0,6.0,6.333333333333333,Medium social trust,3.0,High efficacy,Voted,1.0,3.0,Left (0-3),19.0,79.0,1.0
DE,9.0,7.0,6.0,7.0,8.0,8.0,7.0,8.0,6.666666666666667,High social trust,2.75,Medium efficacy,Voted,1.0,5.0,Center (4-6),19.0,33.0,2.0
DE,4.0,4.0,4.0,1.0,5.0,8.0,2.0,4.0,7.333333333333333,High social trust,2.75,Medium efficacy,Voted,1.0,6.0,Center (4-6),13.0,74.0,2.0
DE,8.0,8.0,8.0,8.0,6.0,9.0,6.0,7.0,3.0,Low social trust,3.0,High efficacy,Voted,3.0,1.0,Left (0-3),11.0,75.0,2.0
DE,8.0,5.0,3.0,2.0,2.0,8.0,1.0,5.0,3.3333333333333335,Low social trust,2.5,Medium efficacy,Voted,1.0,7.0,Right (7-10),15.0,62.0,1.0
DE,4.0,3.0,2.0,5.0,6.0,8.0,4.0,5.0,4.0,Low social trust,1.75,Low efficacy,Did not vote,2.0,6.0,Center (4-6),18.0,27.0,1.0
DE,4.0,0.0,1.0,1.0,8.0,9.0,0.0,2.0,8.0,High social trust,1.5,Low efficacy,Did not vote,1.0,5.0,Center (4-6),11.0,48.0,2.0
DE,7.0,8.0,7.0,7.0,6.0,8.0,8.0,7.0,3.3333333333333335,Low social trust,2.5,Medium efficacy,Voted,1.0,2.0,Left (0-3),16.0,23.0,2.0
DE,6.0,5.0,5.0,5.0,7.0,9.0,5.0,7.0,5.333333333333333,Medium social trust,2.25,Low efficacy,Voted,1.0,5.0,Center (4-6),18.0,78.0,2.0
DE,3.0,3.0,1.0,1.0,3.0,5.0,2.0,2.0,5.0,Low social trust,1.75,Low efficacy,Voted,2.0,7.0,Right (7-10),17.0,41.0,2.0
DE,2.0,3.0,0.0,0.0,3.0,3.0,0.0,0.0,4.0,Low social trust,2.75,Medium efficacy,Voted,1.0,5.0,Center (4-6),18.0,29.0,1.0
DE,8.0,5.0,7.0,7.0,7.0,7.0,5.0,6.0,8.0,High social trust,2.25,Low efficacy,Voted,1.0,5.0,Center (4-6),13.0,70.0,1.0
DE,9.0,10.0,6.0,4.0,10.0,10.0,8.0,6.0,4.333333333333333,Low social trust,2.75,Medium efficacy,Voted,1.0,3.0,Left (0-3),13.0,56.0,2.0
DE,8.0,7.0,5.0,5.0,5.0,6.0,3.0,3.0,6.333333333333333,Medium social trust,2.25,Low efficacy,Voted,1.0,2.0,Left (0-3),9.0,78.0,1.0
DE,3.0,1.0,2.0,2.0,5.0,10.0,1.0,2.0,3.3333333333333335,Low social trust,2.5,Medium efficacy,Voted,2.0,8.0,Right (7-10),14.0,59.0,1.0
DE,1.0,2.0,1.0,0.0,5.0,8.0,0.0,4.0,4.333333333333333,Low social trust,3.25,High efficacy,Voted,1.0,1.0,Left (0-3),16.0,58.0,2.0
DE,8.0,9.0,5.0,6.0,8.0,8.0,9.0,9.0,7.333333333333333,High social trust,2.75,Medium efficacy,Voted,1.0,3.0,Left (0-3),22.0,29.0,1.0
DE,5.0,5.0,7.0,6.0,8.0,8.0,4.0,5.0,6.666666666666667,High social trust,3.75,High efficacy,Voted,1.0,6.0,Center (4-6),25.0,58.0,1.0
DE,7.0,4.0,4.0,4.0,4.0,5.0,4.0,4.0,4.333333333333333,Low social trust,1.5,Low efficacy,Voted,1.0,7.0,Right (7-10),14.0,73.0,2.0
DE,3.0,1.0,1.0,4.0,1.0,4.0,4.0,4.0,4.0,Low social trust,1.75,Low efficacy,Voted,2.0,2.0,Left (0-3),11.0,76.0,1.0
DE,6.0,6.0,3.0,4.0,7.0,7.0,6.0,6.0,5.333333333333333,Medium social trust,3.5,High efficacy,Voted,1.0,6.0,Center (4-6),15.0,27.0,2.0
DE,5.0,2.0,2.0,2.0,5.0,6.0,3.0,3.0,4.333333333333333,Low social trust,2.75,Medium efficacy,Voted,2.0,5.0,Center (4-6),13.0,41.0,2.0
DE,6.0,5.0,4.0,4.0,7.0,7.0,5.0,5.0,5.333333333333333,Medium social trust,2.0,Low efficacy,Voted,1.0,5.0,Center (4-6),16.0,23.0,2.0
DE,9.0,0.0,0.0,1.0,7.0,6.0,2.0,8.0,4.0,Low social trust,2.25,Low efficacy,Voted,2.0,8.0,Right (7-10),12.0,57.0,2.0
DE,10.0,10.0,10.0,10.0,8.0,10.0,10.0,9.0,4.333333333333333,Low social trust,5.0,High efficacy,Voted,1.0,3.0,Left (0-3),17.0,58.0,2.0
DE,7.0,6.0,4.0,6.0,7.0,9.0,4.0,5.0,4.0,Low social trust,1.75,Low efficacy,Voted,2.0,9.0,Right (7-10),9.0,89.0,2.0
DE,7.0,5.0,3.0,7.0,7.0,4.0,6.0,8.0,3.0,Low social trust,1.75,Low efficacy,Voted,1.0,7.0,Right (7-10),14.0,22.0,1.0
DE,3.0,8.0,1.0,5.0,3.0,3.0,3.0,5.0,7.0,High social trust,2.5,Medium efficacy,Voted,1.0,6.0,Center (4-6),18.0,69.0,1.0
DE,3.0,1.0,0.0,0.0,5.0,7.0,0.0,2.0,5.0,Low social trust,2.0,Low efficacy,Voted,3.0,5.0,Center (4-6),14.0,46.0,2.0
DE,5.0,4.0,4.0,4.0,6.0,6.0,4.0,5.0,5.666666666666667,Medium social trust,2.25,Low efficacy,Voted,1.0,3.0,Left (0-3),17.0,56.0,2.0
DE,3.0,5.0,4.0,5.0,5.0,4.0,7.0,5.0,4.666666666666667,Low social trust,2.0,Low efficacy,Did not vote,1.0,5.0,Center (4-6),14.0,19.0,2.0
DE,7.0,0.0,0.0,0.0,2.0,6.0,0.0,6.0,4.666666666666667,Low social trust,1.5,Low efficacy,Voted,1.0,5.0,Center (4-6),11.0,70.0,1.0
DE,7.0,9.0,6.0,5.0,9.0,8.0,6.0,8.0,8.666666666666666,High social trust,3.25,High efficacy,Voted,1.0,7.0,Right (7-10),17.0,59.0,2.0
DE,7.0,8.0,6.0,6.0,7.0,7.0,7.0,7.0,7.333333333333333,High social trust,3.0,High efficacy,Voted,2.0,2.0,Left (0-3),13.0,47.0,1.0
DE,1.0,0.0,0.0,0.0,0.0,6.0,0.0,0.0,4.333333333333333,Low social trust,1.25,Low efficacy,Voted,2.0,5.0,Center (4-6),12.0,65.0,2.0
DE,8.0,0.0,5.0,3.0,9.0,9.0,9.0,7.0,8.333333333333334,High social trust,2.0,Low efficacy,Voted,1.0,8.0,Right (7-10),12.0,58.0,2.0
DE,6.0,8.0,4.0,4.0,7.0,6.0,7.0,5.0,5.666666666666667,Medium social trust,2.0,Low efficacy,Voted,2.0,2.0,Left (0-3),24.0,44.0,2.0
DE,2.0,2.0,1.0,2.0,7.0,10.0,0.0,0.0,6.666666666666667,High social trust,1.75,Low efficacy,Voted,1.0,5.0,Center (4-6),13.0,63.0,2.0
DE,8.0,9.0,8.0,6.0,9.0,7.0,8.0,8.0,6.0,Medium social trust,2.25,Low efficacy,Voted,1.0,4.0,Center (4-6),16.0,67.0,2.0
DE,8.0,5.0,4.0,4.0,10.0,9.0,5.0,5.0,5.666666666666667,Medium social trust,2.0,Low efficacy,Voted,2.0,5.0,Center (4-6),12.0,51.0,2.0
DE,4.0,6.0,4.0,4.0,5.0,7.0,6.0,5.0,5.0,Low social trust,2.25,Low efficacy,Voted,2.0,5.0,Center (4-6),13.0,23.0,1.0
DE,5.0,5.0,4.0,4.0,5.0,5.0,3.0,3.0,6.0,Medium social trust,2.75,Medium efficacy,Voted,2.0,7.0,Right (7-10),13.0,62.0,1.0
DE,8.0,2.0,7.0,5.0,5.0,5.0,8.0,9.0,1.6666666666666667,Low social trust,1.0,Low efficacy,Voted,2.0,10.0,Right (7-10),11.0,85.0,1.0
DE,5.0,7.0,5.0,5.0,7.0,9.0,3.0,3.0,5.666666666666667,Medium social trust,3.25,High efficacy,Voted,1.0,5.0,Center (4-6),15.0,68.0,1.0
DE,6.0,8.0,2.0,3.0,9.0,9.0,8.0,7.0,2.6666666666666665,Low social trust,2.25,Low efficacy,Voted,1.0,0.0,Left (0-3),13.0,23.0,2.0
DE,7.0,7.0,6.0,6.0,7.0,5.0,7.0,7.0,5.666666666666667,Medium social trust,2.5,Medium efficacy,Voted,2.0,2.0,Left (0-3),17.0,25.0,2.0
DE,2.0,1.0,2.0,2.0,2.0,6.0,2.0,4.0,5.666666666666667,Medium social trust,1.5,Low efficacy,Voted,1.0,5.0,Center (4-6),13.0,45.0,2.0
DE,5.0,4.0,3.0,3.0,7.0,8.0,4.0,6.0,6.0,Medium social trust,3.25,High efficacy,Voted,1.0,6.0,Center (4-6),17.0,52.0,1.0
DE,6.0,3.0,3.0,3.0,4.0,6.0,3.0,2.0,7.333333333333333,High social trust,2.5,Medium efficacy,Voted,2.0,5.0,Center (4-6),14.0,31.0,2.0
DE,8.0,8.0,7.0,6.0,9.0,9.0,7.0,7.0,6.666666666666667,High social trust,2.25,Low efficacy,Voted,2.0,4.0,Center (4-6),18.0,60.0,2.0
DE,7.0,7.0,4.0,4.0,8.0,6.0,5.0,5.0,6.0,Medium social trust,2.5,Medium efficacy,Voted,1.0,4.0,Center (4-6),15.0,24.0,1.0
DE,2.0,3.0,2.0,2.0,3.0,4.0,4.0,4.0,3.6666666666666665,Low social trust,2.25,Low efficacy,Voted,1.0,8.0,Right (7-10),12.0,27.0,1.0
DE,8.0,9.0,5.0,6.0,10.0,7.0,8.0,9.0,7.0,High social trust,2.75,Medium efficacy,Voted,1.0,6.0,Center (4-6),14.0,61.0,2.0
DE,6.0,6.0,4.0,5.0,3.0,7.0,5.0,8.0,5.666666666666667,Medium social trust,2.0,Low efficacy,Voted,3.0,5.0,Center (4-6),8.0,89.0,2.0
DE,4.0,10.0,5.0,6.0,10.0,10.0,8.0,10.0,7.666666666666667,High social trust,3.5,High efficacy,Voted,1.0,3.0,Left (0-3),19.0,47.0,2.0
DE,9.0,9.0,7.0,7.0,9.0,9.0,8.0,8.0,4.666666666666667,Low social trust,3.75,High efficacy,Voted,2.0,4.0,Center (4-6),13.0,20.0,1.0
DE,3.0,3.0,2.0,1.0,3.0,3.0,3.0,0.0,4.666666666666667,Low social trust,3.5,High efficacy,Voted,1.0,5.0,Center (4-6),24.0,36.0,1.0
DE,3.0,1.0,0.0,0.0,2.0,3.0,3.0,4.0,3.3333333333333335,Low social trust,1.75,Low efficacy,Did not vote,1.0,5.0,Center (4-6),10.0,51.0,2.0
DE,8.0,8.0,7.0,7.0,9.0,9.0,7.0,7.0,6.0,Medium social trust,3.25,High efficacy,Voted,2.0,2.0,Left (0-3),19.0,45.0,2.0
DE,10.0,5.0,5.0,4.0,10.0,7.0,5.0,7.0,7.333333333333333,High social trust,3.0,High efficacy,Voted,2.0,7.0,Right (7-10),14.0,82.0,1.0
DE,8.0,5.0,5.0,5.0,9.0,7.0,5.0,4.0,6.333333333333333,Medium social trust,3.0,High efficacy,Voted,1.0,4.0,Center (4-6),23.0,32.0,1.0
DE,2.0,2.0,0.0,1.0,8.0,8.0,2.0,4.0,4.0,Low social trust,1.75,Low efficacy,Voted,2.0,7.0,Right (7-10),13.0,46.0,1.0
DE,4.0,4.0,0.0,0.0,3.0,8.0,0.0,0.0,5.333333333333333,Medium social trust,1.25,Low efficacy,Voted,1.0,5.0,Center (4-6),11.0,54.0,1.0
DE,6.0,5.0,4.0,4.0,8.0,9.0,7.0,3.0,6.0,Medium social trust,2.5,Medium efficacy,Voted,1.0,6.0,Center (4-6),11.0,78.0,1.0
DE,5.0,0.0,0.0,0.0,3.0,5.0,0.0,2.0,3.6666666666666665,Low social trust,1.25,Low efficacy,Voted,2.0,5.0,Center (4-6),12.0,60.0,1.0
DE,7.0,3.0,3.0,5.0,8.0,5.0,2.0,1.0,4.333333333333333,Low social trust,1.25,Low efficacy,Voted,1.0,5.0,Center (4-6),16.0,79.0,2.0
DE,5.0,5.0,4.0,3.0,6.0,6.0,5.0,5.0,3.3333333333333335,Low social trust,2.5,Medium efficacy,Voted,2.0,2.0,Left (0-3),13.0,21.0,2.0
DE,1.0,0.0,0.0,0.0,4.0,6.0,0.0,1.0,3.0,Low social trust,1.5,Low efficacy,Did not vote,2.0,5.0,Center (4-6),12.0,52.0,1.0
DE,7.0,6.0,6.0,4.0,4.0,8.0,4.0,6.0,7.333333333333333,High social trust,2.75,Medium efficacy,Voted,2.0,5.0,Center (4-6),13.0,66.0,1.0
DE,7.0,8.0,5.0,5.0,7.0,9.0,7.0,7.0,7.666666666666667,High social trust,2.5,Medium efficacy,Voted,2.0,3.0,Left (0-3),17.0,24.0,2.0
DE,3.0,7.0,5.0,7.0,9.0,8.0,3.0,2.0,4.0,Low social trust,3.0,High efficacy,Voted,2.0,5.0,Center (4-6),18.0,69.0,1.0
DE,3.0,0.0,0.0,0.0,5.0,8.0,0.0,0.0,3.6666666666666665,Low social trust,3.25,High efficacy,Voted,2.0,10.0,Right (7-10),13.0,58.0,1.0
DE,2.0,4.0,3.0,2.0,4.0,3.0,3.0,3.0,4.333333333333333,Low social trust,1.5,Low efficacy,Voted,1.0,5.0,Center (4-6),18.0,38.0,1.0
DE,4.0,3.0,2.0,2.0,7.0,8.0,3.0,2.0,5.0,Low social trust,2.25,Low efficacy,Voted,1.0,7.0,Right (7-10),20.0,37.0,2.0
DE,0.0,2.0,2.0,1.0,1.0,9.0,0.0,0.0,5.666666666666667,Medium social trust,1.75,Low efficacy,Voted,1.0,9.0,Right (7-10),16.0,29.0,1.0
DE,6.0,5.0,5.0,5.0,6.0,8.0,5.0,4.0,4.666666666666667,Low social trust,2.75,Medium efficacy,Voted,2.0,7.0,Right (7-10),11.0,55.0,1.0
DE,3.0,3.0,3.0,5.0,4.0,7.0,2.0,3.0,5.666666666666667,Medium social trust,2.5,Medium efficacy,Voted,1.0,5.0,Center (4-6),17.0,54.0,2.0
DE,3.0,5.0,2.0,1.0,8.0,7.0,3.0,7.0,4.0,Low social trust,2.75,Medium efficacy,Voted,2.0,5.0,Center (4-6),14.0,59.0,1.0
DE,1.0,1.0,1.0,1.0,3.0,4.0,1.0,1.0,2.0,Low social trust,2.5,Medium efficacy,Did not vote,2.0,8.0,Right (7-10),16.0,47.0,1.0
DE,0.0,0.0,0.0,0.0,6.0,6.0,3.0,3.0,2.0,Low social trust,1.3333333333333333,Low efficacy,Voted,1.0,5.0,Center (4-6),12.0,61.0,2.0
DE,4.0,2.0,0.0,1.0,0.0,7.0,2.0,2.0,2.0,Low social trust,1.75,Low efficacy,Voted,2.0,5.0,Center (4-6),16.0,66.0,1.0
DE,6.0,6.0,6.0,6.0,8.0,9.0,6.0,7.0,7.666666666666667,High social trust,2.25,Low efficacy,Voted,1.0,5.0,Center (4-6),13.0,21.0,1.0
DE,9.0,7.0,7.0,6.0,8.0,9.0,6.0,5.0,5.0,Low social trust,3.25,High efficacy,Voted,1.0,3.0,Left (0-3),14.0,43.0,1.0
DE,6.0,5.0,5.0,5.0,2.0,2.0,2.0,5.0,5.333333333333333,Medium social trust,2.75,Medium efficacy,Voted,1.0,6.0,Center (4-6),12.0,63.0,1.0
DE,7.0,7.0,6.0,7.0,8.0,8.0,7.0,8.0,7.666666666666667,High social trust,2.25,Low efficacy,Voted,2.0,5.0,Center (4-6),12.0,70.0,2.0
DE,5.0,5.0,3.0,2.0,5.0,8.0,3.0,3.0,1.6666666666666667,Low social trust,1.75,Low efficacy,Voted,2.0,0.0,Left (0-3),12.0,75.0,1.0
DE,7.0,5.0,5.0,5.0,5.0,8.0,5.0,5.0,0.0,Low social trust,2.25,Low efficacy,Voted,1.0,5.0,Center (4-6),15.0,56.0,2.0
DE,8.0,8.0,6.0,6.0,9.0,9.0,6.0,6.0,6.666666666666667,High social trust,3.25,High efficacy,Voted,1.0,7.0,Right (7-10),17.0,64.0,1.0
DE,8.0,7.0,3.0,2.0,8.0,7.0,7.0,7.0,7.666666666666667,High social trust,2.75,Medium efficacy,Voted,2.0,4.0,Center (4-6),19.0,60.0,1.0
DE,7.0,5.0,5.0,5.0,7.0,6.0,2.0,2.0,5.0,Low social trust,1.5,Low efficacy,Did not vote,2.0,5.0,Center (4-6),14.0,26.0,2.0
DE,2.0,0.0,0.0,3.0,3.0,8.0,3.0,5.0,4.666666666666667,Low social trust,2.25,Low efficacy,Voted,1.0,6.0,Center (4-6),13.0,34.0,1.0
DE,8.0,5.0,4.0,3.0,10.0,10.0,5.0,4.0,6.333333333333333,Medium social trust,2.25,Low efficacy,Voted,2.0,6.0,Center (4-6),20.0,69.0,1.0
DE,5.0,6.0,3.0,4.0,7.0,7.0,5.0,5.0,5.0,Low social trust,3.0,High efficacy,Voted,2.0,5.0,Center (4-6),12.0,43.0,2.0
DE,9.0,10.0,9.0,7.0,10.0,10.0,8.0,7.0,5.333333333333333,Medium social trust,4.25,High efficacy,Voted,1.0,5.0,Center (4-6),13.0,62.0,1.0
DE,7.0,3.0,3.0,3.0,5.0,7.0,3.0,4.0,5.0,Low social trust,1.5,Low efficacy,Did not vote,2.0,5.0,Center (4-6),11.0,72.0,1.0
DE,7.0,5.0,3.0,5.0,10.0,10.0,0.0,8.0,6.0,Medium social trust,2.0,Low efficacy,Voted,1.0,9.0,Right (7-10),14.0,59.0,1.0
DE,8.0,3.0,3.0,3.0,7.0,8.0,1.0,5.0,5.333333333333333,Medium social trust,2.0,Low efficacy,Voted,1.0,5.0,Center (4-6),17.0,64.0,1.0
DE,7.0,8.0,3.0,3.0,5.0,8.0,8.0,5.0,7.0,High social trust,2.5,Medium efficacy,Voted,1.0,5.0,Center (4-6),19.0,76.0,1.0
DE,7.0,8.0,7.0,6.0,9.0,9.0,8.0,5.0,6.666666666666667,High social trust,4.25,High efficacy,Voted,2.0,6.0,Center (4-6),19.0,52.0,1.0
DE,7.0,5.0,5.0,5.0,6.0,8.0,5.0,7.0,7.0,High social trust,2.5,Medium efficacy,Voted,2.0,5.0,Center (4-6),15.0,31.0,2.0
DE,8.0,6.0,6.0,5.0,9.0,8.0,7.0,9.0,6.666666666666667,High social trust,3.0,High efficacy,Voted,1.0,4.0,Center (4-6),18.0,45.0,1.0
DE,8.0,10.0,8.0,8.0,10.0,9.0,8.0,9.0,8.666666666666666,High social trust,4.0,High efficacy,Voted,1.0,6.0,Center (4-6),21.0,90.0,1.0
DE,8.0,10.0,9.0,7.0,8.0,9.0,6.0,6.0,7.0,High social trust,2.5,Medium efficacy,Voted,1.0,5.0,Center (4-6),11.0,60.0,2.0
DE,8.0,5.0,6.0,6.0,8.0,9.0,6.0,8.0,7.666666666666667,High social trust,2.75,Medium efficacy,Voted,2.0,5.0,Center (4-6),11.0,76.0,1.0
DE,8.0,8.0,5.0,5.0,9.0,9.0,6.0,6.0,8.333333333333334,High social trust,3.25,High efficacy,Voted,1.0,3.0,Left (0-3),13.0,38.0,1.0
DE,8.0,9.0,7.0,8.0,8.0,8.0,6.0,7.0,5.0,Low social trust,3.0,High efficacy,Did not vote,2.0,7.0,Right (7-10),17.0,30.0,2.0
DE,3.0,6.0,3.0,3.0,8.0,5.0,3.0,4.0,4.666666666666667,Low social trust,2.75,Medium efficacy,Voted,2.0,5.0,Center (4-6),17.0,37.0,1.0
DE,4.0,4.0,4.0,3.0,5.0,6.0,2.0,2.0,4.333333333333333,Low social trust,2.0,Low efficacy,Voted,1.0,5.0,Center (4-6),15.0,53.0,1.0
DE,2.0,2.0,0.0,0.0,2.0,9.0,0.0,0.0,9.333333333333334,High social trust,2.75,Medium efficacy,Voted,3.0,5.0,Center (4-6),19.0,66.0,2.0
DE,9.0,7.0,5.0,5.0,10.0,10.0,3.0,8.0,5.666666666666667,Medium social trust,2.25,Low efficacy,Voted,2.0,0.0,Left (0-3),13.0,56.0,2.0
DE,10.0,8.0,6.0,7.0,9.0,9.0,7.0,8.0,7.333333333333333,High social trust,3.5,High efficacy,Voted,2.0,6.0,Center (4-6),17.0,61.0,1.0
DE,8.0,7.0,6.0,6.0,6.0,6.0,6.0,6.0,4.333333333333333,Low social trust,2.5,Medium efficacy,Voted,1.0,4.0,Center (4-6),13.0,37.0,1.0
DE,9.0,2.0,2.0,3.0,7.0,8.0,3.0,4.0,2.6666666666666665,Low social trust,2.5,Medium efficacy,Voted,1.0,7.0,Right (7-10),15.0,47.0,2.0
DE,5.0,5.0,4.0,4.0,8.0,9.0,5.0,5.0,6.0,Medium social trust,2.0,Low efficacy,Voted,1.0,7.0,Right (7-10),13.0,22.0,1.0
DE,6.0,5.0,2.0,4.0,5.0,7.0,1.0,3.0,2.0,Low social trust,2.75,Medium efficacy,Voted,1.0,5.0,Center (4-6),14.0,71.0,2.0
DE,8.0,7.0,7.0,6.0,8.0,5.0,7.0,8.0,6.666666666666667,High social trust,3.5,High efficacy,Voted,1.0,2.0,Left (0-3),13.0,64.0,1.0
DE,3.0,7.0,6.0,6.0,8.0,9.0,5.0,5.0,5.0,Low social trust,2.5,Medium efficacy,Voted,2.0,4.0,Center (4-6),14.0,52.0,2.0
DE,5.0,4.0,3.0,3.0,6.0,7.0,4.0,4.0,7.666666666666667,High social trust,2.25,Low efficacy,Voted,2.0,3.0,Left (0-3),16.0,50.0,2.0
DE,0.0,0.0,0.0,0.0,1.0,5.0,0.0,0.0,3.0,Low social trust,2.25,Low efficacy,Voted,2.0,5.0,Center (4-6),15.0,73.0,1.0
DE,5.0,3.0,2.0,3.0,6.0,5.0,5.0,6.0,4.0,Low social trust,2.0,Low efficacy,Voted,2.0,4.0,Center (4-6),12.0,61.0,1.0
DE,7.0,8.0,5.0,5.0,9.0,9.0,6.0,6.0,5.666666666666667,Medium social trust,3.25,High efficacy,Voted,2.0,4.0,Center (4-6),18.0,50.0,2.0
DE,7.0,5.0,4.0,4.0,4.0,6.0,5.0,5.0,7.333333333333333,High social trust,3.25,High efficacy,Voted,1.0,5.0,Center (4-6),16.0,44.0,2.0
DE,5.0,5.0,4.0,3.0,6.0,7.0,3.0,4.0,4.666666666666667,Low social trust,2.0,Low efficacy,Voted,1.0,5.0,Center (4-6),11.0,74.0,2.0
DE,3.0,6.0,5.0,5.0,7.0,8.0,2.0,2.0,7.333333333333333,High social trust,2.75,Medium efficacy,Voted,2.0,8.0,Right (7-10),19.0,58.0,1.0
DE,5.0,5.0,4.0,4.0,5.0,5.0,4.0,5.0,4.666666666666667,Low social trust,2.0,Low efficacy,Voted,3.0,6.0,Center (4-6),15.0,28.0,2.0
DE,5.0,4.0,4.0,4.0,4.0,4.0,2.0,0.0,4.333333333333333,Low social trust,1.5,Low efficacy,Did not vote,1.0,0.0,Left (0-3),18.0,47.0,2.0
DE,5.0,7.0,6.0,5.0,8.0,8.0,7.0,6.0,7.333333333333333,High social trust,3.25,High efficacy,Voted,2.0,5.0,Center (4-6),15.0,40.0,1.0
DE,6.0,4.0,3.0,3.0,2.0,0.0,3.0,3.0,3.6666666666666665,Low social trust,2.75,Medium efficacy,Voted,2.0,0.0,Left (0-3),14.0,44.0,1.0
DE,3.0,5.0,3.0,3.0,4.0,3.0,2.0,4.0,5.333333333333333,Medium social trust,1.5,Low efficacy,Did not vote,2.0,4.0,Center (4-6),12.0,54.0,1.0
DE,6.0,8.0,8.0,7.0,9.0,9.0,7.0,6.0,8.333333333333334,High social trust,2.75,Medium efficacy,Voted,1.0,6.0,Center (4-6),20.0,38.0,1.0
DE,8.0,9.0,5.0,5.0,10.0,8.0,8.0,9.0,7.666666666666667,High social trust,3.75,High efficacy,Voted,1.0,3.0,Left (0-3),19.0,55.0,1.0
DE,3.0,1.0,1.0,1.0,2.0,3.0,3.0,3.0,3.6666666666666665,Low social trust,2.25,Low efficacy,Did not vote,2.0,5.0,Center (4-6),10.0,36.0,2.0
DE,8.0,7.0,6.0,6.0,9.0,9.0,8.0,8.0,6.0,Medium social trust,2.5,Medium efficacy,Voted,1.0,4.0,Center (4-6),20.0,35.0,1.0
DE,2.0,4.0,2.0,2.0,7.0,8.0,2.0,2.0,5.666666666666667,Medium social trust,3.25,High efficacy,Voted,1.0,3.0,Left (0-3),18.0,41.0,1.0
DE,8.0,8.0,8.0,8.0,8.0,8.0,6.0,8.0,8.333333333333334,High social trust,2.75,Medium efficacy,Voted,1.0,5.0,Center (4-6),19.0,39.0,2.0
DE,9.0,8.0,5.0,3.0,10.0,9.0,2.0,3.0,5.0,Low social trust,3.0,High efficacy,Voted,1.0,4.0,Center (4-6),14.0,53.0,1.0
DE,4.0,2.0,2.0,4.0,8.0,8.0,8.0,3.0,5.0,Low social trust,1.75,Low efficacy,Did not vote,2.0,5.0,Center (4-6),12.0,63.0,2.0
DE,2.0,1.0,0.0,1.0,3.0,2.0,5.0,6.0,6.0,Medium social trust,2.25,Low efficacy,Voted,2.0,7.0,Right (7-10),13.0,29.0,1.0
DE,7.0,6.0,7.0,7.0,7.0,7.0,6.0,6.0,6.666666666666667,High social trust,2.5,Medium efficacy,Voted,2.0,2.0,Left (0-3),18.0,46.0,2.0
DE,0.0,4.0,2.0,3.0,8.0,9.0,5.0,4.0,6.333333333333333,Medium social trust,2.25,Low efficacy,Did not vote,1.0,5.0,Center (4-6),14.0,28.0,1.0
DE,5.0,2.0,2.0,2.0,5.0,8.0,3.0,6.0,5.0,Low social trust,1.75,Low efficacy,Voted,1.0,5.0,Center (4-6),12.0,79.0,1.0
DE,7.0,6.0,3.0,4.0,5.0,5.0,6.0,7.0,4.666666666666667,Low social trust,2.5,Medium efficacy,Voted,1.0,4.0,Center (4-6),11.0,24.0,1.0
DE,8.0,7.0,5.0,5.0,9.0,10.0,7.0,8.0,7.333333333333333,High social trust,2.75,Medium efficacy,Voted,1.0,7.0,Right (7-10),13.0,53.0,1.0
DE,6.0,7.0,5.0,3.0,6.0,4.0,5.0,5.0,5.333333333333333,Medium social trust,3.0,High efficacy,Voted,1.0,3.0,Left (0-3),15.0,45.0,2.0
DE,5.0,5.0,3.0,5.0,8.0,8.0,4.0,4.0,4.333333333333333,Low social trust,2.5,Medium efficacy,Voted,1.0,7.0,Right (7-10),14.0,32.0,2.0
DE,7.0,6.0,6.0,5.0,8.0,7.0,7.0,6.0,4.0,Low social trust,3.0,High efficacy,Voted,2.0,5.0,Center (4-6),14.0,20.0,2.0
DE,3.0,8.0,4.0,5.0,9.0,10.0,6.0,6.0,6.333333333333333,Medium social trust,2.25,Low efficacy,Voted,1.0,4.0,Center (4-6),18.0,41.0,2.0
DE,3.0,5.0,2.0,5.0,3.0,6.0,2.0,2.0,5.333333333333333,Medium social trust,2.0,Low efficacy,Voted,1.0,5.0,Center (4-6),14.0,26.0,1.0
DE,8.0,8.0,8.0,8.0,8.0,10.0,5.0,5.0,2.3333333333333335,Low social trust,2.5,Medium efficacy,Voted,2.0,3.0,Left (0-3),15.0,67.0,1.0
DE,8.0,8.0,7.0,7.0,9.0,8.0,6.0,6.0,7.666666666666667,High social trust,3.25,High efficacy,Voted,1.0,3.0,Left (0-3),15.0,33.0,1.0
DE,9.0,9.0,7.0,5.0,10.0,8.0,8.0,10.0,7.0,High social trust,3.0,High efficacy,Voted,1.0,4.0,Center (4-6),18.0,48.0,2.0
DE,2.0,2.0,0.0,2.0,4.0,4.0,0.0,2.0,5.333333333333333,Medium social trust,2.5,Medium efficacy,Voted,1.0,7.0,Right (7-10),14.0,41.0,1.0
DE,6.0,2.0,2.0,2.0,2.0,8.0,2.0,6.0,5.666666666666667,Medium social trust,2.0,Low efficacy,Did not vote,1.0,3.0,Left (0-3),13.0,77.0,1.0
DE,3.0,3.0,2.0,4.0,5.0,6.0,3.0,2.0,8.333333333333334,High social trust,2.5,Medium efficacy,Voted,3.0,1.0,Left (0-3),16.0,37.0,2.0
DE,8.0,5.0,5.0,6.0,6.0,5.0,7.0,7.0,5.0,Low social trust,2.75,Medium efficacy,Voted,2.0,5.0,Center (4-6),26.0,41.0,1.0
DE,4.0,1.0,2.0,2.0,1.0,8.0,2.0,2.0,2.3333333333333335,Low social trust,2.0,Low efficacy,Did not vote,2.0,5.0,Center (4-6),11.0,44.0,1.0
DE,0.0,0.0,0.0,0.0,0.0,0.0,1.0,1.0,1.6666666666666667,Low social trust,2.0,Low efficacy,Did not vote,4.0,0.0,Left (0-3),12.0,21.0,2.0
DE,4.0,5.0,5.0,5.0,8.0,8.0,5.0,5.0,4.666666666666667,Low social trust,1.5,Low efficacy,Voted,4.0,3.0,Left (0-3),12.0,65.0,1.0
DE,0.0,0.0,0.0,0.0,0.0,4.0,0.0,0.0,8.0,High social trust,2.0,Low efficacy,Voted,2.0,5.0,Center (4-6),13.0,74.0,2.0
DE,7.0,7.0,3.0,3.0,6.0,4.0,6.0,2.0,7.0,High social trust,4.0,High efficacy,Voted,1.0,6.0,Center (4-6),18.0,37.0,1.0
DE,9.0,8.0,6.0,7.0,8.0,8.0,8.0,8.0,6.333333333333333,Medium social trust,3.5,High efficacy,Voted,1.0,4.0,Center (4-6),16.0,26.0,2.0
DE,8.0,8.0,4.0,6.0,7.0,7.0,6.0,7.0,6.0,Medium social trust,2.75,Medium efficacy,Voted,2.0,3.0,Left (0-3),13.0,26.0,1.0
DE,3.0,6.0,4.0,4.0,5.0,7.0,2.0,3.0,5.0,Low social trust,2.5,Medium efficacy,Voted,1.0,5.0,Center (4-6),13.0,65.0,1.0
DE,5.0,10.0,5.0,5.0,10.0,10.0,10.0,10.0,7.333333333333333,High social trust,2.25,Low efficacy,Voted,1.0,5.0,Center (4-6),13.0,59.0,1.0
DE,0.0,5.0,1.0,1.0,10.0,8.0,0.0,2.0,1.6666666666666667,Low social trust,1.0,Low efficacy,Did not vote,3.0,0.0,Left (0-3),12.0,60.0,2.0
DE,0.0,2.0,0.0,3.0,0.0,5.0,1.0,2.0,1.3333333333333333,Low social trust,1.5,Low efficacy,Voted,1.0,6.0,Center (4-6),12.0,66.0,2.0
DE,2.0,3.0,2.0,4.0,7.0,7.0,3.0,3.0,4.0,Low social trust,1.25,Low efficacy,Did not vote,2.0,5.0,Center (4-6),9.0,44.0,2.0
DE,7.0,8.0,4.0,4.0,9.0,8.0,6.0,8.0,6.333333333333333,Medium social trust,3.0,High efficacy,Voted,1.0,5.0,Center (4-6),15.0,51.0,2.0
DE,10.0,8.0,5.0,5.0,10.0,10.0,10.0,8.0,7.666666666666667,High social trust,3.75,High efficacy,Voted,2.0,4.0,Center (4-6),12.0,22.0,1.0
DE,3.0,2.0,5.0,4.0,7.0,9.0,5.0,9.0,4.333333333333333,Low social trust,3.5,High efficacy,Voted,1.0,6.0,Center (4-6),16.0,81.0,1.0
DE,8.0,6.0,5.0,7.0,9.0,9.0,9.0,9.0,7.0,High social trust,3.5,High efficacy,Voted,1.0,3.0,Left (0-3),15.0,28.0,1.0
DE,5.0,10.0,7.0,5.0,9.0,9.0,6.0,4.0,6.333333333333333,Medium social trust,3.25,High efficacy,Voted,2.0,4.0,Center (4-6),14.0,59.0,1.0
DE,5.0,5.0,2.0,3.0,8.0,8.0,5.0,6.0,5.333333333333333,Medium social trust,2.75,Medium efficacy,Voted,2.0,5.0,Center (4-6),13.0,52.0,2.0
DE,2.0,3.0,1.0,3.0,4.0,6.0,2.0,6.0,4.666666666666667,Low social trust,1.5,Low efficacy,Voted,2.0,7.0,Right (7-10),16.0,37.0,2.0
DE,0.0,1.0,1.0,0.0,1.0,1.0,1.0,0.0,5.0,Low social trust,2.0,Low efficacy,Did not vote,2.0,5.0,Center (4-6),12.0,53.0,2.0
DE,4.0,3.0,2.0,2.0,5.0,4.0,3.0,4.0,5.333333333333333,Medium social trust,3.25,High efficacy,Voted,2.0,6.0,Center (4-6),14.0,20.0,1.0
DE,7.0,3.0,3.0,3.0,8.0,9.0,5.0,8.0,6.666666666666667,High social trust,1.5,Low efficacy,Voted,1.0,2.0,Left (0-3),13.0,44.0,1.0
DE,8.0,8.0,6.0,6.0,8.0,8.0,5.0,5.0,6.333333333333333,Medium social trust,2.5,Medium efficacy,Voted,1.0,6.0,Center (4-6),14.0,56.0,2.0
DE,7.0,5.0,3.0,3.0,6.0,9.0,5.0,5.0,6.666666666666667,High social trust,3.0,High efficacy,Voted,1.0,5.0,Center (4-6),18.0,31.0,2.0
DE,10.0,8.0,7.0,5.0,8.0,10.0,6.0,5.0,5.0,Low social trust,3.75,High efficacy,Voted,2.0,5.0,Center (4-6),13.0,56.0,2.0
DE,6.0,6.0,5.0,6.0,6.0,6.0,7.0,3.0,3.3333333333333335,Low social trust,2.25,Low efficacy,Voted,1.0,3.0,Left (0-3),17.0,81.0,1.0
DE,7.0,7.0,6.0,6.0,8.0,4.0,8.0,7.0,7.333333333333333,High social trust,3.0,High efficacy,Voted,1.0,3.0,Left (0-3),17.0,29.0,2.0
DE,3.0,2.0,3.0,2.0,3.0,3.0,5.0,3.0,5.666666666666667,Medium social trust,2.0,Low efficacy,Voted,1.0,2.0,Left (0-3),13.0,69.0,1.0
DE,9.0,5.0,8.0,3.0,8.0,8.0,5.0,8.0,4.666666666666667,Low social trust,2.5,Medium efficacy,Voted,1.0,4.0,Center (4-6),11.0,84.0,2.0
DE,5.0,6.0,5.0,5.0,8.0,10.0,4.0,5.0,4.666666666666667,Low social trust,1.25,Low efficacy,Voted,2.0,10.0,Right (7-10),12.0,66.0,1.0
DE,0.0,4.0,2.0,2.0,3.0,6.0,4.0,4.0,2.6666666666666665,Low social trust,2.0,Low efficacy,Voted,2.0,5.0,Center (4-6),15.0,35.0,2.0
DE,2.0,0.0,0.0,4.0,4.0,7.0,0.0,1.0,3.3333333333333335,Low social trust,1.75,Low efficacy,Voted,2.0,4.0,Center (4-6),15.0,56.0,1.0
DE,4.0,0.0,0.0,0.0,6.0,3.0,0.0,5.0,5.0,Low social trust,3.25,High efficacy,Did not vote,1.0,3.0,Left (0-3),15.0,87.0,1.0
DE,6.0,4.0,4.0,3.0,8.0,8.0,4.0,6.0,7.333333333333333,High social trust,3.0,High efficacy,Voted,2.0,5.0,Center (4-6),13.0,29.0,1.0
DE,3.0,4.0,4.0,4.0,10.0,10.0,3.0,3.0,5.0,Low social trust,2.75,Medium efficacy,Did not vote,3.0,5.0,Center (4-6),10.0,39.0,1.0
DE,3.0,2.0,3.0,3.0,3.0,7.0,3.0,3.0,3.6666666666666665,Low social trust,2.25,Low efficacy,Voted,2.0,4.0,Center (4-6),15.0,52.0,2.0
DE,6.0,7.0,6.0,7.0,6.0,4.0,7.0,6.0,7.333333333333333,High social trust,3.25,High efficacy,Voted,2.0,3.0,Left (0-3),12.0,29.0,1.0
DE,3.0,3.0,2.0,2.0,6.0,7.0,4.0,4.0,3.6666666666666665,Low social trust,2.0,Low efficacy,Did not vote,2.0,5.0,Center (4-6),12.0,52.0,2.0
DE,4.0,4.0,2.0,4.0,7.0,7.0,5.0,5.0,5.666666666666667,Medium social trust,3.5,High efficacy,Voted,1.0,3.0,Left (0-3),19.0,58.0,1.0
DE,9.0,8.0,8.0,5.0,6.0,5.0,7.0,5.0,9.0,High social trust,3.5,High efficacy,Voted,3.0,3.0,Left (0-3),19.0,60.0,2.0
DE,7.0,5.0,0.0,2.0,7.0,9.0,5.0,5.0,3.0,Low social trust,2.0,Low efficacy,Did not vote,1.0,5.0,Center (4-6),14.0,22.0,1.0
DE,1.0,2.0,2.0,2.0,6.0,8.0,2.0,1.0,6.666666666666667,High social trust,1.75,Low efficacy,Voted,1.0,4.0,Center (4-6),17.0,32.0,2.0
DE,10.0,9.0,6.0,6.0,10.0,10.0,4.0,7.0,9.333333333333334,High social trust,3.25,High efficacy,Voted,1.0,6.0,Center (4-6),19.0,84.0,1.0
DE,2.0,8.0,2.0,2.0,10.0,10.0,2.0,2.0,3.0,Low social trust,2.25,Low efficacy,Voted,1.0,9.0,Right (7-10),15.0,60.0,1.0
DE,9.0,7.0,5.0,6.0,9.0,9.0,6.0,8.0,8.0,High social trust,3.0,High efficacy,Voted,1.0,4.0,Center (4-6),14.0,65.0,2.0
DE,3.0,4.0,3.0,3.0,5.0,5.0,3.0,4.0,5.333333333333333,Medium social trust,2.25,Low efficacy,Voted,3.0,5.0,Center (4-6),13.0,50.0,1.0
DE,0.0,0.0,0.0,0.0,0.0,0.0,0.0,0.0,3.3333333333333335,Low social trust,2.0,Low efficacy,Voted,4.0,5.0,Center (4-6),13.0,54.0,2.0
DE,5.0,0.0,0.0,0.0,8.0,8.0,2.0,5.0,3.6666666666666665,Low social trust,2.5,Medium efficacy,Voted,4.0,5.0,Center (4-6),14.0,41.0,2.0
DE,4.0,4.0,4.0,5.0,6.0,5.0,4.0,5.0,5.0,Low social trust,2.75,Medium efficacy,Did not vote,2.0,4.0,Center (4-6),12.0,24.0,2.0
DE,9.0,10.0,9.0,8.0,10.0,10.0,8.0,8.0,8.0,High social trust,1.75,Low efficacy,Voted,1.0,7.0,Right (7-10),13.0,83.0,2.0
DE,5.0,5.0,4.0,4.0,10.0,10.0,5.0,5.0,5.333333333333333,Medium social trust,1.75,Low efficacy,Voted,2.0,7.0,Right (7-10),11.0,30.0,1.0
DE,8.0,8.0,6.0,4.0,8.0,8.0,5.0,7.0,5.333333333333333,Medium social trust,3.75,High efficacy,Voted,2.0,1.0,Left (0-3),16.0,67.0,1.0
DE,5.0,6.0,6.0,5.0,6.0,8.0,5.0,5.0,7.333333333333333,High social trust,2.0,Low efficacy,Voted,1.0,5.0,Center (4-6),12.0,56.0,1.0
DE,3.0,6.0,3.0,3.0,2.0,5.0,4.0,2.0,5.0,Low social trust,2.75,Medium efficacy,Voted,1.0,2.0,Left (0-3),20.0,68.0,1.0
DE,5.0,1.0,5.0,5.0,7.0,7.0,8.0,8.0,6.333333333333333,Medium social trust,2.0,Low efficacy,Voted,1.0,5.0,Center (4-6),16.0,74.0,2.0
DE,1.0,1.0,1.0,1.0,7.0,9.0,2.0,2.0,5.0,Low social trust,2.75,Medium efficacy,Voted,2.0,5.0,Center (4-6),13.0,21.0,1.0
DE,4.0,0.0,1.0,1.0,3.0,6.0,1.0,6.0,5.666666666666667,Medium social trust,1.25,Low efficacy,Voted,2.0,3.0,Left (0-3),12.0,55.0,2.0
DE,8.0,6.0,6.0,6.0,9.0,9.0,6.0,6.0,5.0,Low social trust,1.5,Low efficacy,Voted,2.0,5.0,Center (4-6),18.0,39.0,1.0
DE,8.0,4.0,6.0,6.0,6.0,6.0,5.0,5.0,7.0,High social trust,2.0,Low efficacy,Voted,1.0,3.0,Left (0-3),13.0,72.0,2.0
DE,4.0,4.0,3.0,2.0,5.0,5.0,3.0,5.0,6.333333333333333,Medium social trust,2.0,Low efficacy,Voted,2.0,4.0,Center (4-6),14.0,70.0,2.0
DE,8.0,2.0,2.0,0.0,8.0,9.0,0.0,4.0,5.0,Low social trust,3.5,High efficacy,Voted,1.0,5.0,Center (4-6),20.0,41.0,1.0
DE,8.0,4.0,4.0,4.0,6.0,8.0,6.0,6.0,5.333333333333333,Medium social trust,3.0,High efficacy,Voted,1.0,4.0,Center (4-6),16.0,25.0,2.0
DE,6.0,4.0,5.0,3.0,4.0,5.0,3.0,5.0,5.333333333333333,Medium social trust,2.5,Medium efficacy,Voted,1.0,3.0,Left (0-3),16.0,46.0,2.0
DE,8.0,7.0,6.0,6.0,7.0,8.0,7.0,7.0,6.333333333333333,Medium social trust,3.25,High efficacy,Voted,3.0,3.0,Left (0-3),17.0,26.0,2.0
DE,7.0,7.0,5.0,5.0,7.0,8.0,8.0,8.0,6.0,Medium social trust,2.25,Low efficacy,Voted,2.0,4.0,Center (4-6),13.0,78.0,1.0
DE,9.0,8.0,6.0,7.0,7.0,10.0,5.0,7.0,6.333333333333333,Medium social trust,3.25,High efficacy,Voted,2.0,5.0,Center (4-6),12.0,68.0,2.0
DE,8.0,8.0,8.0,5.0,9.0,7.0,8.0,9.0,7.333333333333333,High social trust,4.0,High efficacy,Voted,1.0,2.0,Left (0-3),22.0,39.0,1.0
DE,3.0,5.0,3.0,4.0,8.0,8.0,7.0,7.0,7.333333333333333,High social trust,3.0,High efficacy,Voted,1.0,0.0,Left (0-3),15.0,25.0,2.0
DE,5.0,2.0,1.0,2.0,5.0,7.0,5.0,5.0,6.333333333333333,Medium social trust,2.75,Medium efficacy,Voted,1.0,5.0,Center (4-6),14.0,60.0,2.0
DE,7.0,6.0,6.0,7.0,8.0,9.0,8.0,8.0,6.333333333333333,Medium social trust,2.5,Medium efficacy,Voted,1.0,4.0,Center (4-6),18.0,33.0,1.0
DE,5.0,2.0,2.0,3.0,3.0,6.0,3.0,4.0,5.666666666666667,Medium social trust,1.75,Low efficacy,Voted,2.0,2.0,Left (0-3),12.0,55.0,1.0
DE,3.0,6.0,4.0,2.0,7.0,5.0,3.0,6.0,6.333333333333333,Medium social trust,2.5,Medium efficacy,Voted,2.0,3.0,Left (0-3),20.0,68.0,2.0
DE,7.0,5.0,3.0,3.0,5.0,7.0,3.0,5.0,4.666666666666667,Low social trust,2.5,Medium efficacy,Voted,1.0,5.0,Center (4-6),17.0,56.0,1.0
DE,9.0,10.0,5.0,5.0,10.0,10.0,4.0,6.0,4.666666666666667,Low social trust,2.5,Medium efficacy,Did not vote,2.0,5.0,Center (4-6),6.0,39.0,1.0
DE,3.0,3.0,2.0,2.0,4.0,5.0,3.0,2.0,5.666666666666667,Medium social trust,2.0,Low efficacy,Voted,2.0,6.0,Center (4-6),12.0,55.0,2.0
DE,8.0,6.0,5.0,6.0,7.0,7.0,5.0,7.0,6.666666666666667,High social trust,2.75,Medium efficacy,Voted,1.0,3.0,Left (0-3),14.0,21.0,2.0
DE,6.0,6.0,5.0,5.0,6.0,6.0,6.0,5.0,6.333333333333333,Medium social trust,3.0,High efficacy,Voted,3.0,2.0,Left (0-3),19.0,32.0,2.0
DE,7.0,10.0,9.0,8.0,10.0,10.0,8.0,8.0,8.333333333333334,High social trust,3.75,High efficacy,Voted,1.0,3.0,Left (0-3),23.0,69.0,2.0
DE,7.0,8.0,6.0,5.0,7.0,7.0,7.0,8.0,5.666666666666667,Medium social trust,1.0,Low efficacy,Voted,1.0,4.0,Center (4-6),14.0,84.0,2.0
DE,7.0,7.0,2.0,5.0,9.0,9.0,3.0,7.0,5.0,Low social trust,2.0,Low efficacy,Voted,1.0,8.0,Right (7-10),13.0,60.0,1.0
DE,5.0,5.0,4.0,5.0,8.0,8.0,5.0,5.0,5.0,Low social trust,2.25,Low efficacy,Voted,1.0,5.0,Center (4-6),12.0,57.0,2.0
DE,8.0,9.0,7.0,4.0,8.0,9.0,7.0,8.0,6.333333333333333,Medium social trust,2.75,Medium efficacy,Voted,1.0,3.0,Left (0-3),16.0,78.0,1.0
DE,8.0,5.0,4.0,7.0,6.0,9.0,6.0,4.0,7.333333333333333,High social trust,3.5,High efficacy,Voted,4.0,4.0,Center (4-6),18.0,53.0,2.0
DE,9.0,8.0,7.0,7.0,9.0,9.0,6.0,6.0,8.333333333333334,High social trust,2.5,Medium efficacy,Voted,1.0,2.0,Left (0-3),14.0,65.0,2.0
DE,1.0,2.0,2.0,2.0,10.0,10.0,1.0,1.0,2.0,Low social trust,2.5,Medium efficacy,Did not vote,1.0,5.0,Center (4-6),15.0,46.0,1.0
DE,3.0,0.0,0.0,2.0,4.0,5.0,5.0,7.0,6.333333333333333,Medium social trust,2.25,Low efficacy,Voted,2.0,5.0,Center (4-6),13.0,58.0,1.0
DE,7.0,3.0,1.0,3.0,9.0,10.0,1.0,2.0,6.0,Medium social trust,2.5,Medium efficacy,Voted,1.0,6.0,Center (4-6),16.0,59.0,2.0
DE,7.0,6.0,3.0,4.0,8.0,9.0,6.0,5.0,5.666666666666667,Medium social trust,2.25,Low efficacy,Voted,1.0,3.0,Left (0-3),16.0,43.0,2.0
DE,5.0,5.0,4.0,4.0,8.0,8.0,7.0,6.0,7.0,High social trust,2.75,Medium efficacy,Voted,1.0,4.0,Center (4-6),14.0,43.0,2.0
DE,3.0,6.0,2.0,4.0,4.0,4.0,6.0,7.0,5.666666666666667,Medium social trust,2.0,Low efficacy,Voted,2.0,6.0,Center (4-6),15.0,68.0,1.0
DE,9.0,10.0,8.0,8.0,10.0,4.0,8.0,6.0,8.0,High social trust,4.25,High efficacy,Voted,1.0,3.0,Left (0-3),33.0,54.0,2.0
DE,8.0,7.0,4.0,2.0,6.0,4.0,4.0,5.0,5.0,Low social trust,2.75,Medium efficacy,Voted,2.0,2.0,Left (0-3),17.0,26.0,2.0
DE,6.0,4.0,4.0,3.0,7.0,7.0,5.0,5.0,4.0,Low social trust,1.75,Low efficacy,Did not vote,2.0,3.0,Left (0-3),11.0,66.0,2.0
DE,6.0,5.0,3.0,5.0,7.0,3.0,3.0,5.0,7.666666666666667,High social trust,1.75,Low efficacy,Voted,1.0,0.0,Left (0-3),12.0,39.0,1.0
DE,6.0,6.0,5.0,5.0,6.0,8.0,5.0,5.0,6.333333333333333,Medium social trust,1.75,Low efficacy,Voted,1.0,4.0,Center (4-6),14.0,26.0,2.0
DE,7.0,7.0,6.0,4.0,8.0,7.0,4.0,4.0,5.0,Low social trust,3.25,High efficacy,Voted,1.0,5.0,Center (4-6),14.0,73.0,1.0
DE,5.0,5.0,4.0,4.0,7.0,8.0,5.0,7.0,6.333333333333333,Medium social trust,2.25,Low efficacy,Voted,1.0,5.0,Center (4-6),14.0,61.0,2.0
DE,7.0,3.0,3.0,4.0,9.0,10.0,3.0,2.0,3.3333333333333335,Low social trust,1.5,Low efficacy,Voted,2.0,7.0,Right (7-10),11.0,88.0,2.0
DE,2.0,1.0,0.0,0.0,8.0,5.0,0.0,0.0,3.3333333333333335,Low social trust,2.0,Low efficacy,Did not vote,4.0,8.0,Right (7-10),17.0,42.0,2.0
DE,8.0,6.0,3.0,3.0,7.0,8.0,4.0,7.0,5.0,Low social trust,2.5,Medium efficacy,Voted,1.0,3.0,Left (0-3),11.0,72.0,2.0
DE,5.0,2.0,3.0,2.0,8.0,8.0,2.0,4.0,7.0,High social trust,2.5,Medium efficacy,Voted,2.0,5.0,Center (4-6),12.0,61.0,1.0
DE,9.0,7.0,6.0,6.0,9.0,10.0,8.0,8.0,6.333333333333333,Medium social trust,4.5,High efficacy,Voted,1.0,5.0,Center (4-6),21.0,36.0,1.0
DE,5.0,2.0,4.0,4.0,2.0,3.0,4.0,5.0,5.0,Low social trust,2.75,Medium efficacy,Voted,2.0,5.0,Center (4-6),19.0,39.0,2.0
DE,3.0,2.0,1.0,2.0,2.0,4.0,2.0,4.0,3.3333333333333335,Low social trust,2.5,Medium efficacy,Voted,1.0,8.0,Right (7-10),16.0,52.0,1.0
DE,8.0,8.0,7.0,7.0,7.0,9.0,5.0,5.0,7.333333333333333,High social trust,2.5,Medium efficacy,Voted,2.0,4.0,Center (4-6),15.0,78.0,2.0
DE,5.0,3.0,1.0,1.0,5.0,5.0,1.0,2.0,7.0,High social trust,2.0,Low efficacy,Voted,2.0,5.0,Center (4-6),15.0,87.0,1.0
DE,4.0,10.0,8.0,9.0,9.0,9.0,8.0,7.0,7.333333333333333,High social trust,3.5,High efficacy,Voted,2.0,5.0,Center (4-6),13.0,90.0,2.0
DE,2.0,4.0,3.0,5.0,8.0,10.0,5.0,5.0,5.333333333333333,Medium social trust,2.25,Low efficacy,Voted,3.0,5.0,Center (4-6),14.0,75.0,2.0
DE,7.0,5.0,3.0,3.0,7.0,10.0,3.0,5.0,5.0,Low social trust,2.5,Medium efficacy,Voted,1.0,4.0,Center (4-6),14.0,58.0,1.0
DE,5.0,5.0,3.0,5.0,9.0,10.0,5.0,3.0,0.3333333333333333,Low social trust,2.25,Low efficacy,Voted,2.0,5.0,Center (4-6),12.0,22.0,2.0
DE,7.0,4.0,4.0,4.0,4.0,5.0,4.0,5.0,4.0,Low social trust,1.75,Low efficacy,Voted,2.0,5.0,Center (4-6),13.0,51.0,2.0
DE,8.0,9.0,7.0,7.0,9.0,8.0,7.0,8.0,7.0,High social trust,3.75,High efficacy,Voted,1.0,3.0,Left (0-3),13.0,71.0,2.0
DE,7.0,5.0,3.0,3.0,8.0,9.0,3.0,6.0,6.333333333333333,Medium social trust,1.75,Low efficacy,Voted,1.0,6.0,Center (4-6),15.0,63.0,1.0
DE,6.0,8.0,7.0,7.0,8.0,8.0,7.0,7.0,6.333333333333333,Medium social trust,2.75,Medium efficacy,Voted,1.0,4.0,Center (4-6),22.0,48.0,1.0
DE,4.0,3.0,2.0,2.0,6.0,7.0,1.0,5.0,6.666666666666667,High social trust,2.5,Medium efficacy,Voted,2.0,6.0,Center (4-6),13.0,76.0,1.0
DE,3.0,2.0,1.0,3.0,2.0,7.0,3.0,5.0,5.0,Low social trust,2.25,Low efficacy,Voted,1.0,6.0,Center (4-6),12.0,64.0,1.0
DE,3.0,3.0,1.0,1.0,1.0,7.0,3.0,4.0,3.3333333333333335,Low social trust,2.75,Medium efficacy,Voted,1.0,5.0,Center (4-6),16.0,36.0,2.0
DE,1.0,5.0,3.0,3.0,6.0,6.0,5.0,6.0,5.0,Low social trust,2.75,Medium efficacy,Voted,2.0,4.0,Center (4-6),13.0,49.0,2.0
DE,8.0,7.0,5.0,3.0,9.0,7.0,8.0,10.0,5.0,Low social trust,4.0,High efficacy,Voted,1.0,5.0,Center (4-6),15.0,59.0,1.0
DE,5.0,5.0,3.0,3.0,4.0,6.0,3.0,3.0,8.0,High social trust,1.5,Low efficacy,Voted,2.0,4.0,Center (4-6),12.0,51.0,2.0
DE,9.0,8.0,5.0,7.0,9.0,6.0,9.0,8.0,7.666666666666667,High social trust,4.0,High efficacy,Voted,2.0,1.0,Left (0-3),14.0,20.0,1.0
DE,7.0,7.0,6.0,6.0,8.0,8.0,7.0,7.0,7.0,High social trust,2.5,Medium efficacy,Voted,1.0,5.0,Center (4-6),15.0,47.0,2.0
DE,1.0,2.0,0.0,1.0,4.0,6.0,1.0,1.0,5.666666666666667,Medium social trust,2.75,Medium efficacy,Voted,1.0,5.0,Center (4-6),13.0,33.0,1.0
DE,4.0,3.0,0.0,1.0,6.0,7.0,5.0,3.0,3.0,Low social trust,1.25,Low efficacy,Voted,1.0,5.0,Center (4-6),13.0,41.0,2.0
DE,0.0,0.0,0.0,0.0,5.0,3.0,0.0,0.0,3.0,Low social trust,2.75,Medium efficacy,Did not vote,2.0,5.0,Center (4-6),15.0,45.0,1.0
DE,6.0,6.0,5.0,4.0,6.0,7.0,3.0,4.0,6.333333333333333,Medium social trust,2.5,Medium efficacy,Voted,2.0,3.0,Left (0-3),18.0,73.0,1.0
DE,5.0,5.0,4.0,4.0,7.0,9.0,7.0,7.0,6.333333333333333,Medium social trust,2.75,Medium efficacy,Voted,2.0,3.0,Left (0-3),19.0,29.0,2.0
DE,7.0,7.0,5.0,4.0,7.0,8.0,4.0,5.0,4.666666666666667,Low social trust,3.5,High efficacy,Voted,1.0,5.0,Center (4-6),12.0,63.0,1.0
DE,6.0,7.0,5.0,5.0,8.0,5.0,5.0,3.0,6.0,Medium social trust,2.5,Medium efficacy,Voted,2.0,5.0,Center (4-6),17.0,32.0,1.0
DE,5.0,5.0,8.0,8.0,5.0,6.0,8.0,8.0,4.0,Low social trust,3.0,High efficacy,Voted,1.0,3.0,Left (0-3),14.0,79.0,1.0
DE,2.0,3.0,5.0,3.0,5.0,8.0,2.0,5.0,6.333333333333333,Medium social trust,2.75,Medium efficacy,Voted,1.0,0.0,Left (0-3),16.0,72.0,2.0
DE,8.0,8.0,7.0,9.0,10.0,10.0,7.0,7.0,7.333333333333333,High social trust,4.0,High efficacy,Voted,2.0,3.0,Left (0-3),25.0,41.0,1.0
DE,0.0,2.0,3.0,1.0,0.0,7.0,4.0,3.0,4.0,Low social trust,1.75,Low efficacy,Voted,2.0,10.0,Right (7-10),9.0,74.0,2.0
DE,6.0,8.0,7.0,4.0,10.0,9.0,3.0,3.0,6.333333333333333,Medium social trust,2.75,Medium efficacy,Voted,1.0,4.0,Center (4-6),17.0,67.0,1.0
DE,7.0,7.0,7.0,7.0,9.0,8.0,7.0,7.0,6.666666666666667,High social trust,2.25,Low efficacy,Voted,1.0,3.0,Left (0-3),13.0,51.0,2.0
DE,8.0,9.0,6.0,5.0,10.0,9.0,5.0,7.0,4.333333333333333,Low social trust,2.5,Medium efficacy,Voted,1.0,5.0,Center (4-6),17.0,66.0,1.0
DE,0.0,0.0,0.0,0.0,5.0,5.0,0.0,0.0,3.6666666666666665,Low social trust,1.0,Low efficacy,Voted,4.0,5.0,Center (4-6),13.0,54.0,2.0
DE,6.0,6.0,4.0,4.0,9.0,9.0,3.0,8.0,4.666666666666667,Low social trust,1.5,Low efficacy,Voted,2.0,5.0,Center (4-6),13.0,35.0,1.0
DE,6.0,4.0,5.0,6.0,9.0,9.0,7.0,7.0,8.0,High social trust,2.5,Medium efficacy,Voted,1.0,5.0,Center (4-6),13.0,23.0,1.0
DE,7.0,7.0,8.0,8.0,7.0,8.0,9.0,8.0,6.0,Medium social trust,3.5,High efficacy,Voted,1.0,3.0,Left (0-3),16.0,83.0,2.0
DE,7.0,8.0,5.0,7.0,9.0,9.0,8.0,6.0,7.333333333333333,High social trust,3.5,High efficacy,Voted,1.0,5.0,Center (4-6),19.0,49.0,1.0
DE,2.0,2.0,2.0,2.0,5.0,7.0,2.0,2.0,5.333333333333333,Medium social trust,2.0,Low efficacy,Voted,2.0,5.0,Center (4-6),12.0,68.0,1.0
DE,7.0,8.0,8.0,6.0,10.0,9.0,6.0,6.0,6.0,Medium social trust,4.25,High efficacy,Voted,1.0,5.0,Center (4-6),19.0,34.0,2.0
DE,7.0,7.0,5.0,6.0,10.0,8.0,3.0,4.0,4.333333333333333,Low social trust,3.0,High efficacy,Voted,1.0,5.0,Center (4-6),15.0,58.0,1.0
DE,8.0,6.0,7.0,6.0,8.0,7.0,7.0,5.0,6.0,Medium social trust,2.5,Medium efficacy,Voted,2.0,4.0,Center (4-6),18.0,67.0,2.0
DE,7.0,3.0,4.0,4.0,3.0,6.0,5.0,7.0,4.0,Low social trust,2.75,Medium efficacy,Voted,1.0,8.0,Right (7-10),14.0,66.0,1.0
DE,8.0,6.0,6.0,6.0,8.0,8.0,7.0,7.0,4.666666666666667,Low social trust,2.5,Medium efficacy,Voted,2.0,5.0,Center (4-6),13.0,38.0,2.0
DE,8.0,10.0,7.0,7.0,10.0,10.0,7.0,7.0,5.666666666666667,Medium social trust,3.25,High efficacy,Voted,1.0,6.0,Center (4-6),17.0,60.0,1.0
DE,4.0,6.0,3.0,4.0,8.0,8.0,4.0,6.0,7.333333333333333,High social trust,2.0,Low efficacy,Voted,2.0,5.0,Center (4-6),17.0,60.0,1.0
DE,7.0,5.0,2.0,2.0,2.0,2.0,2.0,3.0,4.0,Low social trust,2.5,Medium efficacy,Voted,2.0,5.0,Center (4-6),10.0,53.0,1.0
DE,7.0,8.0,5.0,7.0,8.0,8.0,7.0,8.0,6.333333333333333,Medium social trust,2.5,Medium efficacy,Voted,2.0,4.0,Center (4-6),12.0,70.0,1.0
DE,6.0,5.0,4.0,4.0,8.0,7.0,6.0,6.0,6.0,Medium social trust,3.0,High efficacy,Voted,1.0,5.0,Center (4-6),19.0,42.0,2.0
DE,6.0,2.0,1.0,2.0,3.0,4.0,1.0,4.0,4.333333333333333,Low social trust,3.0,High efficacy,Voted,2.0,5.0,Center (4-6),13.0,66.0,1.0
DE,7.0,7.0,5.0,4.0,7.0,6.0,7.0,5.0,7.0,High social trust,3.25,High efficacy,Voted,1.0,0.0,Left (0-3),17.0,23.0,1.0
DE,8.0,7.0,6.0,5.0,5.0,8.0,7.0,8.0,7.333333333333333,High social trust,3.25,High efficacy,Voted,1.0,6.0,Center (4-6),12.0,59.0,2.0
DE,4.0,4.0,3.0,3.0,5.0,7.0,5.0,7.0,5.666666666666667,Medium social trust,2.75,Medium efficacy,Voted,1.0,5.0,Center (4-6),13.0,48.0,2.0
DE,7.0,7.0,4.0,4.0,8.0,7.0,4.0,3.0,5.0,Low social trust,2.5,Medium efficacy,Voted,1.0,3.0,Left (0-3),12.0,61.0,1.0
DE,7.0,5.0,6.0,5.0,8.0,9.0,7.0,8.0,8.333333333333334,High social trust,3.0,High efficacy,Voted,1.0,5.0,Center (4-6),13.0,83.0,1.0
DE,2.0,3.0,2.0,1.0,3.0,4.0,3.0,2.0,2.0,Low social trust,2.5,Medium efficacy,Voted,2.0,5.0,Center (4-6),13.0,38.0,2.0
DE,8.0,5.0,7.0,5.0,8.0,9.0,8.0,9.0,7.0,High social trust,2.0,Low efficacy,Voted,2.0,5.0,Center (4-6),12.0,58.0,2.0
DE,10.0,10.0,10.0,8.0,10.0,9.0,10.0,10.0,7.333333333333333,High social trust,3.0,High efficacy,Voted,1.0,5.0,Center (4-6),21.0,68.0,1.0
DE,4.0,6.0,5.0,5.0,7.0,7.0,6.0,7.0,6.0,Medium social trust,2.0,Low efficacy,Voted,2.0,6.0,Center (4-6),15.0,39.0,1.0
DE,5.0,1.0,1.0,1.0,5.0,8.0,1.0,1.0,5.333333333333333,Medium social trust,2.0,Low efficacy,Voted,2.0,5.0,Center (4-6),12.0,71.0,1.0
DE,7.0,3.0,0.0,0.0,7.0,7.0,0.0,3.0,2.3333333333333335,Low social trust,1.0,Low efficacy,Voted,1.0,5.0,Center (4-6),12.0,75.0,1.0
DE,6.0,5.0,6.0,6.0,7.0,7.0,7.0,7.0,6.333333333333333,Medium social trust,3.0,High efficacy,Voted,2.0,4.0,Center (4-6),17.0,48.0,2.0
DE,4.0,3.0,2.0,2.0,5.0,5.0,6.0,7.0,7.333333333333333,High social trust,3.0,High efficacy,Voted,1.0,7.0,Right (7-10),16.0,50.0,1.0
DE,0.0,1.0,0.0,0.0,2.0,7.0,2.0,5.0,6.333333333333333,Medium social trust,2.0,Low efficacy,Voted,2.0,6.0,Center (4-6),16.0,49.0,2.0
DE,7.0,2.0,2.0,3.0,8.0,8.0,4.0,7.0,4.333333333333333,Low social trust,2.5,Medium efficacy,Voted,2.0,8.0,Right (7-10),13.0,24.0,1.0
DE,4.0,2.0,3.0,3.0,1.0,1.0,3.0,2.0,2.6666666666666665,Low social trust,3.0,High efficacy,Voted,1.0,4.0,Center (4-6),11.0,21.0,2.0
DE,4.0,3.0,2.0,3.0,6.0,9.0,4.0,3.0,5.666666666666667,Medium social trust,2.75,Medium efficacy,Voted,1.0,5.0,Center (4-6),19.0,29.0,2.0
DE,4.0,2.0,0.0,1.0,5.0,7.0,1.0,1.0,4.0,Low social trust,1.75,Low efficacy,Voted,1.0,5.0,Center (4-6),13.0,58.0,2.0
DE,7.0,9.0,7.0,5.0,10.0,9.0,10.0,10.0,7.0,High social trust,2.5,Medium efficacy,Voted,2.0,4.0,Center (4-6),16.0,40.0,2.0
