stfdem,trstprt,political_efficacy_index,social_trust_index,hincfel,lrscale,eduyrs,agea,gndr,vote_clean,vote_binary,political_efficacy_index_z,social_trust_index_z,hincfel_z,lrscale_z,eduyrs_z,agea_z
8.0,5.0,2.75,3.3333333333333335,1.0,5.0,17.0,34.0,1.0,Voted,1,0.3258882453885992,-1.4261907578639312,-0.8684841111860602,0.25952744239745473,0.6735909491707062,-1.0366853315174993
7.0,3.0,2.75,7.333333333333333,2.0,3.0,17.0,42.0,2.0,Voted,1,0.3258882453885992,1.064388998941671,0.6688668369168803,-0.8705667371560182,0.6735909491707062,-0.5887643509330072
8.0,7.0,2.0,6.666666666666667,1.0,5.0,13.0,58.0,2.0,Voted,1,-0.7238256520170899,0.6492923728074044,-0.8684841111860602,0.25952744239745473,-0.5288235105813693,0.3070776102359771
8.0,7.0,3.25,7.333333333333333,1.0,6.0,17.0,40.0,1.0,Voted,1,1.025697510325725,1.064388998941671,-0.8684841111860602,0.8245745321741912,0.6735909491707062,-0.7007445960791301
9.0,7.0,3.25,4.666666666666667,2.0,3.0,17.0,46.0,1.0,Voted,1,1.025697510325725,-0.595997505595397,0.6688668369168803,-0.8705667371560182,0.6735909491707062,-0.36480386064076104
5.0,5.0,2.75,7.0,2.0,5.0,11.0,56.0,1.0,Voted,1,0.3258882453885992,0.8568406858745377,0.6688668369168803,0.25952744239745473,-1.130030740457407,0.19509736508985406
2.0,0.0,2.0,2.6666666666666665,2.0,7.0,15.0,63.0,1.0,Voted,1,-0.7238256520170899,-1.8412873839981987,0.6688668369168803,1.3896216219509276,0.0723837192946684,0.5870282231012847
7.0,5.0,3.0,4.666666666666667,1.0,4.0,14.0,24.0,1.0,Voted,1,0.6757928778571621,-0.595997505595397,-0.8684841111860602,-0.3055196473792817,-0.22821989564335046,-1.5965865572481144
9.0,7.0,3.0,6.666666666666667,1.0,4.0,20.0,57.0,1.0,Voted,1,0.6757928778571621,0.6492923728074044,-0.8684841111860602,-0.3055196473792817,1.5754017939847627,0.2510874876629156
6.0,5.0,3.0,4.666666666666667,2.0,5.0,15.0,66.0,1.0,Voted,1,0.6757928778571621,-0.595997505595397,0.6688668369168803,0.25952744239745473,0.0723837192946684,0.7549985908204692
5.0,4.0,2.25,6.0,2.0,8.0,9.0,80.0,1.0,Voted,1,-0.37392101954852686,0.23419574667313706,0.6688668369168803,1.9546687117276642,-1.7312379703334448,1.5388603068433304
9.0,6.0,3.75,7.0,1.0,3.0,28.0,64.0,1.0,Voted,1,1.7255067752628512,0.8568406858745377,-0.8684841111860602,-0.8705667371560182,3.980230713488914,0.6430183456743461
6.0,6.0,3.0,6.333333333333333,2.0,6.0,18.0,38.0,1.0,Voted,1,0.6757928778571621,0.4417440597402704,0.6688668369168803,0.8245745321741912,0.974194564108725,-0.8127248412252531
6.0,5.0,3.25,6.666666666666667,1.0,7.0,16.0,73.0,1.0,Voted,1,1.025697510325725,0.6492923728074044,-0.8684841111860602,1.3896216219509276,0.37298733423268726,1.1469294488318997
3.0,3.0,2.25,6.0,2.0,3.0,18.0,49.0,2.0,Voted,1,-0.37392101954852686,0.23419574667313706,0.6688668369168803,-0.8705667371560182,0.974194564108725,-0.1968334929215765
1.0,5.0,2.0,5.666666666666667,3.0,0.0,14.0,50.0,2.0,Voted,1,-0.7238256520170899,0.026647433606003672,2.206217785019821,-2.5657080064862274,-0.22821989564335046,-0.14084337034851502
7.0,3.0,3.25,6.0,1.0,5.0,15.0,60.0,2.0,Voted,1,1.025697510325725,0.23419574667313706,-0.8684841111860602,0.25952744239745473,0.0723837192946684,0.4190578553821001
8.0,1.0,4.0,4.0,2.0,5.0,19.0,41.0,1.0,Voted,1,2.0754114077314143,-1.0110941317296642,0.6688668369168803,0.25952744239745473,1.274798179046744,-0.6447544735060686
4.0,5.0,3.75,5.0,2.0,4.0,15.0,28.0,2.0,Voted,1,1.7255067752628512,-0.3884491925282636,0.6688668369168803,-0.3055196473792817,0.0723837192946684,-1.3726260669558683
7.0,7.0,2.75,6.333333333333333,2.0,4.0,17.0,39.0,2.0,Voted,1,0.3258882453885992,0.4417440597402704,0.6688668369168803,-0.3055196473792817,0.6735909491707062,-0.7567347186521917
3.0,5.0,2.0,8.333333333333334,2.0,5.0,11.0,47.0,2.0,Voted,1,-0.7238256520170899,1.6870339381430723,0.6688668369168803,0.25952744239745473,-1.130030740457407,-0.3088137380676995
8.0,7.0,2.0,6.666666666666667,1.0,2.0,14.0,62.0,2.0,Voted,1,-0.7238256520170899,0.6492923728074044,-0.8684841111860602,-1.4356138269327547,-0.22821989564335046,0.5310381005282232
8.0,2.0,2.0,6.666666666666667,1.0,5.0,11.0,72.0,2.0,Voted,1,-0.7238256520170899,0.6492923728074044,-0.8684841111860602,0.25952744239745473,-1.130030740457407,1.0909393262588383
7.0,2.0,2.5,5.333333333333333,1.0,5.0,13.0,39.0,1.0,Voted,1,-0.024016387079963866,-0.18090087946113026,-0.8684841111860602,0.25952744239745473,-0.5288235105813693,-0.7567347186521917
8.0,3.0,2.5,6.333333333333333,2.0,4.0,13.0,38.0,1.0,Voted,1,-0.024016387079963866,0.4417440597402704,0.6688668369168803,-0.3055196473792817,-0.5288235105813693,-0.8127248412252531
5.0,1.0,2.5,5.666666666666667,3.0,3.0,13.0,39.0,1.0,Did not vote,0,-0.024016387079963866,0.026647433606003672,2.206217785019821,-0.8705667371560182,-0.5288235105813693,-0.7567347186521917
0.0,0.0,2.0,6.666666666666667,3.0,0.0,10.0,59.0,1.0,Voted,1,-0.7238256520170899,0.6492923728074044,2.206217785019821,-2.5657080064862274,-1.430634355395426,0.3630677328090386
8.0,6.0,3.25,6.0,2.0,2.0,16.0,28.0,1.0,Voted,1,1.025697510325725,0.23419574667313706,0.6688668369168803,-1.4356138269327547,0.37298733423268726,-1.3726260669558683
4.0,2.0,1.75,6.0,1.0,5.0,11.0,75.0,1.0,Voted,1,-1.0737302844856529,0.23419574667313706,-0.8684841111860602,0.25952744239745473,-1.130030740457407,1.2589096939780229
5.0,1.0,1.5,7.0,2.0,5.0,13.0,66.0,2.0,Did not vote,0,-1.423634916954216,0.8568406858745377,0.6688668369168803,0.25952744239745473,-0.5288235105813693,0.7549985908204692
3.0,1.0,1.0,4.333333333333333,2.0,5.0,12.0,58.0,2.0,Voted,1,-2.123444181891342,-0.8035458186625309,0.6688668369168803,0.25952744239745473,-0.8294271255193882,0.3070776102359771
5.0,2.0,2.25,3.3333333333333335,2.0,5.0,16.0,22.0,2.0,Voted,1,-0.37392101954852686,-1.4261907578639312,0.6688668369168803,0.25952744239745473,0.37298733423268726,-1.7085668023942373
9.0,7.0,3.0,4.666666666666667,2.0,5.0,15.0,21.0,1.0,Voted,1,0.6757928778571621,-0.595997505595397,0.6688668369168803,0.25952744239745473,0.0723837192946684,-1.764556924967299
9.0,4.0,2.0,5.333333333333333,2.0,0.0,15.0,48.0,2.0,Voted,1,-0.7238256520170899,-0.18090087946113026,0.6688668369168803,-2.5657080064862274,0.0723837192946684,-0.25282361549463805
7.0,5.0,1.25,3.0,1.0,5.0,11.0,79.0,2.0,Voted,1,-1.773539549422779,-1.6337390709310649,-0.8684841111860602,0.25952744239745473,-1.130030740457407,1.482870184270269
6.0,4.0,3.5,5.666666666666667,1.0,7.0,18.0,61.0,1.0,Voted,1,1.3756021427942882,0.026647433606003672,-0.8684841111860602,1.3896216219509276,0.974194564108725,0.4750479779551616
7.0,0.0,2.5,5.666666666666667,1.0,6.0,16.0,60.0,1.0,Voted,1,-0.024016387079963866,0.026647433606003672,-0.8684841111860602,0.8245745321741912,0.37298733423268726,0.4190578553821001
8.0,5.0,2.25,7.333333333333333,3.0,5.0,12.0,75.0,2.0,Voted,1,-0.37392101954852686,1.064388998941671,2.206217785019821,0.25952744239745473,-0.8294271255193882,1.2589096939780229
9.0,8.0,3.5,6.0,1.0,4.0,17.0,37.0,2.0,Voted,1,1.3756021427942882,0.23419574667313706,-0.8684841111860602,-0.3055196473792817,0.6735909491707062,-0.8687149637983147
2.0,3.0,2.25,6.0,2.0,3.0,18.0,87.0,1.0,Voted,1,-0.37392101954852686,0.23419574667313706,0.6688668369168803,-0.8705667371560182,0.974194564108725,1.9307911648547609
2.0,1.0,2.25,6.666666666666667,2.0,6.0,12.0,24.0,1.0,Did not vote,0,-0.37392101954852686,0.6492923728074044,0.6688668369168803,0.8245745321741912,-0.8294271255193882,-1.5965865572481144
8.0,5.0,2.75,5.0,1.0,5.0,13.0,38.0,2.0,Voted,1,0.3258882453885992,-0.3884491925282636,-0.8684841111860602,0.25952744239745473,-0.5288235105813693,-0.8127248412252531
6.0,8.0,1.0,7.0,2.0,4.0,16.0,59.0,2.0,Voted,1,-2.123444181891342,0.8568406858745377,0.6688668369168803,-0.3055196473792817,0.37298733423268726,0.3630677328090386
5.0,3.0,1.5,6.666666666666667,2.0,4.0,15.0,20.0,1.0,Did not vote,0,-1.423634916954216,0.6492923728074044,0.6688668369168803,-0.3055196473792817,0.0723837192946684,-1.8205470475403605
5.0,5.0,1.5,7.0,3.0,5.0,13.0,41.0,1.0,Did not vote,0,-1.423634916954216,0.8568406858745377,2.206217785019821,0.25952744239745473,-0.5288235105813693,-0.6447544735060686
8.0,4.0,2.0,6.666666666666667,1.0,6.0,17.0,39.0,2.0,Voted,1,-0.7238256520170899,0.6492923728074044,-0.8684841111860602,0.8245745321741912,0.6735909491707062,-0.7567347186521917
9.0,4.0,1.75,5.666666666666667,2.0,2.0,13.0,60.0,2.0,Voted,1,-1.0737302844856529,0.026647433606003672,0.6688668369168803,-1.4356138269327547,-0.5288235105813693,0.4190578553821001
3.0,3.0,2.5,4.666666666666667,1.0,5.0,13.0,22.0,2.0,Did not vote,0,-0.024016387079963866,-0.595997505595397,-0.8684841111860602,0.25952744239745473,-0.5288235105813693,-1.7085668023942373
8.0,4.0,2.75,6.333333333333333,1.0,5.0,17.0,43.0,1.0,Voted,1,0.3258882453885992,0.4417440597402704,-0.8684841111860602,0.25952744239745473,0.6735909491707062,-0.5327742283599456
1.0,1.0,3.25,4.666666666666667,1.0,7.0,18.0,53.0,2.0,Voted,1,1.025697510325725,-0.595997505595397,-0.8684841111860602,1.3896216219509276,0.974194564108725,0.027126997370669537
8.0,5.0,3.25,6.333333333333333,1.0,4.0,15.0,24.0,1.0,Voted,1,1.025697510325725,0.4417440597402704,-0.8684841111860602,-0.3055196473792817,0.0723837192946684,-1.5965865572481144
6.0,7.0,2.0,6.666666666666667,1.0,6.0,18.0,30.0,1.0,Voted,1,-0.7238256520170899,0.6492923728074044,-0.8684841111860602,0.8245745321741912,0.974194564108725,-1.2606458218097452
8.0,4.0,1.0,6.333333333333333,1.0,3.0,12.0,73.0,2.0,Voted,1,-2.123444181891342,0.4417440597402704,-0.8684841111860602,-0.8705667371560182,-0.8294271255193882,1.1469294488318997
8.0,2.0,2.5,2.0,1.0,8.0,11.0,82.0,1.0,Voted,1,-0.024016387079963866,-2.2563840101324657,-0.8684841111860602,1.9546687117276642,-1.130030740457407,1.6508405519894533
6.0,4.0,2.75,6.333333333333333,2.0,4.0,13.0,63.0,2.0,Voted,1,0.3258882453885992,0.4417440597402704,0.6688668369168803,-0.3055196473792817,-0.5288235105813693,0.5870282231012847
7.0,5.0,3.0,6.333333333333333,1.0,5.0,20.0,40.0,1.0,Voted,1,0.6757928778571621,0.4417440597402704,-0.8684841111860602,0.25952744239745473,1.5754017939847627,-0.7007445960791301
9.0,3.0,2.0,2.0,1.0,5.0,16.0,29.0,2.0,Voted,1,-0.7238256520170899,-2.2563840101324657,-0.8684841111860602,0.25952744239745473,0.37298733423268726,-1.3166359443828068
3.0,3.0,2.25,7.0,1.0,2.0,17.0,48.0,1.0,Voted,1,-0.37392101954852686,0.8568406858745377,-0.8684841111860602,-1.4356138269327547,0.6735909491707062,-0.25282361549463805
8.0,7.0,3.5,5.333333333333333,1.0,4.0,19.0,40.0,2.0,Voted,1,1.3756021427942882,-0.18090087946113026,-0.8684841111860602,-0.3055196473792817,1.274798179046744,-0.7007445960791301
9.0,6.0,3.75,7.333333333333333,1.0,4.0,18.0,28.0,2.0,Voted,1,1.7255067752628512,1.064388998941671,-0.8684841111860602,-0.3055196473792817,0.974194564108725,-1.3726260669558683
9.0,5.0,4.5,8.0,2.0,6.0,15.0,68.0,1.0,Voted,1,2.7752206726685404,1.4794856250759383,0.6688668369168803,0.8245745321741912,0.0723837192946684,0.8669788359665922
7.0,7.0,3.0,6.666666666666667,2.0,3.0,19.0,55.0,2.0,Voted,1,0.6757928778571621,0.6492923728074044,0.6688668369168803,-0.8705667371560182,1.274798179046744,0.13910724251679257
8.0,6.0,1.5,7.0,1.0,4.0,11.0,89.0,1.0,Voted,1,-1.423634916954216,0.8568406858745377,-0.8684841111860602,-0.3055196473792817,-1.130030740457407,2.042771410000884
8.0,5.0,2.5,6.0,2.0,3.0,17.0,23.0,1.0,Voted,1,-0.024016387079963866,0.23419574667313706,0.6688668369168803,-0.8705667371560182,0.6735909491707062,-1.6525766798211758
6.0,5.0,3.5,6.666666666666667,1.0,3.0,20.0,64.0,1.0,Voted,1,1.3756021427942882,0.6492923728074044,-0.8684841111860602,-0.8705667371560182,1.5754017939847627,0.6430183456743461
9.0,8.0,4.0,6.333333333333333,2.0,5.0,20.0,33.0,1.0,Voted,1,2.0754114077314143,0.4417440597402704,0.6688668369168803,0.25952744239745473,1.5754017939847627,-1.0926754540905608
6.0,4.0,3.0,6.333333333333333,1.0,7.0,13.0,55.0,1.0,Voted,1,0.6757928778571621,0.4417440597402704,-0.8684841111860602,1.3896216219509276,-0.5288235105813693,0.13910724251679257
7.0,3.0,3.25,6.0,1.0,5.0,18.0,56.0,1.0,Voted,1,1.025697510325725,0.23419574667313706,-0.8684841111860602,0.25952744239745473,0.974194564108725,0.19509736508985406
9.0,7.0,3.25,7.0,1.0,3.0,13.0,50.0,2.0,Voted,1,1.025697510325725,0.8568406858745377,-0.8684841111860602,-0.8705667371560182,-0.5288235105813693,-0.14084337034851502
1.0,1.0,1.5,5.0,2.0,5.0,12.0,29.0,2.0,Voted,1,-1.423634916954216,-0.3884491925282636,0.6688668369168803,0.25952744239745473,-0.8294271255193882,-1.3166359443828068
3.0,3.0,3.25,7.0,1.0,5.0,18.0,65.0,1.0,Voted,1,1.025697510325725,0.8568406858745377,-0.8684841111860602,0.25952744239745473,0.974194564108725,0.6990084682474077
8.0,5.0,1.25,7.333333333333333,1.0,3.0,12.0,58.0,2.0,Voted,1,-1.773539549422779,1.064388998941671,-0.8684841111860602,-0.8705667371560182,-0.8294271255193882,0.3070776102359771
10.0,6.0,2.75,5.333333333333333,1.0,5.0,15.0,20.0,2.0,Voted,1,0.3258882453885992,-0.18090087946113026,-0.8684841111860602,0.25952744239745473,0.0723837192946684,-1.8205470475403605
10.0,3.0,3.0,6.666666666666667,1.0,3.0,16.0,55.0,2.0,Voted,1,0.6757928778571621,0.6492923728074044,-0.8684841111860602,-0.8705667371560182,0.37298733423268726,0.13910724251679257
7.0,6.0,2.75,7.666666666666667,2.0,1.0,13.0,38.0,2.0,Voted,1,0.3258882453885992,1.271937312008805,0.6688668369168803,-2.0006609167094913,-0.5288235105813693,-0.8127248412252531
6.0,5.0,3.0,6.666666666666667,1.0,6.0,17.0,64.0,1.0,Voted,1,0.6757928778571621,0.6492923728074044,-0.8684841111860602,0.8245745321741912,0.6735909491707062,0.6430183456743461
3.0,0.0,2.25,3.3333333333333335,1.0,4.0,22.0,35.0,1.0,Voted,1,-0.37392101954852686,-1.4261907578639312,-0.8684841111860602,-0.3055196473792817,2.1766090238608005,-0.9806952089444377
4.0,4.0,3.0,4.333333333333333,2.0,5.0,15.0,58.0,1.0,Did not vote,0,0.6757928778571621,-0.8035458186625309,0.6688668369168803,0.25952744239745473,0.0723837192946684,0.3070776102359771
7.0,5.0,3.0,6.0,1.0,4.0,23.0,50.0,1.0,Voted,1,0.6757928778571621,0.23419574667313706,-0.8684841111860602,-0.3055196473792817,2.4772126387988194,-0.14084337034851502
5.0,3.0,1.5,6.666666666666667,1.0,5.0,14.0,84.0,1.0,Voted,1,-1.423634916954216,0.6492923728074044,-0.8684841111860602,0.25952744239745473,-0.22821989564335046,1.7628207971355765
7.0,2.0,2.0,6.0,1.0,7.0,15.0,75.0,1.0,Voted,1,-0.7238256520170899,0.23419574667313706,-0.8684841111860602,1.3896216219509276,0.0723837192946684,1.2589096939780229
2.0,1.0,1.25,7.0,2.0,4.0,12.0,62.0,1.0,Voted,1,-1.773539549422779,0.8568406858745377,0.6688668369168803,-0.3055196473792817,-0.8294271255193882,0.5310381005282232
8.0,6.0,3.0,7.333333333333333,1.0,3.0,19.0,56.0,2.0,Voted,1,0.6757928778571621,1.064388998941671,-0.8684841111860602,-0.8705667371560182,1.274798179046744,0.19509736508985406
5.0,6.0,2.5,6.333333333333333,1.0,0.0,7.0,77.0,2.0,Did not vote,0,-0.024016387079963866,0.4417440597402704,-0.8684841111860602,-2.5657080064862274,-2.3324452002094826,1.3708899391241458
7.0,3.0,2.25,6.666666666666667,2.0,5.0,13.0,37.0,2.0,Voted,1,-0.37392101954852686,0.6492923728074044,0.6688668369168803,0.25952744239745473,-0.5288235105813693,-0.8687149637983147
4.0,2.0,2.75,4.333333333333333,2.0,4.0,18.0,59.0,1.0,Voted,1,0.3258882453885992,-0.8035458186625309,0.6688668369168803,-0.3055196473792817,0.974194564108725,0.3630677328090386
7.0,4.0,2.25,7.0,2.0,6.0,12.0,71.0,1.0,Voted,1,-0.37392101954852686,0.8568406858745377,0.6688668369168803,0.8245745321741912,-0.8294271255193882,1.0349492036857768
4.0,3.0,1.75,5.333333333333333,2.0,5.0,9.0,71.0,2.0,Voted,1,-1.0737302844856529,-0.18090087946113026,0.6688668369168803,0.25952744239745473,-1.7312379703334448,1.0349492036857768
9.0,5.0,3.25,5.666666666666667,1.0,4.0,16.0,68.0,1.0,Voted,1,1.025697510325725,0.026647433606003672,-0.8684841111860602,-0.3055196473792817,0.37298733423268726,0.8669788359665922
1.0,1.0,2.75,4.666666666666667,3.0,5.0,13.0,56.0,1.0,Voted,1,0.3258882453885992,-0.595997505595397,2.206217785019821,0.25952744239745473,-0.5288235105813693,0.19509736508985406
5.0,4.0,2.0,6.333333333333333,2.0,4.0,14.0,51.0,1.0,Voted,1,-0.7238256520170899,0.4417440597402704,0.6688668369168803,-0.3055196473792817,-0.22821989564335046,-0.08485324777545349
4.0,5.0,1.75,7.0,2.0,6.0,17.0,60.0,2.0,Voted,1,-1.0737302844856529,0.8568406858745377,0.6688668369168803,0.8245745321741912,0.6735909491707062,0.4190578553821001
7.0,4.0,3.0,5.666666666666667,1.0,5.0,14.0,39.0,2.0,Voted,1,0.6757928778571621,0.026647433606003672,-0.8684841111860602,0.25952744239745473,-0.22821989564335046,-0.7567347186521917
8.0,9.0,2.0,5.666666666666667,1.0,4.0,15.0,59.0,2.0,Voted,1,-0.7238256520170899,0.026647433606003672,-0.8684841111860602,-0.3055196473792817,0.0723837192946684,0.3630677328090386
5.0,5.0,2.6666666666666665,4.666666666666667,1.0,5.0,14.0,46.0,2.0,Voted,1,0.20925336789907795,-0.595997505595397,-0.8684841111860602,0.25952744239745473,-0.22821989564335046,-0.36480386064076104
4.0,4.0,3.0,4.0,1.0,4.0,10.0,44.0,2.0,Voted,1,0.6757928778571621,-1.0110941317296642,-0.8684841111860602,-0.3055196473792817,-1.430634355395426,-0.47678410578688407
8.0,7.0,3.5,6.333333333333333,1.0,6.0,18.0,43.0,1.0,Voted,1,1.3756021427942882,0.4417440597402704,-0.8684841111860602,0.8245745321741912,0.974194564108725,-0.5327742283599456
5.0,0.0,1.5,3.3333333333333335,2.0,5.0,12.0,52.0,2.0,Voted,1,-1.423634916954216,-1.4261907578639312,0.6688668369168803,0.25952744239745473,-0.8294271255193882,-0.028863125202391978
8.0,6.0,2.75,6.0,2.0,1.0,14.0,60.0,2.0,Voted,1,0.3258882453885992,0.23419574667313706,0.6688668369168803,-2.0006609167094913,-0.22821989564335046,0.4190578553821001
4.0,3.0,1.75,2.6666666666666665,1.0,5.0,14.0,75.0,2.0,Voted,1,-1.0737302844856529,-1.8412873839981987,-0.8684841111860602,0.25952744239745473,-0.22821989564335046,1.2589096939780229
2.0,2.0,2.75,6.333333333333333,2.0,5.0,12.0,63.0,2.0,Voted,1,0.3258882453885992,0.4417440597402704,0.6688668369168803,0.25952744239745473,-0.8294271255193882,0.5870282231012847
3.0,1.0,2.75,5.333333333333333,2.0,7.0,18.0,39.0,1.0,Voted,1,0.3258882453885992,-0.18090087946113026,0.6688668369168803,1.3896216219509276,0.974194564108725,-0.7567347186521917
5.0,3.0,2.25,4.666666666666667,2.0,4.0,13.0,64.0,1.0,Did not vote,0,-0.37392101954852686,-0.595997505595397,0.6688668369168803,-0.3055196473792817,-0.5288235105813693,0.6430183456743461
7.0,6.0,1.5,7.0,2.0,3.0,12.0,68.0,2.0,Voted,1,-1.423634916954216,0.8568406858745377,0.6688668369168803,-0.8705667371560182,-0.8294271255193882,0.8669788359665922
7.0,5.0,2.75,6.0,1.0,4.0,15.0,67.0,1.0,Voted,1,0.3258882453885992,0.23419574667313706,-0.8684841111860602,-0.3055196473792817,0.0723837192946684,0.8109887133935307
3.0,0.0,1.5,5.666666666666667,1.0,5.0,12.0,60.0,1.0,Voted,1,-1.423634916954216,0.026647433606003672,-0.8684841111860602,0.25952744239745473,-0.8294271255193882,0.4190578553821001
5.0,2.0,1.5,7.0,1.0,4.0,15.0,40.0,1.0,Did not vote,0,-1.423634916954216,0.8568406858745377,-0.8684841111860602,-0.3055196473792817,0.0723837192946684,-0.7007445960791301
3.0,1.0,1.75,4.333333333333333,2.0,5.0,12.0,39.0,2.0,Did not vote,0,-1.0737302844856529,-0.8035458186625309,0.6688668369168803,0.25952744239745473,-0.8294271255193882,-0.7567347186521917
5.0,3.0,2.0,6.666666666666667,2.0,5.0,12.0,35.0,2.0,Voted,1,-0.7238256520170899,0.6492923728074044,0.6688668369168803,0.25952744239745473,-0.8294271255193882,-0.9806952089444377
3.0,4.0,2.5,3.6666666666666665,2.0,3.0,13.0,55.0,2.0,Voted,1,-0.024016387079963866,-1.2186424447967978,0.6688668369168803,-0.8705667371560182,-0.5288235105813693,0.13910724251679257
2.0,4.0,2.5,5.666666666666667,2.0,4.0,15.0,66.0,2.0,Voted,1,-0.024016387079963866,0.026647433606003672,0.6688668369168803,-0.3055196473792817,0.0723837192946684,0.7549985908204692
6.0,1.0,3.5,8.666666666666666,1.0,0.0,18.0,59.0,2.0,Voted,1,1.3756021427942882,1.894582251210205,-0.8684841111860602,-2.5657080064862274,0.974194564108725,0.3630677328090386
4.0,6.0,2.25,4.0,2.0,3.0,10.0,75.0,2.0,Voted,1,-0.37392101954852686,-1.0110941317296642,0.6688668369168803,-0.8705667371560182,-1.430634355395426,1.2589096939780229
8.0,5.0,3.0,6.0,1.0,5.0,14.0,61.0,2.0,Voted,1,0.6757928778571621,0.23419574667313706,-0.8684841111860602,0.25952744239745473,-0.22821989564335046,0.4750479779551616
6.0,4.0,1.75,6.666666666666667,2.0,5.0,8.0,42.0,2.0,Voted,1,-1.0737302844856529,0.6492923728074044,0.6688668369168803,0.25952744239745473,-2.0318415852714637,-0.5887643509330072
3.0,2.0,2.75,6.666666666666667,2.0,5.0,19.0,33.0,1.0,Did not vote,0,0.3258882453885992,0.6492923728074044,0.6688668369168803,0.25952744239745473,1.274798179046744,-1.0926754540905608
8.0,5.0,2.75,8.0,2.0,5.0,12.0,65.0,1.0,Did not vote,0,0.3258882453885992,1.4794856250759383,0.6688668369168803,0.25952744239745473,-0.8294271255193882,0.6990084682474077
7.0,1.0,2.0,5.0,1.0,3.0,14.0,56.0,2.0,Voted,1,-0.7238256520170899,-0.3884491925282636,-0.8684841111860602,-0.8705667371560182,-0.22821989564335046,0.19509736508985406
2.0,3.0,2.5,2.6666666666666665,1.0,7.0,13.0,22.0,1.0,Voted,1,-0.024016387079963866,-1.8412873839981987,-0.8684841111860602,1.3896216219509276,-0.5288235105813693,-1.7085668023942373
8.0,7.0,2.5,8.0,1.0,5.0,11.0,81.0,2.0,Voted,1,-0.024016387079963866,1.4794856250759383,-0.8684841111860602,0.25952744239745473,-1.130030740457407,1.5948504294163919
6.0,4.0,2.75,5.0,2.0,4.0,16.0,27.0,2.0,Voted,1,0.3258882453885992,-0.3884491925282636,0.6688668369168803,-0.3055196473792817,0.37298733423268726,-1.4286161895289298
3.0,0.0,1.75,2.3333333333333335,1.0,0.0,12.0,66.0,2.0,Did not vote,0,-1.0737302844856529,-2.048835697065332,-0.8684841111860602,-2.5657080064862274,-0.8294271255193882,0.7549985908204692
0.0,0.0,2.5,4.0,2.0,4.0,9.0,58.0,2.0,Did not vote,0,-0.024016387079963866,-1.0110941317296642,0.6688668369168803,-0.3055196473792817,-1.7312379703334448,0.3070776102359771
1.0,2.0,2.5,3.0,2.0,5.0,13.0,41.0,2.0,Voted,1,-0.024016387079963866,-1.6337390709310649,0.6688668369168803,0.25952744239745473,-0.5288235105813693,-0.6447544735060686
6.0,5.0,2.0,5.333333333333333,2.0,4.0,12.0,74.0,1.0,Voted,1,-0.7238256520170899,-0.18090087946113026,0.6688668369168803,-0.3055196473792817,-0.8294271255193882,1.2029195714049614
7.0,5.0,1.5,7.333333333333333,2.0,7.0,8.0,87.0,2.0,Did not vote,0,-1.423634916954216,1.064388998941671,0.6688668369168803,1.3896216219509276,-2.0318415852714637,1.9307911648547609
0.0,1.0,2.75,4.666666666666667,2.0,5.0,16.0,30.0,1.0,Voted,1,0.3258882453885992,-0.595997505595397,0.6688668369168803,0.25952744239745473,0.37298733423268726,-1.2606458218097452
3.0,2.0,3.5,4.666666666666667,1.0,6.0,18.0,68.0,2.0,Voted,1,1.3756021427942882,-0.595997505595397,-0.8684841111860602,0.8245745321741912,0.974194564108725,0.8669788359665922
4.0,3.0,2.25,7.333333333333333,1.0,5.0,17.0,53.0,2.0,Voted,1,-0.37392101954852686,1.064388998941671,-0.8684841111860602,0.25952744239745473,0.6735909491707062,0.027126997370669537
8.0,1.0,1.5,5.333333333333333,1.0,3.0,11.0,69.0,2.0,Voted,1,-1.423634916954216,-0.18090087946113026,-0.8684841111860602,-0.8705667371560182,-1.130030740457407,0.9229689585396538
8.0,7.0,2.25,3.6666666666666665,1.0,7.0,13.0,55.0,1.0,Voted,1,-0.37392101954852686,-1.2186424447967978,-0.8684841111860602,1.3896216219509276,-0.5288235105813693,0.13910724251679257
5.0,4.0,2.25,7.666666666666667,1.0,3.0,17.0,46.0,2.0,Voted,1,-0.37392101954852686,1.271937312008805,-0.8684841111860602,-0.8705667371560182,0.6735909491707062,-0.36480386064076104
5.0,5.0,2.75,7.333333333333333,2.0,5.0,17.0,46.0,2.0,Voted,1,0.3258882453885992,1.064388998941671,0.6688668369168803,0.25952744239745473,0.6735909491707062,-0.36480386064076104
7.0,7.0,2.25,6.333333333333333,1.0,2.0,18.0,29.0,2.0,Did not vote,0,-0.37392101954852686,0.4417440597402704,-0.8684841111860602,-1.4356138269327547,0.974194564108725,-1.3166359443828068
7.0,6.0,3.25,6.666666666666667,1.0,3.0,18.0,64.0,2.0,Voted,1,1.025697510325725,0.6492923728074044,-0.8684841111860602,-0.8705667371560182,0.974194564108725,0.6430183456743461
8.0,3.0,3.25,5.333333333333333,2.0,6.0,12.0,32.0,1.0,Did not vote,0,1.025697510325725,-0.18090087946113026,0.6688668369168803,0.8245745321741912,-0.8294271255193882,-1.1486655766636222
7.0,4.0,2.0,5.0,1.0,2.0,17.0,56.0,1.0,Voted,1,-0.7238256520170899,-0.3884491925282636,-0.8684841111860602,-1.4356138269327547,0.6735909491707062,0.19509736508985406
5.0,0.0,2.0,3.3333333333333335,1.0,5.0,13.0,66.0,1.0,Voted,1,-0.7238256520170899,-1.4261907578639312,-0.8684841111860602,0.25952744239745473,-0.5288235105813693,0.7549985908204692
6.0,2.0,2.5,6.666666666666667,2.0,5.0,14.0,65.0,1.0,Voted,1,-0.024016387079963866,0.6492923728074044,0.6688668369168803,0.25952744239745473,-0.22821989564335046,0.6990084682474077
4.0,4.0,2.5,7.333333333333333,2.0,3.0,12.0,40.0,2.0,Did not vote,0,-0.024016387079963866,1.064388998941671,0.6688668369168803,-0.8705667371560182,-0.8294271255193882,-0.7007445960791301
9.0,2.0,2.0,2.6666666666666665,2.0,4.0,10.0,85.0,1.0,Voted,1,-0.7238256520170899,-1.8412873839981987,0.6688668369168803,-0.3055196473792817,-1.430634355395426,1.818810919708638
3.0,3.0,2.5,6.0,1.0,5.0,16.0,76.0,1.0,Voted,1,-0.024016387079963866,0.23419574667313706,-0.8684841111860602,0.25952744239745473,0.37298733423268726,1.3148998165510843
3.0,1.0,1.0,3.3333333333333335,2.0,5.0,13.0,44.0,2.0,Did not vote,0,-2.123444181891342,-1.4261907578639312,0.6688668369168803,0.25952744239745473,-0.5288235105813693,-0.47678410578688407
2.0,2.0,1.75,5.333333333333333,2.0,5.0,11.0,50.0,2.0,Voted,1,-1.0737302844856529,-0.18090087946113026,0.6688668369168803,0.25952744239745473,-1.130030740457407,-0.14084337034851502
2.0,1.0,2.25,7.333333333333333,2.0,7.0,12.0,34.0,1.0,Voted,1,-0.37392101954852686,1.064388998941671,0.6688668369168803,1.3896216219509276,-0.8294271255193882,-1.0366853315174993
4.0,2.0,2.0,5.333333333333333,1.0,4.0,9.0,68.0,2.0,Did not vote,0,-0.7238256520170899,-0.18090087946113026,-0.8684841111860602,-0.3055196473792817,-1.7312379703334448,0.8669788359665922
5.0,5.0,3.0,5.666666666666667,2.0,5.0,13.0,27.0,1.0,Voted,1,0.6757928778571621,0.026647433606003672,0.6688668369168803,0.25952744239745473,-0.5288235105813693,-1.4286161895289298
5.0,2.0,3.5,4.666666666666667,2.0,5.0,13.0,63.0,2.0,Voted,1,1.3756021427942882,-0.595997505595397,0.6688668369168803,0.25952744239745473,-0.5288235105813693,0.5870282231012847
5.0,3.0,2.75,6.333333333333333,2.0,8.0,13.0,74.0,1.0,Voted,1,0.3258882453885992,0.4417440597402704,0.6688668369168803,1.9546687117276642,-0.5288235105813693,1.2029195714049614
9.0,7.0,3.5,5.0,1.0,7.0,18.0,68.0,1.0,Voted,1,1.3756021427942882,-0.3884491925282636,-0.8684841111860602,1.3896216219509276,0.974194564108725,0.8669788359665922
7.0,3.0,3.25,6.333333333333333,1.0,5.0,18.0,31.0,1.0,Voted,1,1.025697510325725,0.4417440597402704,-0.8684841111860602,0.25952744239745473,0.974194564108725,-1.2046556992366837
2.0,1.0,3.25,7.666666666666667,1.0,8.0,17.0,60.0,1.0,Voted,1,1.025697510325725,1.271937312008805,-0.8684841111860602,1.9546687117276642,0.6735909491707062,0.4190578553821001
8.0,5.0,3.25,7.0,1.0,4.0,17.0,24.0,1.0,Voted,1,1.025697510325725,0.8568406858745377,-0.8684841111860602,-0.3055196473792817,0.6735909491707062,-1.5965865572481144
7.0,4.0,2.75,7.666666666666667,2.0,3.0,14.0,65.0,2.0,Voted,1,0.3258882453885992,1.271937312008805,0.6688668369168803,-0.8705667371560182,-0.22821989564335046,0.6990084682474077
3.0,2.0,2.25,6.333333333333333,2.0,8.0,16.0,30.0,1.0,Voted,1,-0.37392101954852686,0.4417440597402704,0.6688668369168803,1.9546687117276642,0.37298733423268726,-1.2606458218097452
8.0,4.0,2.0,3.3333333333333335,2.0,4.0,11.0,73.0,1.0,Voted,1,-0.7238256520170899,-1.4261907578639312,0.6688668369168803,-0.3055196473792817,-1.130030740457407,1.1469294488318997
3.0,3.0,3.0,2.0,2.0,4.0,16.0,35.0,2.0,Voted,1,0.6757928778571621,-2.2563840101324657,0.6688668369168803,-0.3055196473792817,0.37298733423268726,-0.9806952089444377
3.0,3.0,2.75,4.666666666666667,2.0,3.0,13.0,59.0,2.0,Voted,1,0.3258882453885992,-0.595997505595397,0.6688668369168803,-0.8705667371560182,-0.5288235105813693,0.3630677328090386
8.0,0.0,1.5,5.333333333333333,2.0,8.0,12.0,73.0,2.0,Did not vote,0,-1.423634916954216,-0.18090087946113026,0.6688668369168803,1.9546687117276642,-0.8294271255193882,1.1469294488318997
4.0,3.0,1.75,8.0,2.0,0.0,21.0,74.0,2.0,Voted,1,-1.0737302844856529,1.4794856250759383,0.6688668369168803,-2.5657080064862274,1.8760054089227816,1.2029195714049614
6.0,7.0,2.5,6.0,1.0,5.0,15.0,27.0,2.0,Voted,1,-0.024016387079963866,0.23419574667313706,-0.8684841111860602,0.25952744239745473,0.0723837192946684,-1.4286161895289298
6.0,6.0,2.0,7.0,2.0,7.0,14.0,78.0,2.0,Voted,1,-0.7238256520170899,0.8568406858745377,0.6688668369168803,1.3896216219509276,-0.22821989564335046,1.4268800616972073
0.0,0.0,3.25,4.0,1.0,7.0,16.0,52.0,1.0,Voted,1,1.025697510325725,-1.0110941317296642,-0.8684841111860602,1.3896216219509276,0.37298733423268726,-0.028863125202391978
7.0,5.0,3.5,6.333333333333333,1.0,7.0,15.0,25.0,1.0,Voted,1,1.3756021427942882,0.4417440597402704,-0.8684841111860602,1.3896216219509276,0.0723837192946684,-1.540596434675053
9.0,5.0,3.5,6.333333333333333,1.0,6.0,14.0,71.0,1.0,Voted,1,1.3756021427942882,0.4417440597402704,-0.8684841111860602,0.8245745321741912,-0.22821989564335046,1.0349492036857768
4.0,3.0,2.75,3.3333333333333335,1.0,4.0,16.0,61.0,1.0,Voted,1,0.3258882453885992,-1.4261907578639312,-0.8684841111860602,-0.3055196473792817,0.37298733423268726,0.4750479779551616
7.0,3.0,3.0,4.333333333333333,2.0,0.0,15.0,22.0,2.0,Voted,1,0.6757928778571621,-0.8035458186625309,0.6688668369168803,-2.5657080064862274,0.0723837192946684,-1.7085668023942373
8.0,4.0,1.5,7.666666666666667,1.0,5.0,12.0,73.0,2.0,Voted,1,-1.423634916954216,1.271937312008805,-0.8684841111860602,0.25952744239745473,-0.8294271255193882,1.1469294488318997
4.0,3.0,1.75,4.666666666666667,2.0,5.0,13.0,32.0,1.0,Did not vote,0,-1.0737302844856529,-0.595997505595397,0.6688668369168803,0.25952744239745473,-0.5288235105813693,-1.1486655766636222
4.0,4.0,3.25,6.666666666666667,1.0,3.0,14.0,64.0,1.0,Voted,1,1.025697510325725,0.6492923728074044,-0.8684841111860602,-0.8705667371560182,-0.22821989564335046,0.6430183456743461
7.0,6.0,3.5,5.666666666666667,1.0,5.0,15.0,83.0,1.0,Voted,1,1.3756021427942882,0.026647433606003672,-0.8684841111860602,0.25952744239745473,0.0723837192946684,1.706830674562515
4.0,4.0,2.25,6.333333333333333,2.0,6.0,15.0,39.0,1.0,Voted,1,-0.37392101954852686,0.4417440597402704,0.6688668369168803,0.8245745321741912,0.0723837192946684,-0.7567347186521917
5.0,3.0,1.75,3.0,2.0,3.0,8.0,86.0,1.0,Voted,1,-1.0737302844856529,-1.6337390709310649,0.6688668369168803,-0.8705667371560182,-2.0318415852714637,1.8748010422816994
2.0,3.0,2.75,6.333333333333333,2.0,2.0,15.0,26.0,2.0,Voted,1,0.3258882453885992,0.4417440597402704,0.6688668369168803,-1.4356138269327547,0.0723837192946684,-1.4846063121019912
4.0,3.0,1.5,4.333333333333333,2.0,5.0,16.0,63.0,2.0,Voted,1,-1.423634916954216,-0.8035458186625309,0.6688668369168803,0.25952744239745473,0.37298733423268726,0.5870282231012847
7.0,5.0,3.0,4.0,2.0,5.0,15.0,21.0,1.0,Voted,1,0.6757928778571621,-1.0110941317296642,0.6688668369168803,0.25952744239745473,0.0723837192946684,-1.764556924967299
7.0,3.0,3.0,6.666666666666667,1.0,3.0,20.0,69.0,1.0,Voted,1,0.6757928778571621,0.6492923728074044,-0.8684841111860602,-0.8705667371560182,1.5754017939847627,0.9229689585396538
7.0,4.0,2.0,6.333333333333333,1.0,5.0,22.0,35.0,2.0,Voted,1,-0.7238256520170899,0.4417440597402704,-0.8684841111860602,0.25952744239745473,2.1766090238608005,-0.9806952089444377
3.0,4.0,4.0,6.0,1.0,6.0,10.0,36.0,1.0,Voted,1,2.0754114077314143,0.23419574667313706,-0.8684841111860602,0.8245745321741912,-1.430634355395426,-0.9247050863713762
6.0,3.0,2.25,4.0,2.0,3.0,2.0,40.0,1.0,Voted,1,-0.37392101954852686,-1.0110941317296642,0.6688668369168803,-0.8705667371560182,-3.8354632748995767,-0.7007445960791301
8.0,3.0,2.75,4.0,1.0,2.0,13.0,61.0,1.0,Voted,1,0.3258882453885992,-1.0110941317296642,-0.8684841111860602,-1.4356138269327547,-0.5288235105813693,0.4750479779551616
3.0,3.0,2.75,5.333333333333333,1.0,5.0,15.0,71.0,1.0,Voted,1,0.3258882453885992,-0.18090087946113026,-0.8684841111860602,0.25952744239745473,0.0723837192946684,1.0349492036857768
6.0,5.0,2.5,5.666666666666667,1.0,4.0,15.0,50.0,1.0,Voted,1,-0.024016387079963866,0.026647433606003672,-0.8684841111860602,-0.3055196473792817,0.0723837192946684,-0.14084337034851502
0.0,0.0,1.25,6.666666666666667,2.0,8.0,10.0,64.0,1.0,Voted,1,-1.773539549422779,0.6492923728074044,0.6688668369168803,1.9546687117276642,-1.430634355395426,0.6430183456743461
5.0,3.0,2.0,6.0,1.0,6.0,13.0,57.0,2.0,Voted,1,-0.7238256520170899,0.23419574667313706,-0.8684841111860602,0.8245745321741912,-0.5288235105813693,0.2510874876629156
7.0,6.0,2.0,0.0,2.0,5.0,10.0,38.0,2.0,Did not vote,0,-0.7238256520170899,-3.501673888535267,0.6688668369168803,0.25952744239745473,-1.430634355395426,-0.8127248412252531
2.0,0.0,2.5,1.0,2.0,5.0,13.0,74.0,1.0,Voted,1,-0.024016387079963866,-2.879028949333866,0.6688668369168803,0.25952744239745473,-0.5288235105813693,1.2029195714049614
4.0,4.0,2.75,7.0,2.0,5.0,15.0,68.0,1.0,Voted,1,0.3258882453885992,0.8568406858745377,0.6688668369168803,0.25952744239745473,0.0723837192946684,0.8669788359665922
4.0,4.0,2.6666666666666665,4.666666666666667,2.0,5.0,13.0,54.0,2.0,Voted,1,0.20925336789907795,-0.595997505595397,0.6688668369168803,0.25952744239745473,-0.5288235105813693,0.08311711994373105
4.0,3.0,2.5,4.333333333333333,2.0,5.0,11.0,73.0,2.0,Voted,1,-0.024016387079963866,-0.8035458186625309,0.6688668369168803,0.25952744239745473,-1.130030740457407,1.1469294488318997
5.0,5.0,1.75,6.0,3.0,5.0,15.0,40.0,2.0,Voted,1,-1.0737302844856529,0.23419574667313706,2.206217785019821,0.25952744239745473,0.0723837192946684,-0.7007445960791301
5.0,3.0,1.75,5.0,2.0,5.0,10.0,31.0,2.0,Voted,1,-1.0737302844856529,-0.3884491925282636,0.6688668369168803,0.25952744239745473,-1.430634355395426,-1.2046556992366837
7.0,3.0,2.25,7.666666666666667,2.0,6.0,13.0,71.0,2.0,Voted,1,-0.37392101954852686,1.271937312008805,0.6688668369168803,0.8245745321741912,-0.5288235105813693,1.0349492036857768
5.0,7.0,4.0,7.333333333333333,1.0,2.0,19.0,27.0,1.0,Voted,1,2.0754114077314143,1.064388998941671,-0.8684841111860602,-1.4356138269327547,1.274798179046744,-1.4286161895289298
8.0,2.0,2.0,3.0,1.0,7.0,17.0,28.0,1.0,Voted,1,-0.7238256520170899,-1.6337390709310649,-0.8684841111860602,1.3896216219509276,0.6735909491707062,-1.3726260669558683
6.0,3.0,1.5,7.333333333333333,2.0,3.0,12.0,48.0,2.0,Voted,1,-1.423634916954216,1.064388998941671,0.6688668369168803,-0.8705667371560182,-0.8294271255193882,-0.25282361549463805
7.0,5.0,2.25,6.0,1.0,5.0,12.0,37.0,2.0,Voted,1,-0.37392101954852686,0.23419574667313706,-0.8684841111860602,0.25952744239745473,-0.8294271255193882,-0.8687149637983147
3.0,3.0,2.25,5.333333333333333,2.0,4.0,24.0,47.0,2.0,Voted,1,-0.37392101954852686,-0.18090087946113026,0.6688668369168803,-0.3055196473792817,2.7778162537368383,-0.3088137380676995
10.0,5.0,3.0,5.0,2.0,5.0,12.0,57.0,1.0,Voted,1,0.6757928778571621,-0.3884491925282636,0.6688668369168803,0.25952744239745473,-0.8294271255193882,0.2510874876629156
3.0,2.0,1.0,4.333333333333333,1.0,5.0,13.0,74.0,2.0,Voted,1,-2.123444181891342,-0.8035458186625309,-0.8684841111860602,0.25952744239745473,-0.5288235105813693,1.2029195714049614
5.0,3.0,1.75,5.0,2.0,5.0,13.0,28.0,2.0,Did not vote,0,-1.0737302844856529,-0.3884491925282636,0.6688668369168803,0.25952744239745473,-0.5288235105813693,-1.3726260669558683
5.0,4.0,2.25,6.0,2.0,6.0,20.0,82.0,1.0,Voted,1,-0.37392101954852686,0.23419574667313706,0.6688668369168803,0.8245745321741912,1.5754017939847627,1.6508405519894533
5.0,5.0,2.75,0.0,2.0,5.0,11.0,85.0,2.0,Voted,1,0.3258882453885992,-3.501673888535267,0.6688668369168803,0.25952744239745473,-1.130030740457407,1.818810919708638
6.0,4.0,2.0,6.0,1.0,5.0,14.0,56.0,2.0,Voted,1,-0.7238256520170899,0.23419574667313706,-0.8684841111860602,0.25952744239745473,-0.22821989564335046,0.19509736508985406
2.0,1.0,2.0,5.0,2.0,3.0,11.0,74.0,1.0,Voted,1,-0.7238256520170899,-0.3884491925282636,0.6688668369168803,-0.8705667371560182,-1.130030740457407,1.2029195714049614
9.0,7.0,3.0,6.666666666666667,2.0,3.0,12.0,54.0,1.0,Voted,1,0.6757928778571621,0.6492923728074044,0.6688668369168803,-0.8705667371560182,-0.8294271255193882,0.08311711994373105
8.0,7.0,3.75,7.0,2.0,6.0,23.0,80.0,2.0,Voted,1,1.7255067752628512,0.8568406858745377,0.6688668369168803,0.8245745321741912,2.4772126387988194,1.5388603068433304
8.0,5.0,3.5,8.0,2.0,2.0,24.0,67.0,2.0,Voted,1,1.3756021427942882,1.4794856250759383,0.6688668369168803,-1.4356138269327547,2.7778162537368383,0.8109887133935307
7.0,6.0,2.0,6.333333333333333,2.0,5.0,12.0,35.0,2.0,Voted,1,-0.7238256520170899,0.4417440597402704,0.6688668369168803,0.25952744239745473,-0.8294271255193882,-0.9806952089444377
8.0,6.0,3.5,5.333333333333333,2.0,3.0,15.0,56.0,1.0,Voted,1,1.3756021427942882,-0.18090087946113026,0.6688668369168803,-0.8705667371560182,0.0723837192946684,0.19509736508985406
6.0,2.0,2.0,4.0,2.0,2.0,12.0,21.0,2.0,Did not vote,0,-0.7238256520170899,-1.0110941317296642,0.6688668369168803,-1.4356138269327547,-0.8294271255193882,-1.764556924967299
8.0,6.0,3.0,5.0,2.0,3.0,16.0,25.0,1.0,Voted,1,0.6757928778571621,-0.3884491925282636,0.6688668369168803,-0.8705667371560182,0.37298733423268726,-1.540596434675053
9.0,7.0,3.75,6.666666666666667,1.0,3.0,19.0,55.0,2.0,Voted,1,1.7255067752628512,0.6492923728074044,-0.8684841111860602,-0.8705667371560182,1.274798179046744,0.13910724251679257
7.0,6.0,3.25,7.666666666666667,2.0,5.0,12.0,71.0,2.0,Voted,1,1.025697510325725,1.271937312008805,0.6688668369168803,0.25952744239745473,-0.8294271255193882,1.0349492036857768
4.0,1.0,2.0,4.333333333333333,2.0,5.0,14.0,32.0,1.0,Voted,1,-0.7238256520170899,-0.8035458186625309,0.6688668369168803,0.25952744239745473,-0.22821989564335046,-1.1486655766636222
5.0,5.0,3.0,7.0,2.0,5.0,13.0,68.0,1.0,Voted,1,0.6757928778571621,0.8568406858745377,0.6688668369168803,0.25952744239745473,-0.5288235105813693,0.8669788359665922
9.0,6.0,3.25,6.0,1.0,6.0,18.0,56.0,1.0,Voted,1,1.025697510325725,0.23419574667313706,-0.8684841111860602,0.8245745321741912,0.974194564108725,0.19509736508985406
8.0,5.0,3.75,6.333333333333333,2.0,5.0,15.0,64.0,2.0,Voted,1,1.7255067752628512,0.4417440597402704,0.6688668369168803,0.25952744239745473,0.0723837192946684,0.6430183456743461
7.0,1.0,2.25,5.666666666666667,1.0,3.0,16.0,62.0,2.0,Voted,1,-0.37392101954852686,0.026647433606003672,-0.8684841111860602,-0.8705667371560182,0.37298733423268726,0.5310381005282232
8.0,4.0,1.25,4.666666666666667,1.0,2.0,13.0,42.0,2.0,Voted,1,-1.773539549422779,-0.595997505595397,-0.8684841111860602,-1.4356138269327547,-0.5288235105813693,-0.5887643509330072
4.0,4.0,2.5,5.333333333333333,1.0,2.0,17.0,62.0,2.0,Voted,1,-0.024016387079963866,-0.18090087946113026,-0.8684841111860602,-1.4356138269327547,0.6735909491707062,0.5310381005282232
2.0,3.0,3.0,8.333333333333334,2.0,3.0,19.0,35.0,2.0,Voted,1,0.6757928778571621,1.6870339381430723,0.6688668369168803,-0.8705667371560182,1.274798179046744,-0.9806952089444377
7.0,2.0,1.5,5.333333333333333,1.0,3.0,17.0,58.0,1.0,Voted,1,-1.423634916954216,-0.18090087946113026,-0.8684841111860602,-0.8705667371560182,0.6735909491707062,0.3070776102359771
7.0,2.0,3.25,5.0,2.0,6.0,18.0,52.0,1.0,Voted,1,1.025697510325725,-0.3884491925282636,0.6688668369168803,0.8245745321741912,0.974194564108725,-0.028863125202391978
8.0,8.0,1.25,8.666666666666666,2.0,7.0,12.0,67.0,2.0,Voted,1,-1.773539549422779,1.894582251210205,0.6688668369168803,1.3896216219509276,-0.8294271255193882,0.8109887133935307
7.0,3.0,2.5,4.0,2.0,6.0,12.0,25.0,1.0,Voted,1,-0.024016387079963866,-1.0110941317296642,0.6688668369168803,0.8245745321741912,-0.8294271255193882,-1.540596434675053
4.0,0.0,1.25,5.0,2.0,5.0,8.0,79.0,1.0,Voted,1,-1.773539549422779,-0.3884491925282636,0.6688668369168803,0.25952744239745473,-2.0318415852714637,1.482870184270269
5.0,0.0,1.75,5.0,2.0,10.0,11.0,74.0,1.0,Did not vote,0,-1.0737302844856529,-0.3884491925282636,0.6688668369168803,3.084762891281137,-1.130030740457407,1.2029195714049614
7.0,7.0,3.5,7.0,1.0,3.0,21.0,46.0,1.0,Voted,1,1.3756021427942882,0.8568406858745377,-0.8684841111860602,-0.8705667371560182,1.8760054089227816,-0.36480386064076104
9.0,3.0,2.25,9.0,1.0,5.0,12.0,84.0,1.0,Voted,1,-0.37392101954852686,2.102130564277339,-0.8684841111860602,0.25952744239745473,-0.8294271255193882,1.7628207971355765
7.0,4.0,2.75,5.0,1.0,7.0,15.0,81.0,2.0,Voted,1,0.3258882453885992,-0.3884491925282636,-0.8684841111860602,1.3896216219509276,0.0723837192946684,1.5948504294163919
0.0,0.0,1.75,3.3333333333333335,4.0,8.0,12.0,40.0,1.0,Voted,1,-1.0737302844856529,-1.4261907578639312,3.743568733122761,1.9546687117276642,-0.8294271255193882,-0.7007445960791301
8.0,6.0,3.75,6.333333333333333,1.0,1.0,16.0,68.0,1.0,Voted,1,1.7255067752628512,0.4417440597402704,-0.8684841111860602,-2.0006609167094913,0.37298733423268726,0.8669788359665922
9.0,6.0,2.0,7.333333333333333,2.0,5.0,13.0,68.0,2.0,Voted,1,-0.7238256520170899,1.064388998941671,0.6688668369168803,0.25952744239745473,-0.5288235105813693,0.8669788359665922
8.0,7.0,4.0,7.333333333333333,1.0,5.0,18.0,54.0,1.0,Voted,1,2.0754114077314143,1.064388998941671,-0.8684841111860602,0.25952744239745473,0.974194564108725,0.08311711994373105
7.0,3.0,2.75,5.666666666666667,1.0,2.0,13.0,63.0,1.0,Voted,1,0.3258882453885992,0.026647433606003672,-0.8684841111860602,-1.4356138269327547,-0.5288235105813693,0.5870282231012847
6.0,4.0,2.25,3.6666666666666665,2.0,5.0,16.0,29.0,1.0,Did not vote,0,-0.37392101954852686,-1.2186424447967978,0.6688668369168803,0.25952744239745473,0.37298733423268726,-1.3166359443828068
8.0,5.0,2.0,6.333333333333333,2.0,5.0,12.0,55.0,2.0,Did not vote,0,-0.7238256520170899,0.4417440597402704,0.6688668369168803,0.25952744239745473,-0.8294271255193882,0.13910724251679257
8.0,5.0,2.25,6.0,2.0,5.0,10.0,58.0,1.0,Did not vote,0,-0.37392101954852686,0.23419574667313706,0.6688668369168803,0.25952744239745473,-1.430634355395426,0.3070776102359771
8.0,6.0,3.0,8.0,1.0,2.0,20.0,53.0,2.0,Voted,1,0.6757928778571621,1.4794856250759383,-0.8684841111860602,-1.4356138269327547,1.5754017939847627,0.027126997370669537
5.0,2.0,3.0,5.0,1.0,3.0,18.0,36.0,1.0,Voted,1,0.6757928778571621,-0.3884491925282636,-0.8684841111860602,-0.8705667371560182,0.974194564108725,-0.9247050863713762
8.0,5.0,2.25,5.666666666666667,1.0,5.0,13.0,74.0,2.0,Voted,1,-0.37392101954852686,0.026647433606003672,-0.8684841111860602,0.25952744239745473,-0.5288235105813693,1.2029195714049614
4.0,2.0,1.5,5.666666666666667,2.0,5.0,13.0,62.0,2.0,Voted,1,-1.423634916954216,0.026647433606003672,0.6688668369168803,0.25952744239745473,-0.5288235105813693,0.5310381005282232
0.0,3.0,3.25,7.333333333333333,3.0,10.0,18.0,45.0,1.0,Voted,1,1.025697510325725,1.064388998941671,2.206217785019821,3.084762891281137,0.974194564108725,-0.42079398321382255
9.0,5.0,3.5,6.0,2.0,5.0,17.0,55.0,1.0,Voted,1,1.3756021427942882,0.23419574667313706,0.6688668369168803,0.25952744239745473,0.6735909491707062,0.13910724251679257
3.0,1.0,3.0,4.0,2.0,3.0,14.0,26.0,1.0,Voted,1,0.6757928778571621,-1.0110941317296642,0.6688668369168803,-0.8705667371560182,-0.22821989564335046,-1.4846063121019912
8.0,4.0,4.0,7.333333333333333,1.0,2.0,17.0,66.0,1.0,Voted,1,2.0754114077314143,1.064388998941671,-0.8684841111860602,-1.4356138269327547,0.6735909491707062,0.7549985908204692
9.0,6.0,2.75,7.0,1.0,4.0,18.0,41.0,2.0,Voted,1,0.3258882453885992,0.8568406858745377,-0.8684841111860602,-0.3055196473792817,0.974194564108725,-0.6447544735060686
8.0,6.0,3.0,6.666666666666667,1.0,1.0,15.0,48.0,2.0,Voted,1,0.6757928778571621,0.6492923728074044,-0.8684841111860602,-2.0006609167094913,0.0723837192946684,-0.25282361549463805
8.0,0.0,1.0,4.666666666666667,1.0,5.0,14.0,42.0,2.0,Did not vote,0,-2.123444181891342,-0.595997505595397,-0.8684841111860602,0.25952744239745473,-0.22821989564335046,-0.5887643509330072
2.0,1.0,2.25,6.333333333333333,2.0,5.0,16.0,70.0,1.0,Voted,1,-0.37392101954852686,0.4417440597402704,0.6688668369168803,0.25952744239745473,0.37298733423268726,0.9789590811127152
7.0,4.0,1.75,5.0,1.0,5.0,14.0,84.0,2.0,Voted,1,-1.0737302844856529,-0.3884491925282636,-0.8684841111860602,0.25952744239745473,-0.22821989564335046,1.7628207971355765
7.0,4.0,2.6666666666666665,7.0,1.0,5.0,15.0,49.0,1.0,Voted,1,0.20925336789907795,0.8568406858745377,-0.8684841111860602,0.25952744239745473,0.0723837192946684,-0.1968334929215765
7.0,6.0,3.5,6.333333333333333,1.0,4.0,15.0,70.0,1.0,Voted,1,1.3756021427942882,0.4417440597402704,-0.8684841111860602,-0.3055196473792817,0.0723837192946684,0.9789590811127152
1.0,1.0,3.25,5.666666666666667,2.0,6.0,16.0,63.0,1.0,Voted,1,1.025697510325725,0.026647433606003672,0.6688668369168803,0.8245745321741912,0.37298733423268726,0.5870282231012847
5.0,4.0,1.75,7.333333333333333,1.0,5.0,8.0,81.0,2.0,Voted,1,-1.0737302844856529,1.064388998941671,-0.8684841111860602,0.25952744239745473,-2.0318415852714637,1.5948504294163919
7.0,6.0,3.5,6.666666666666667,1.0,4.0,20.0,41.0,2.0,Voted,1,1.3756021427942882,0.6492923728074044,-0.8684841111860602,-0.3055196473792817,1.5754017939847627,-0.6447544735060686
9.0,4.0,3.0,6.333333333333333,1.0,5.0,16.0,69.0,1.0,Voted,1,0.6757928778571621,0.4417440597402704,-0.8684841111860602,0.25952744239745473,0.37298733423268726,0.9229689585396538
4.0,1.0,1.75,5.0,1.0,1.0,11.0,81.0,2.0,Voted,1,-1.0737302844856529,-0.3884491925282636,-0.8684841111860602,-2.0006609167094913,-1.130030740457407,1.5948504294163919
6.0,6.0,2.25,5.666666666666667,2.0,7.0,14.0,29.0,2.0,Voted,1,-0.37392101954852686,0.026647433606003672,0.6688668369168803,1.3896216219509276,-0.22821989564335046,-1.3166359443828068
7.0,5.0,3.0,7.0,2.0,4.0,13.0,45.0,2.0,Voted,1,0.6757928778571621,0.8568406858745377,0.6688668369168803,-0.3055196473792817,-0.5288235105813693,-0.42079398321382255
5.0,2.0,2.0,4.666666666666667,2.0,7.0,14.0,64.0,2.0,Voted,1,-0.7238256520170899,-0.595997505595397,0.6688668369168803,1.3896216219509276,-0.22821989564335046,0.6430183456743461
7.0,3.0,2.5,5.333333333333333,2.0,5.0,19.0,32.0,1.0,Voted,1,-0.024016387079963866,-0.18090087946113026,0.6688668369168803,0.25952744239745473,1.274798179046744,-1.1486655766636222
0.0,1.0,2.25,2.6666666666666665,2.0,5.0,13.0,52.0,2.0,Voted,1,-0.37392101954852686,-1.8412873839981987,0.6688668369168803,0.25952744239745473,-0.5288235105813693,-0.028863125202391978
2.0,1.0,2.75,6.0,1.0,8.0,19.0,59.0,2.0,Voted,1,0.3258882453885992,0.23419574667313706,-0.8684841111860602,1.9546687117276642,1.274798179046744,0.3630677328090386
6.0,3.0,1.5,6.666666666666667,2.0,0.0,13.0,55.0,2.0,Did not vote,0,-1.423634916954216,0.6492923728074044,0.6688668369168803,-2.5657080064862274,-0.5288235105813693,0.13910724251679257
3.0,2.0,2.0,3.3333333333333335,2.0,5.0,13.0,73.0,2.0,Voted,1,-0.7238256520170899,-1.4261907578639312,0.6688668369168803,0.25952744239745473,-0.5288235105813693,1.1469294488318997
7.0,6.0,3.5,7.333333333333333,1.0,2.0,15.0,23.0,2.0,Voted,1,1.3756021427942882,1.064388998941671,-0.8684841111860602,-1.4356138269327547,0.0723837192946684,-1.6525766798211758
8.0,3.0,2.75,8.0,2.0,7.0,10.0,81.0,2.0,Voted,1,0.3258882453885992,1.4794856250759383,0.6688668369168803,1.3896216219509276,-1.430634355395426,1.5948504294163919
8.0,4.0,2.25,5.333333333333333,1.0,5.0,13.0,61.0,2.0,Voted,1,-0.37392101954852686,-0.18090087946113026,-0.8684841111860602,0.25952744239745473,-0.5288235105813693,0.4750479779551616
4.0,6.0,3.5,6.0,2.0,0.0,13.0,57.0,1.0,Voted,1,1.3756021427942882,0.23419574667313706,0.6688668369168803,-2.5657080064862274,-0.5288235105813693,0.2510874876629156
0.0,2.0,2.25,3.6666666666666665,1.0,6.0,15.0,54.0,1.0,Voted,1,-0.37392101954852686,-1.2186424447967978,-0.8684841111860602,0.8245745321741912,0.0723837192946684,0.08311711994373105
5.0,5.0,3.0,5.666666666666667,1.0,5.0,10.0,85.0,2.0,Voted,1,0.6757928778571621,0.026647433606003672,-0.8684841111860602,0.25952744239745473,-1.430634355395426,1.818810919708638
4.0,5.0,2.5,5.666666666666667,2.0,4.0,14.0,88.0,1.0,Voted,1,-0.024016387079963866,0.026647433606003672,0.6688668369168803,-0.3055196473792817,-0.22821989564335046,1.9867812874278226
6.0,6.0,3.0,7.0,1.0,5.0,18.0,50.0,2.0,Voted,1,0.6757928778571621,0.8568406858745377,-0.8684841111860602,0.25952744239745473,0.974194564108725,-0.14084337034851502
8.0,3.0,2.0,7.666666666666667,3.0,2.0,13.0,37.0,2.0,Voted,1,-0.7238256520170899,1.271937312008805,2.206217785019821,-1.4356138269327547,-0.5288235105813693,-0.8687149637983147
7.0,5.0,3.25,5.333333333333333,2.0,6.0,17.0,40.0,1.0,Voted,1,1.025697510325725,-0.18090087946113026,0.6688668369168803,0.8245745321741912,0.6735909491707062,-0.7007445960791301
7.0,6.0,3.5,5.0,1.0,6.0,15.0,24.0,2.0,Voted,1,1.3756021427942882,-0.3884491925282636,-0.8684841111860602,0.8245745321741912,0.0723837192946684,-1.5965865572481144
6.0,2.0,2.25,6.333333333333333,1.0,5.0,14.0,21.0,1.0,Voted,1,-0.37392101954852686,0.4417440597402704,-0.8684841111860602,0.25952744239745473,-0.22821989564335046,-1.764556924967299
3.0,4.0,1.75,6.333333333333333,1.0,4.0,13.0,45.0,2.0,Voted,1,-1.0737302844856529,0.4417440597402704,-0.8684841111860602,-0.3055196473792817,-0.5288235105813693,-0.42079398321382255
5.0,4.0,2.5,5.666666666666667,1.0,5.0,15.0,80.0,1.0,Voted,1,-0.024016387079963866,0.026647433606003672,-0.8684841111860602,0.25952744239745473,0.0723837192946684,1.5388603068433304
6.0,7.0,2.25,4.666666666666667,2.0,7.0,13.0,60.0,2.0,Voted,1,-0.37392101954852686,-0.595997505595397,0.6688668369168803,1.3896216219509276,-0.5288235105813693,0.4190578553821001
4.0,6.0,1.75,5.666666666666667,1.0,5.0,16.0,26.0,1.0,Did not vote,0,-1.0737302844856529,0.026647433606003672,-0.8684841111860602,0.25952744239745473,0.37298733423268726,-1.4846063121019912
8.0,5.0,2.5,6.333333333333333,1.0,6.0,18.0,73.0,1.0,Voted,1,-0.024016387079963866,0.4417440597402704,-0.8684841111860602,0.8245745321741912,0.974194564108725,1.1469294488318997
8.0,7.0,3.5,5.666666666666667,1.0,5.0,19.0,35.0,1.0,Voted,1,1.3756021427942882,0.026647433606003672,-0.8684841111860602,0.25952744239745473,1.274798179046744,-0.9806952089444377
8.0,6.0,2.5,4.666666666666667,2.0,5.0,18.0,59.0,1.0,Voted,1,-0.024016387079963866,-0.595997505595397,0.6688668369168803,0.25952744239745473,0.974194564108725,0.3630677328090386
5.0,7.0,2.25,3.6666666666666665,2.0,3.0,15.0,21.0,1.0,Voted,1,-0.37392101954852686,-1.2186424447967978,0.6688668369168803,-0.8705667371560182,0.0723837192946684,-1.764556924967299
2.0,0.0,4.0,7.0,2.0,1.0,17.0,64.0,2.0,Voted,1,2.0754114077314143,0.8568406858745377,0.6688668369168803,-2.0006609167094913,0.6735909491707062,0.6430183456743461
5.0,5.0,2.0,7.333333333333333,2.0,6.0,12.0,76.0,2.0,Voted,1,-0.7238256520170899,1.064388998941671,0.6688668369168803,0.8245745321741912,-0.8294271255193882,1.3148998165510843
5.0,3.0,3.0,4.666666666666667,1.0,7.0,13.0,58.0,1.0,Voted,1,0.6757928778571621,-0.595997505595397,-0.8684841111860602,1.3896216219509276,-0.5288235105813693,0.3070776102359771
9.0,2.0,1.0,4.666666666666667,1.0,5.0,9.0,38.0,2.0,Voted,1,-2.123444181891342,-0.595997505595397,-0.8684841111860602,0.25952744239745473,-1.7312379703334448,-0.8127248412252531
3.0,5.0,1.25,4.333333333333333,2.0,6.0,9.0,35.0,1.0,Did not vote,0,-1.773539549422779,-0.8035458186625309,0.6688668369168803,0.8245745321741912,-1.7312379703334448,-0.9806952089444377
8.0,0.0,3.0,4.333333333333333,4.0,5.0,17.0,64.0,2.0,Did not vote,0,0.6757928778571621,-0.8035458186625309,3.743568733122761,0.25952744239745473,0.6735909491707062,0.6430183456743461
3.0,5.0,2.25,6.0,1.0,6.0,16.0,30.0,2.0,Voted,1,-0.37392101954852686,0.23419574667313706,-0.8684841111860602,0.8245745321741912,0.37298733423268726,-1.2606458218097452
5.0,6.0,2.75,4.666666666666667,4.0,2.0,10.0,19.0,2.0,Did not vote,0,0.3258882453885992,-0.595997505595397,3.743568733122761,-1.4356138269327547,-1.430634355395426,-1.876537170113422
2.0,2.0,2.0,2.0,2.0,5.0,11.0,77.0,2.0,Voted,1,-0.7238256520170899,-2.2563840101324657,0.6688668369168803,0.25952744239745473,-1.130030740457407,1.3708899391241458
7.0,4.0,3.0,5.0,2.0,5.0,13.0,57.0,2.0,Voted,1,0.6757928778571621,-0.3884491925282636,0.6688668369168803,0.25952744239745473,-0.5288235105813693,0.2510874876629156
5.0,3.0,1.75,1.6666666666666667,2.0,3.0,13.0,38.0,2.0,Did not vote,0,-1.0737302844856529,-2.463932323199599,0.6688668369168803,-0.8705667371560182,-0.5288235105813693,-0.8127248412252531
5.0,5.0,2.75,4.666666666666667,1.0,1.0,12.0,34.0,2.0,Voted,1,0.3258882453885992,-0.595997505595397,-0.8684841111860602,-2.0006609167094913,-0.8294271255193882,-1.0366853315174993
3.0,2.0,1.75,4.666666666666667,2.0,3.0,8.0,72.0,2.0,Voted,1,-1.0737302844856529,-0.595997505595397,0.6688668369168803,-0.8705667371560182,-2.0318415852714637,1.0909393262588383
6.0,2.0,1.5,6.0,2.0,3.0,13.0,66.0,2.0,Voted,1,-1.423634916954216,0.23419574667313706,0.6688668369168803,-0.8705667371560182,-0.5288235105813693,0.7549985908204692
5.0,3.0,2.5,5.666666666666667,3.0,7.0,10.0,72.0,1.0,Voted,1,-0.024016387079963866,0.026647433606003672,2.206217785019821,1.3896216219509276,-1.430634355395426,1.0909393262588383
9.0,7.0,2.25,9.0,1.0,5.0,17.0,66.0,2.0,Voted,1,-0.37392101954852686,2.102130564277339,-0.8684841111860602,0.25952744239745473,0.6735909491707062,0.7549985908204692
6.0,5.0,4.0,6.0,2.0,5.0,18.0,44.0,2.0,Voted,1,2.0754114077314143,0.23419574667313706,0.6688668369168803,0.25952744239745473,0.974194564108725,-0.47678410578688407
8.0,5.0,4.0,7.0,2.0,3.0,19.0,59.0,1.0,Voted,1,2.0754114077314143,0.8568406858745377,0.6688668369168803,-0.8705667371560182,1.274798179046744,0.3630677328090386
6.0,4.0,2.25,2.0,2.0,3.0,13.0,52.0,2.0,Voted,1,-0.37392101954852686,-2.2563840101324657,0.6688668369168803,-0.8705667371560182,-0.5288235105813693,-0.028863125202391978
7.0,3.0,2.5,5.333333333333333,1.0,5.0,17.0,31.0,2.0,Voted,1,-0.024016387079963866,-0.18090087946113026,-0.8684841111860602,0.25952744239745473,0.6735909491707062,-1.2046556992366837
8.0,9.0,2.75,6.0,1.0,4.0,16.0,57.0,1.0,Voted,1,0.3258882453885992,0.23419574667313706,-0.8684841111860602,-0.3055196473792817,0.37298733423268726,0.2510874876629156
7.0,5.0,3.75,6.666666666666667,1.0,3.0,16.0,45.0,1.0,Voted,1,1.7255067752628512,0.6492923728074044,-0.8684841111860602,-0.8705667371560182,0.37298733423268726,-0.42079398321382255
0.0,0.0,1.25,4.333333333333333,2.0,6.0,14.0,46.0,2.0,Did not vote,0,-1.773539549422779,-0.8035458186625309,0.6688668369168803,0.8245745321741912,-0.22821989564335046,-0.36480386064076104
5.0,4.0,1.25,6.0,2.0,5.0,12.0,63.0,2.0,Voted,1,-1.773539549422779,0.23419574667313706,0.6688668369168803,0.25952744239745473,-0.8294271255193882,0.5870282231012847
9.0,6.0,3.5,5.333333333333333,1.0,3.0,18.0,42.0,1.0,Voted,1,1.3756021427942882,-0.18090087946113026,-0.8684841111860602,-0.8705667371560182,0.974194564108725,-0.5887643509330072
3.0,3.0,1.0,6.0,2.0,1.0,14.0,45.0,2.0,Voted,1,-2.123444181891342,0.23419574667313706,0.6688668369168803,-2.0006609167094913,-0.22821989564335046,-0.42079398321382255
10.0,7.0,3.75,6.666666666666667,1.0,3.0,18.0,65.0,1.0,Voted,1,1.7255067752628512,0.6492923728074044,-0.8684841111860602,-0.8705667371560182,0.974194564108725,0.6990084682474077
5.0,5.0,2.5,6.666666666666667,2.0,4.0,15.0,32.0,2.0,Voted,1,-0.024016387079963866,0.6492923728074044,0.6688668369168803,-0.3055196473792817,0.0723837192946684,-1.1486655766636222
9.0,0.0,2.75,5.666666666666667,1.0,3.0,20.0,55.0,1.0,Voted,1,0.3258882453885992,0.026647433606003672,-0.8684841111860602,-0.8705667371560182,1.5754017939847627,0.13910724251679257
4.0,3.0,2.75,4.333333333333333,2.0,6.0,9.0,83.0,2.0,Voted,1,0.3258882453885992,-0.8035458186625309,0.6688668369168803,0.8245745321741912,-1.7312379703334448,1.706830674562515
1.0,1.0,2.0,5.0,2.0,7.0,13.0,45.0,1.0,Did not vote,0,-0.7238256520170899,-0.3884491925282636,0.6688668369168803,1.3896216219509276,-0.5288235105813693,-0.42079398321382255
1.0,0.0,1.6666666666666667,4.333333333333333,3.0,5.0,12.0,59.0,1.0,Did not vote,0,-1.1903651619751738,-0.8035458186625309,2.206217785019821,0.25952744239745473,-0.8294271255193882,0.3630677328090386
4.0,2.0,3.0,6.0,1.0,6.0,12.0,71.0,1.0,Voted,1,0.6757928778571621,0.23419574667313706,-0.8684841111860602,0.8245745321741912,-0.8294271255193882,1.0349492036857768
0.0,1.0,2.0,2.3333333333333335,2.0,5.0,13.0,54.0,1.0,Did not vote,0,-0.7238256520170899,-2.048835697065332,0.6688668369168803,0.25952744239745473,-0.5288235105813693,0.08311711994373105
0.0,0.0,1.5,6.666666666666667,2.0,3.0,12.0,66.0,2.0,Voted,1,-1.423634916954216,0.6492923728074044,0.6688668369168803,-0.8705667371560182,-0.8294271255193882,0.7549985908204692
7.0,5.0,3.25,8.0,1.0,3.0,23.0,58.0,1.0,Voted,1,1.025697510325725,1.4794856250759383,-0.8684841111860602,-0.8705667371560182,2.4772126387988194,0.3070776102359771
6.0,2.0,2.5,1.6666666666666667,1.0,5.0,19.0,54.0,1.0,Voted,1,-0.024016387079963866,-2.463932323199599,-0.8684841111860602,0.25952744239745473,1.274798179046744,0.08311711994373105
5.0,3.0,2.5,5.333333333333333,2.0,4.0,15.0,58.0,1.0,Voted,1,-0.024016387079963866,-0.18090087946113026,0.6688668369168803,-0.3055196473792817,0.0723837192946684,0.3070776102359771
7.0,4.0,1.75,2.6666666666666665,2.0,7.0,12.0,71.0,1.0,Voted,1,-1.0737302844856529,-1.8412873839981987,0.6688668369168803,1.3896216219509276,-0.8294271255193882,1.0349492036857768
1.0,0.0,2.25,3.6666666666666665,2.0,0.0,17.0,57.0,2.0,Voted,1,-0.37392101954852686,-1.2186424447967978,0.6688668369168803,-2.5657080064862274,0.6735909491707062,0.2510874876629156
2.0,1.0,3.25,3.3333333333333335,2.0,6.0,21.0,43.0,1.0,Voted,1,1.025697510325725,-1.4261907578639312,0.6688668369168803,0.8245745321741912,1.8760054089227816,-0.5327742283599456
3.0,3.0,2.75,6.0,1.0,6.0,18.0,44.0,1.0,Voted,1,0.3258882453885992,0.23419574667313706,-0.8684841111860602,0.8245745321741912,0.974194564108725,-0.47678410578688407
4.0,4.0,2.5,5.333333333333333,2.0,4.0,16.0,33.0,1.0,Did not vote,0,-0.024016387079963866,-0.18090087946113026,0.6688668369168803,-0.3055196473792817,0.37298733423268726,-1.0926754540905608
10.0,5.0,4.5,8.666666666666666,1.0,3.0,13.0,68.0,2.0,Voted,1,2.7752206726685404,1.894582251210205,-0.8684841111860602,-0.8705667371560182,-0.5288235105813693,0.8669788359665922
10.0,6.0,3.0,7.666666666666667,1.0,0.0,10.0,79.0,2.0,Voted,1,0.6757928778571621,1.271937312008805,-0.8684841111860602,-2.5657080064862274,-1.430634355395426,1.482870184270269
0.0,0.0,1.6666666666666667,3.0,2.0,5.0,12.0,69.0,2.0,Did not vote,0,-1.1903651619751738,-1.6337390709310649,0.6688668369168803,0.25952744239745473,-0.8294271255193882,0.9229689585396538
10.0,5.0,1.6666666666666667,6.666666666666667,1.0,5.0,14.0,66.0,2.0,Voted,1,-1.1903651619751738,0.6492923728074044,-0.8684841111860602,0.25952744239745473,-0.22821989564335046,0.7549985908204692
0.0,0.0,1.75,5.0,2.0,5.0,14.0,42.0,1.0,Voted,1,-1.0737302844856529,-0.3884491925282636,0.6688668369168803,0.25952744239745473,-0.22821989564335046,-0.5887643509330072
2.0,0.0,1.5,2.6666666666666665,2.0,7.0,15.0,57.0,1.0,Voted,1,-1.423634916954216,-1.8412873839981987,0.6688668369168803,1.3896216219509276,0.0723837192946684,0.2510874876629156
5.0,5.0,2.75,7.666666666666667,1.0,6.0,19.0,42.0,1.0,Voted,1,0.3258882453885992,1.271937312008805,-0.8684841111860602,0.8245745321741912,1.274798179046744,-0.5887643509330072
6.0,5.0,2.5,5.0,2.0,3.0,16.0,46.0,2.0,Voted,1,-0.024016387079963866,-0.3884491925282636,0.6688668369168803,-0.8705667371560182,0.37298733423268726,-0.36480386064076104
8.0,6.0,3.25,6.666666666666667,1.0,3.0,17.0,28.0,1.0,Voted,1,1.025697510325725,0.6492923728074044,-0.8684841111860602,-0.8705667371560182,0.6735909491707062,-1.3726260669558683
4.0,3.0,2.5,3.0,2.0,3.0,9.0,73.0,1.0,Voted,1,-0.024016387079963866,-1.6337390709310649,0.6688668369168803,-0.8705667371560182,-1.7312379703334448,1.1469294488318997
9.0,3.0,3.25,5.0,2.0,5.0,11.0,57.0,1.0,Voted,1,1.025697510325725,-0.3884491925282636,0.6688668369168803,0.25952744239745473,-1.130030740457407,0.2510874876629156
7.0,7.0,3.0,7.666666666666667,1.0,3.0,18.0,39.0,2.0,Voted,1,0.6757928778571621,1.271937312008805,-0.8684841111860602,-0.8705667371560182,0.974194564108725,-0.7567347186521917
5.0,0.0,2.0,5.0,2.0,4.0,13.0,59.0,2.0,Did not vote,0,-0.7238256520170899,-0.3884491925282636,0.6688668369168803,-0.3055196473792817,-0.5288235105813693,0.3630677328090386
8.0,5.0,2.25,6.666666666666667,1.0,4.0,17.0,32.0,1.0,Voted,1,-0.37392101954852686,0.6492923728074044,-0.8684841111860602,-0.3055196473792817,0.6735909491707062,-1.1486655766636222
5.0,5.0,2.25,8.333333333333334,2.0,5.0,13.0,54.0,2.0,Did not vote,0,-0.37392101954852686,1.6870339381430723,0.6688668369168803,0.25952744239745473,-0.5288235105813693,0.08311711994373105
4.0,6.0,2.75,6.333333333333333,1.0,5.0,17.0,69.0,1.0,Voted,1,0.3258882453885992,0.4417440597402704,-0.8684841111860602,0.25952744239745473,0.6735909491707062,0.9229689585396538
5.0,5.0,2.5,6.0,2.0,4.0,12.0,60.0,2.0,Voted,1,-0.024016387079963866,0.23419574667313706,0.6688668369168803,-0.3055196473792817,-0.8294271255193882,0.4190578553821001
2.0,0.0,1.5,3.6666666666666665,1.0,5.0,19.0,76.0,1.0,Did not vote,0,-1.423634916954216,-1.2186424447967978,-0.8684841111860602,0.25952744239745473,1.274798179046744,1.3148998165510843
3.0,4.0,2.0,5.0,1.0,7.0,14.0,62.0,1.0,Voted,1,-0.7238256520170899,-0.3884491925282636,-0.8684841111860602,1.3896216219509276,-0.22821989564335046,0.5310381005282232
8.0,4.0,2.5,5.333333333333333,2.0,5.0,12.0,66.0,1.0,Voted,1,-0.024016387079963866,-0.18090087946113026,0.6688668369168803,0.25952744239745473,-0.8294271255193882,0.7549985908204692
9.0,6.0,2.5,7.333333333333333,2.0,3.0,13.0,36.0,2.0,Voted,1,-0.024016387079963866,1.064388998941671,0.6688668369168803,-0.8705667371560182,-0.5288235105813693,-0.9247050863713762
8.0,3.0,1.75,6.333333333333333,2.0,6.0,14.0,20.0,1.0,Did not vote,0,-1.0737302844856529,0.4417440597402704,0.6688668369168803,0.8245745321741912,-0.22821989564335046,-1.8205470475403605
4.0,3.0,1.75,7.0,1.0,5.0,14.0,44.0,1.0,Voted,1,-1.0737302844856529,0.8568406858745377,-0.8684841111860602,0.25952744239745473,-0.22821989564335046,-0.47678410578688407
7.0,2.0,2.0,5.333333333333333,2.0,6.0,14.0,24.0,1.0,Voted,1,-0.7238256520170899,-0.18090087946113026,0.6688668369168803,0.8245745321741912,-0.22821989564335046,-1.5965865572481144
3.0,2.0,2.0,4.666666666666667,2.0,4.0,15.0,53.0,1.0,Did not vote,0,-0.7238256520170899,-0.595997505595397,0.6688668369168803,-0.3055196473792817,0.0723837192946684,0.027126997370669537
7.0,6.0,2.5,6.0,1.0,3.0,21.0,29.0,1.0,Voted,1,-0.024016387079963866,0.23419574667313706,-0.8684841111860602,-0.8705667371560182,1.8760054089227816,-1.3166359443828068
4.0,3.0,2.75,5.666666666666667,2.0,5.0,11.0,87.0,2.0,Voted,1,0.3258882453885992,0.026647433606003672,0.6688668369168803,0.25952744239745473,-1.130030740457407,1.9307911648547609
7.0,3.0,2.0,5.333333333333333,1.0,2.0,13.0,60.0,1.0,Voted,1,-0.7238256520170899,-0.18090087946113026,-0.8684841111860602,-1.4356138269327547,-0.5288235105813693,0.4190578553821001
9.0,6.0,2.5,6.666666666666667,1.0,5.0,17.0,46.0,1.0,Voted,1,-0.024016387079963866,0.6492923728074044,-0.8684841111860602,0.25952744239745473,0.6735909491707062,-0.36480386064076104
7.0,6.0,2.75,6.666666666666667,1.0,5.0,13.0,55.0,2.0,Voted,1,0.3258882453885992,0.6492923728074044,-0.8684841111860602,0.25952744239745473,-0.5288235105813693,0.13910724251679257
5.0,4.0,2.5,4.666666666666667,1.0,3.0,12.0,39.0,1.0,Voted,1,-0.024016387079963866,-0.595997505595397,-0.8684841111860602,-0.8705667371560182,-0.8294271255193882,-0.7567347186521917
7.0,4.0,2.75,4.0,2.0,6.0,16.0,57.0,1.0,Voted,1,0.3258882453885992,-1.0110941317296642,0.6688668369168803,0.8245745321741912,0.37298733423268726,0.2510874876629156
4.0,4.0,2.5,4.333333333333333,2.0,5.0,19.0,57.0,1.0,Voted,1,-0.024016387079963866,-0.8035458186625309,0.6688668369168803,0.25952744239745473,1.274798179046744,0.2510874876629156
9.0,7.0,3.25,7.333333333333333,1.0,5.0,19.0,67.0,1.0,Voted,1,1.025697510325725,1.064388998941671,-0.8684841111860602,0.25952744239745473,1.274798179046744,0.8109887133935307
8.0,6.0,2.75,7.0,1.0,3.0,12.0,19.0,2.0,Voted,1,0.3258882453885992,0.8568406858745377,-0.8684841111860602,-0.8705667371560182,-0.8294271255193882,-1.876537170113422
10.0,6.0,3.0,9.333333333333334,1.0,3.0,20.0,75.0,1.0,Voted,1,0.6757928778571621,2.309678877344473,-0.8684841111860602,-0.8705667371560182,1.5754017939847627,1.2589096939780229
5.0,6.0,4.25,5.666666666666667,1.0,2.0,17.0,76.0,1.0,Voted,1,2.425316040199977,0.026647433606003672,-0.8684841111860602,-1.4356138269327547,0.6735909491707062,1.3148998165510843
4.0,1.0,2.25,5.333333333333333,2.0,3.0,9.0,65.0,1.0,Did not vote,0,-0.37392101954852686,-0.18090087946113026,0.6688668369168803,-0.8705667371560182,-1.7312379703334448,0.6990084682474077
8.0,4.0,2.0,5.333333333333333,1.0,4.0,16.0,25.0,1.0,Voted,1,-0.7238256520170899,-0.18090087946113026,-0.8684841111860602,-0.3055196473792817,0.37298733423268726,-1.540596434675053
7.0,7.0,2.75,8.0,1.0,6.0,15.0,90.0,2.0,Voted,1,0.3258882453885992,1.4794856250759383,-0.8684841111860602,0.8245745321741912,0.0723837192946684,2.0987615325739455
10.0,4.0,2.5,6.0,1.0,2.0,14.0,77.0,1.0,Voted,1,-0.024016387079963866,0.23419574667313706,-0.8684841111860602,-1.4356138269327547,-0.22821989564335046,1.3708899391241458
9.0,7.0,3.0,7.0,1.0,5.0,12.0,70.0,1.0,Voted,1,0.6757928778571621,0.8568406858745377,-0.8684841111860602,0.25952744239745473,-0.8294271255193882,0.9789590811127152
8.0,6.0,2.75,6.666666666666667,1.0,3.0,14.0,82.0,1.0,Voted,1,0.3258882453885992,0.6492923728074044,-0.8684841111860602,-0.8705667371560182,-0.22821989564335046,1.6508405519894533
1.0,1.0,1.5,3.0,2.0,5.0,16.0,63.0,1.0,Voted,1,-1.423634916954216,-1.6337390709310649,0.6688668369168803,0.25952744239745473,0.37298733423268726,0.5870282231012847
8.0,7.0,1.75,7.333333333333333,2.0,5.0,14.0,47.0,2.0,Voted,1,-1.0737302844856529,1.064388998941671,0.6688668369168803,0.25952744239745473,-0.22821989564335046,-0.3088137380676995
8.0,6.0,4.25,6.0,1.0,4.0,13.0,44.0,1.0,Voted,1,2.425316040199977,0.23419574667313706,-0.8684841111860602,-0.3055196473792817,-0.5288235105813693,-0.47678410578688407
6.0,4.0,2.0,6.0,1.0,4.0,18.0,52.0,1.0,Voted,1,-0.7238256520170899,0.23419574667313706,-0.8684841111860602,-0.3055196473792817,0.974194564108725,-0.028863125202391978
5.0,3.0,4.25,4.0,2.0,0.0,18.0,63.0,1.0,Voted,1,2.425316040199977,-1.0110941317296642,0.6688668369168803,-2.5657080064862274,0.974194564108725,0.5870282231012847
8.0,8.0,2.75,2.6666666666666665,2.0,6.0,11.0,74.0,1.0,Voted,1,0.3258882453885992,-1.8412873839981987,0.6688668369168803,0.8245745321741912,-1.130030740457407,1.2029195714049614
8.0,5.0,3.0,7.0,1.0,3.0,19.0,67.0,1.0,Did not vote,0,0.6757928778571621,0.8568406858745377,-0.8684841111860602,-0.8705667371560182,1.274798179046744,0.8109887133935307
3.0,3.0,1.5,5.666666666666667,1.0,5.0,7.0,78.0,2.0,Voted,1,-1.423634916954216,0.026647433606003672,-0.8684841111860602,0.25952744239745473,-2.3324452002094826,1.4268800616972073
8.0,5.0,2.0,4.333333333333333,2.0,5.0,13.0,53.0,2.0,Voted,1,-0.7238256520170899,-0.8035458186625309,0.6688668369168803,0.25952744239745473,-0.5288235105813693,0.027126997370669537
3.0,6.0,2.5,5.0,1.0,4.0,19.0,29.0,1.0,Voted,1,-0.024016387079963866,-0.3884491925282636,-0.8684841111860602,-0.3055196473792817,1.274798179046744,-1.3166359443828068
8.0,4.0,2.5,2.3333333333333335,1.0,3.0,10.0,68.0,2.0,Voted,1,-0.024016387079963866,-2.048835697065332,-0.8684841111860602,-0.8705667371560182,-1.430634355395426,0.8669788359665922
4.0,5.0,2.5,4.666666666666667,1.0,5.0,15.0,62.0,2.0,Did not vote,0,-0.024016387079963866,-0.595997505595397,-0.8684841111860602,0.25952744239745473,0.0723837192946684,0.5310381005282232
8.0,6.0,3.5,6.666666666666667,2.0,3.0,15.0,58.0,2.0,Voted,1,1.3756021427942882,0.6492923728074044,0.6688668369168803,-0.8705667371560182,0.0723837192946684,0.3070776102359771
6.0,6.0,3.5,7.0,1.0,2.0,18.0,55.0,2.0,Voted,1,1.3756021427942882,0.8568406858745377,-0.8684841111860602,-1.4356138269327547,0.974194564108725,0.13910724251679257
8.0,2.0,1.5,3.6666666666666665,1.0,5.0,12.0,79.0,1.0,Voted,1,-1.423634916954216,-1.2186424447967978,-0.8684841111860602,0.25952744239745473,-0.8294271255193882,1.482870184270269
7.0,5.0,3.25,4.333333333333333,2.0,5.0,13.0,84.0,2.0,Voted,1,1.025697510325725,-0.8035458186625309,0.6688668369168803,0.25952744239745473,-0.5288235105813693,1.7628207971355765
2.0,0.0,3.25,5.333333333333333,2.0,5.0,20.0,58.0,2.0,Voted,1,1.025697510325725,-0.18090087946113026,0.6688668369168803,0.25952744239745473,1.5754017939847627,0.3070776102359771
3.0,5.0,2.5,8.0,1.0,0.0,14.0,72.0,2.0,Voted,1,-0.024016387079963866,1.4794856250759383,-0.8684841111860602,-2.5657080064862274,-0.22821989564335046,1.0909393262588383
0.0,3.0,2.75,3.3333333333333335,3.0,7.0,10.0,30.0,1.0,Voted,1,0.3258882453885992,-1.4261907578639312,2.206217785019821,1.3896216219509276,-1.430634355395426,-1.2606458218097452
5.0,8.0,2.75,3.6666666666666665,1.0,1.0,10.0,86.0,2.0,Voted,1,0.3258882453885992,-1.2186424447967978,-0.8684841111860602,-2.0006609167094913,-1.430634355395426,1.8748010422816994
0.0,5.0,2.5,6.666666666666667,2.0,8.0,14.0,35.0,1.0,Did not vote,0,-0.024016387079963866,0.6492923728074044,0.6688668369168803,1.9546687117276642,-0.22821989564335046,-0.9806952089444377
9.0,6.0,2.5,6.0,1.0,2.0,19.0,34.0,1.0,Voted,1,-0.024016387079963866,0.23419574667313706,-0.8684841111860602,-1.4356138269327547,1.274798179046744,-1.0366853315174993
8.0,6.0,3.5,5.666666666666667,1.0,6.0,16.0,29.0,1.0,Voted,1,1.3756021427942882,0.026647433606003672,-0.8684841111860602,0.8245745321741912,0.37298733423268726,-1.3166359443828068
2.0,0.0,2.25,3.0,2.0,5.0,14.0,49.0,1.0,Voted,1,-0.37392101954852686,-1.6337390709310649,0.6688668369168803,0.25952744239745473,-0.22821989564335046,-0.1968334929215765
5.0,6.0,3.75,7.0,1.0,4.0,14.0,28.0,1.0,Voted,1,1.7255067752628512,0.8568406858745377,-0.8684841111860602,-0.3055196473792817,-0.22821989564335046,-1.3726260669558683
7.0,5.0,2.0,5.0,2.0,5.0,14.0,45.0,2.0,Voted,1,-0.7238256520170899,-0.3884491925282636,0.6688668369168803,0.25952744239745473,-0.22821989564335046,-0.42079398321382255
5.0,5.0,2.5,6.666666666666667,1.0,0.0,22.0,69.0,1.0,Voted,1,-0.024016387079963866,0.6492923728074044,-0.8684841111860602,-2.5657080064862274,2.1766090238608005,0.9229689585396538
2.0,2.0,1.75,5.333333333333333,4.0,7.0,10.0,60.0,1.0,Did not vote,0,-1.0737302844856529,-0.18090087946113026,3.743568733122761,1.3896216219509276,-1.430634355395426,0.4190578553821001
8.0,8.0,4.0,5.666666666666667,1.0,4.0,19.0,34.0,1.0,Voted,1,2.0754114077314143,0.026647433606003672,-0.8684841111860602,-0.3055196473792817,1.274798179046744,-1.0366853315174993
8.0,7.0,3.75,6.0,2.0,3.0,17.0,28.0,1.0,Voted,1,1.7255067752628512,0.23419574667313706,0.6688668369168803,-0.8705667371560182,0.6735909491707062,-1.3726260669558683
6.0,6.0,3.5,6.333333333333333,1.0,3.0,19.0,45.0,2.0,Voted,1,1.3756021427942882,0.4417440597402704,-0.8684841111860602,-0.8705667371560182,1.274798179046744,-0.42079398321382255
3.0,4.0,2.25,7.666666666666667,2.0,5.0,20.0,51.0,2.0,Voted,1,-0.37392101954852686,1.271937312008805,0.6688668369168803,0.25952744239745473,1.5754017939847627,-0.08485324777545349
5.0,5.0,2.25,6.333333333333333,1.0,5.0,12.0,70.0,2.0,Voted,1,-0.37392101954852686,0.4417440597402704,-0.8684841111860602,0.25952744239745473,-0.8294271255193882,0.9789590811127152
4.0,2.0,2.0,3.0,1.0,5.0,16.0,64.0,1.0,Did not vote,0,-0.7238256520170899,-1.6337390709310649,-0.8684841111860602,0.25952744239745473,0.37298733423268726,0.6430183456743461
7.0,5.0,2.0,8.0,1.0,5.0,13.0,64.0,2.0,Voted,1,-0.7238256520170899,1.4794856250759383,-0.8684841111860602,0.25952744239745473,-0.5288235105813693,0.6430183456743461
4.0,6.0,3.0,5.333333333333333,1.0,5.0,15.0,33.0,1.0,Voted,1,0.6757928778571621,-0.18090087946113026,-0.8684841111860602,0.25952744239745473,0.0723837192946684,-1.0926754540905608
7.0,6.0,3.0,6.333333333333333,2.0,4.0,14.0,67.0,1.0,Voted,1,0.6757928778571621,0.4417440597402704,0.6688668369168803,-0.3055196473792817,-0.22821989564335046,0.8109887133935307
8.0,5.0,4.25,7.0,1.0,3.0,19.0,33.0,1.0,Voted,1,2.425316040199977,0.8568406858745377,-0.8684841111860602,-0.8705667371560182,1.274798179046744,-1.0926754540905608
8.0,6.0,2.5,7.666666666666667,1.0,2.0,18.0,45.0,2.0,Voted,1,-0.024016387079963866,1.271937312008805,-0.8684841111860602,-1.4356138269327547,0.974194564108725,-0.42079398321382255
5.0,3.0,2.25,4.666666666666667,2.0,5.0,18.0,32.0,1.0,Voted,1,-0.37392101954852686,-0.595997505595397,0.6688668369168803,0.25952744239745473,0.974194564108725,-1.1486655766636222
10.0,7.0,4.75,7.333333333333333,2.0,2.0,17.0,28.0,2.0,Voted,1,3.1251253051371033,1.064388998941671,0.6688668369168803,-1.4356138269327547,0.6735909491707062,-1.3726260669558683
10.0,6.0,3.0,6.333333333333333,1.0,5.0,14.0,29.0,1.0,Voted,1,0.6757928778571621,0.4417440597402704,-0.8684841111860602,0.25952744239745473,-0.22821989564335046,-1.3166359443828068
7.0,4.0,2.5,6.666666666666667,2.0,4.0,16.0,23.0,1.0,Did not vote,0,-0.024016387079963866,0.6492923728074044,0.6688668369168803,-0.3055196473792817,0.37298733423268726,-1.6525766798211758
6.0,5.0,2.5,6.333333333333333,2.0,5.0,16.0,47.0,2.0,Voted,1,-0.024016387079963866,0.4417440597402704,0.6688668369168803,0.25952744239745473,0.37298733423268726,-0.3088137380676995
7.0,4.0,2.0,3.6666666666666665,3.0,3.0,12.0,72.0,1.0,Did not vote,0,-0.7238256520170899,-1.2186424447967978,2.206217785019821,-0.8705667371560182,-0.8294271255193882,1.0909393262588383
7.0,5.0,3.0,6.333333333333333,2.0,5.0,13.0,24.0,1.0,Voted,1,0.6757928778571621,0.4417440597402704,0.6688668369168803,0.25952744239745473,-0.5288235105813693,-1.5965865572481144
6.0,5.0,1.5,4.333333333333333,1.0,4.0,17.0,29.0,2.0,Voted,1,-1.423634916954216,-0.8035458186625309,-0.8684841111860602,-0.3055196473792817,0.6735909491707062,-1.3166359443828068
7.0,4.0,1.5,8.0,2.0,5.0,11.0,80.0,1.0,Voted,1,-1.423634916954216,1.4794856250759383,0.6688668369168803,0.25952744239745473,-1.130030740457407,1.5388603068433304
7.0,4.0,4.0,7.333333333333333,1.0,0.0,15.0,66.0,2.0,Voted,1,2.0754114077314143,1.064388998941671,-0.8684841111860602,-2.5657080064862274,0.0723837192946684,0.7549985908204692
6.0,2.0,2.5,6.333333333333333,2.0,3.0,15.0,74.0,1.0,Voted,1,-0.024016387079963866,0.4417440597402704,0.6688668369168803,-0.8705667371560182,0.0723837192946684,1.2029195714049614
0.0,0.0,1.5,2.6666666666666665,2.0,6.0,13.0,34.0,1.0,Voted,1,-1.423634916954216,-1.8412873839981987,0.6688668369168803,0.8245745321741912,-0.5288235105813693,-1.0366853315174993
2.0,3.0,2.75,3.6666666666666665,2.0,8.0,15.0,44.0,1.0,Voted,1,0.3258882453885992,-1.2186424447967978,0.6688668369168803,1.9546687117276642,0.0723837192946684,-0.47678410578688407
7.0,7.0,2.25,7.0,1.0,2.0,14.0,54.0,1.0,Voted,1,-0.37392101954852686,0.8568406858745377,-0.8684841111860602,-1.4356138269327547,-0.22821989564335046,0.08311711994373105
8.0,6.0,3.75,6.666666666666667,1.0,4.0,20.0,44.0,2.0,Voted,1,1.7255067752628512,0.6492923728074044,-0.8684841111860602,-0.3055196473792817,1.5754017939847627,-0.47678410578688407
8.0,7.0,2.0,7.333333333333333,1.0,2.0,13.0,55.0,2.0,Voted,1,-0.7238256520170899,1.064388998941671,-0.8684841111860602,-1.4356138269327547,-0.5288235105813693,0.13910724251679257
7.0,3.0,2.25,7.333333333333333,2.0,8.0,17.0,62.0,1.0,Voted,1,-0.37392101954852686,1.064388998941671,0.6688668369168803,1.9546687117276642,0.6735909491707062,0.5310381005282232
5.0,5.0,3.0,3.6666666666666665,1.0,4.0,14.0,27.0,2.0,Voted,1,0.6757928778571621,-1.2186424447967978,-0.8684841111860602,-0.3055196473792817,-0.22821989564335046,-1.4286161895289298
7.0,8.0,2.25,6.333333333333333,2.0,6.0,13.0,34.0,2.0,Voted,1,-0.37392101954852686,0.4417440597402704,0.6688668369168803,0.8245745321741912,-0.5288235105813693,-1.0366853315174993
6.0,3.0,2.75,5.666666666666667,2.0,5.0,12.0,60.0,1.0,Voted,1,0.3258882453885992,0.026647433606003672,0.6688668369168803,0.25952744239745473,-0.8294271255193882,0.4190578553821001
6.0,4.0,2.25,6.333333333333333,2.0,4.0,16.0,42.0,2.0,Voted,1,-0.37392101954852686,0.4417440597402704,0.6688668369168803,-0.3055196473792817,0.37298733423268726,-0.5887643509330072
7.0,3.0,1.0,7.333333333333333,2.0,7.0,12.0,70.0,2.0,Voted,1,-2.123444181891342,1.064388998941671,0.6688668369168803,1.3896216219509276,-0.8294271255193882,0.9789590811127152
5.0,5.0,2.75,7.0,1.0,3.0,17.0,71.0,1.0,Voted,1,0.3258882453885992,0.8568406858745377,-0.8684841111860602,-0.8705667371560182,0.6735909491707062,1.0349492036857768
9.0,9.0,2.25,3.0,2.0,5.0,13.0,25.0,2.0,Did not vote,0,-0.37392101954852686,-1.6337390709310649,0.6688668369168803,0.25952744239745473,-0.5288235105813693,-1.540596434675053
1.0,0.0,3.0,5.333333333333333,1.0,5.0,25.0,32.0,1.0,Did not vote,0,0.6757928778571621,-0.18090087946113026,-0.8684841111860602,0.25952744239745473,3.078419868674857,-1.1486655766636222
5.0,3.0,2.75,6.666666666666667,2.0,2.0,12.0,56.0,2.0,Voted,1,0.3258882453885992,0.6492923728074044,0.6688668369168803,-1.4356138269327547,-0.8294271255193882,0.19509736508985406
6.0,7.0,2.75,6.666666666666667,2.0,5.0,14.0,41.0,2.0,Did not vote,0,0.3258882453885992,0.6492923728074044,0.6688668369168803,0.25952744239745473,-0.22821989564335046,-0.6447544735060686
4.0,4.0,2.25,3.3333333333333335,4.0,1.0,0.0,43.0,2.0,Voted,1,-0.37392101954852686,-1.4261907578639312,3.743568733122761,-2.0006609167094913,-4.4366705047756145,-0.5327742283599456
8.0,5.0,3.25,5.0,2.0,5.0,20.0,72.0,1.0,Voted,1,1.025697510325725,-0.3884491925282636,0.6688668369168803,0.25952744239745473,1.5754017939847627,1.0909393262588383
6.0,3.0,3.5,7.666666666666667,2.0,4.0,14.0,58.0,1.0,Voted,1,1.3756021427942882,1.271937312008805,0.6688668369168803,-0.3055196473792817,-0.22821989564335046,0.3070776102359771
9.0,4.0,2.75,8.0,1.0,2.0,19.0,30.0,1.0,Voted,1,0.3258882453885992,1.4794856250759383,-0.8684841111860602,-1.4356138269327547,1.274798179046744,-1.2606458218097452
4.0,3.0,2.25,6.333333333333333,2.0,3.0,13.0,62.0,2.0,Voted,1,-0.37392101954852686,0.4417440597402704,0.6688668369168803,-0.8705667371560182,-0.5288235105813693,0.5310381005282232
4.0,2.0,2.25,5.333333333333333,4.0,5.0,9.0,65.0,1.0,Did not vote,0,-0.37392101954852686,-0.18090087946113026,3.743568733122761,0.25952744239745473,-1.7312379703334448,0.6990084682474077
8.0,5.0,1.75,7.333333333333333,1.0,6.0,13.0,83.0,1.0,Voted,1,-1.0737302844856529,1.064388998941671,-0.8684841111860602,0.8245745321741912,-0.5288235105813693,1.706830674562515
8.0,5.0,2.5,7.666666666666667,1.0,7.0,17.0,86.0,2.0,Voted,1,-0.024016387079963866,1.271937312008805,-0.8684841111860602,1.3896216219509276,0.6735909491707062,1.8748010422816994
3.0,4.0,1.5,6.666666666666667,2.0,5.0,13.0,68.0,2.0,Voted,1,-1.423634916954216,0.6492923728074044,0.6688668369168803,0.25952744239745473,-0.5288235105813693,0.8669788359665922
9.0,5.0,2.25,7.666666666666667,2.0,4.0,11.0,84.0,1.0,Voted,1,-0.37392101954852686,1.271937312008805,0.6688668369168803,-0.3055196473792817,-1.130030740457407,1.7628207971355765
3.0,4.0,1.75,5.333333333333333,2.0,5.0,15.0,73.0,1.0,Voted,1,-1.0737302844856529,-0.18090087946113026,0.6688668369168803,0.25952744239745473,0.0723837192946684,1.1469294488318997
2.0,0.0,1.75,2.0,2.0,0.0,13.0,65.0,1.0,Voted,1,-1.0737302844856529,-2.2563840101324657,0.6688668369168803,-2.5657080064862274,-0.5288235105813693,0.6990084682474077
9.0,3.0,3.0,6.0,2.0,0.0,12.0,63.0,1.0,Voted,1,0.6757928778571621,0.23419574667313706,0.6688668369168803,-2.5657080064862274,-0.8294271255193882,0.5870282231012847
8.0,4.0,2.75,5.666666666666667,1.0,6.0,13.0,35.0,1.0,Voted,1,0.3258882453885992,0.026647433606003672,-0.8684841111860602,0.8245745321741912,-0.5288235105813693,-0.9806952089444377
8.0,6.0,3.5,5.666666666666667,1.0,6.0,15.0,33.0,1.0,Voted,1,1.3756021427942882,0.026647433606003672,-0.8684841111860602,0.8245745321741912,0.0723837192946684,-1.0926754540905608
7.0,3.0,1.75,5.0,2.0,6.0,15.0,87.0,1.0,Voted,1,-1.0737302844856529,-0.3884491925282636,0.6688668369168803,0.8245745321741912,0.0723837192946684,1.9307911648547609
2.0,2.0,2.0,6.333333333333333,1.0,6.0,16.0,52.0,2.0,Voted,1,-0.7238256520170899,0.4417440597402704,-0.8684841111860602,0.8245745321741912,0.37298733423268726,-0.028863125202391978
4.0,0.0,2.25,5.666666666666667,1.0,4.0,13.0,29.0,1.0,Did not vote,0,-0.37392101954852686,0.026647433606003672,-0.8684841111860602,-0.3055196473792817,-0.5288235105813693,-1.3166359443828068
5.0,2.0,2.5,5.666666666666667,2.0,2.0,13.0,68.0,2.0,Voted,1,-0.024016387079963866,0.026647433606003672,0.6688668369168803,-1.4356138269327547,-0.5288235105813693,0.8669788359665922
8.0,6.0,3.0,5.666666666666667,2.0,4.0,14.0,55.0,2.0,Did not vote,0,0.6757928778571621,0.026647433606003672,0.6688668369168803,-0.3055196473792817,-0.22821989564335046,0.13910724251679257
3.0,2.0,2.5,7.333333333333333,1.0,8.0,14.0,71.0,2.0,Voted,1,-0.024016387079963866,1.064388998941671,-0.8684841111860602,1.9546687117276642,-0.22821989564335046,1.0349492036857768
5.0,5.0,2.75,7.0,1.0,1.0,12.0,25.0,1.0,Voted,1,0.3258882453885992,0.8568406858745377,-0.8684841111860602,-2.0006609167094913,-0.8294271255193882,-1.540596434675053
3.0,4.0,1.75,5.0,2.0,3.0,14.0,66.0,2.0,Voted,1,-1.0737302844856529,-0.3884491925282636,0.6688668369168803,-0.8705667371560182,-0.22821989564335046,0.7549985908204692
7.0,5.0,2.75,4.0,1.0,4.0,12.0,69.0,1.0,Voted,1,0.3258882453885992,-1.0110941317296642,-0.8684841111860602,-0.3055196473792817,-0.8294271255193882,0.9229689585396538
2.0,2.0,2.25,5.0,1.0,1.0,15.0,41.0,2.0,Voted,1,-0.37392101954852686,-0.3884491925282636,-0.8684841111860602,-2.0006609167094913,0.0723837192946684,-0.6447544735060686
7.0,6.0,2.75,5.666666666666667,2.0,3.0,15.0,22.0,2.0,Voted,1,0.3258882453885992,0.026647433606003672,0.6688668369168803,-0.8705667371560182,0.0723837192946684,-1.7085668023942373
5.0,3.0,1.0,5.0,3.0,5.0,15.0,32.0,2.0,Did not vote,0,-2.123444181891342,-0.3884491925282636,2.206217785019821,0.25952744239745473,0.0723837192946684,-1.1486655766636222
3.0,2.0,1.6666666666666667,2.0,2.0,7.0,17.0,28.0,1.0,Voted,1,-1.1903651619751738,-2.2563840101324657,0.6688668369168803,1.3896216219509276,0.6735909491707062,-1.3726260669558683
3.0,0.0,2.75,6.666666666666667,2.0,5.0,20.0,77.0,1.0,Did not vote,0,0.3258882453885992,0.6492923728074044,0.6688668369168803,0.25952744239745473,1.5754017939847627,1.3708899391241458
8.0,7.0,4.25,6.333333333333333,1.0,3.0,15.0,51.0,1.0,Voted,1,2.425316040199977,0.4417440597402704,-0.8684841111860602,-0.8705667371560182,0.0723837192946684,-0.08485324777545349
8.0,3.0,2.5,7.0,2.0,5.0,14.0,63.0,2.0,Voted,1,-0.024016387079963866,0.8568406858745377,0.6688668369168803,0.25952744239745473,-0.22821989564335046,0.5870282231012847
6.0,5.0,2.5,5.0,1.0,5.0,13.0,77.0,1.0,Voted,1,-0.024016387079963866,-0.3884491925282636,-0.8684841111860602,0.25952744239745473,-0.5288235105813693,1.3708899391241458
2.0,4.0,2.25,6.666666666666667,2.0,0.0,17.0,69.0,1.0,Voted,1,-0.37392101954852686,0.6492923728074044,0.6688668369168803,-2.5657080064862274,0.6735909491707062,0.9229689585396538
3.0,4.0,2.25,4.0,2.0,0.0,11.0,78.0,2.0,Voted,1,-0.37392101954852686,-1.0110941317296642,0.6688668369168803,-2.5657080064862274,-1.130030740457407,1.4268800616972073
7.0,6.0,3.25,6.666666666666667,1.0,6.0,19.0,47.0,1.0,Voted,1,1.025697510325725,0.6492923728074044,-0.8684841111860602,0.8245745321741912,1.274798179046744,-0.3088137380676995
8.0,8.0,3.0,6.0,2.0,0.0,3.0,68.0,1.0,Voted,1,0.6757928778571621,0.23419574667313706,0.6688668369168803,-2.5657080064862274,-3.5348596599615583,0.8669788359665922
5.0,5.0,2.0,6.0,2.0,5.0,16.0,25.0,2.0,Voted,1,-0.7238256520170899,0.23419574667313706,0.6688668369168803,0.25952744239745473,0.37298733423268726,-1.540596434675053
6.0,5.0,2.25,5.666666666666667,1.0,5.0,9.0,15.0,2.0,Did not vote,0,-0.37392101954852686,0.026647433606003672,-0.8684841111860602,0.25952744239745473,-1.7312379703334448,-2.1004976604056678
5.0,4.0,2.0,5.333333333333333,1.0,7.0,9.0,38.0,1.0,Voted,1,-0.7238256520170899,-0.18090087946113026,-0.8684841111860602,1.3896216219509276,-1.7312379703334448,-0.8127248412252531
6.0,5.0,2.25,7.333333333333333,1.0,3.0,20.0,26.0,1.0,Voted,1,-0.37392101954852686,1.064388998941671,-0.8684841111860602,-0.8705667371560182,1.5754017939847627,-1.4846063121019912
5.0,1.0,1.75,5.0,2.0,5.0,13.0,67.0,1.0,Voted,1,-1.0737302844856529,-0.3884491925282636,0.6688668369168803,0.25952744239745473,-0.5288235105813693,0.8109887133935307
8.0,5.0,2.5,7.666666666666667,2.0,5.0,13.0,85.0,1.0,Voted,1,-0.024016387079963866,1.271937312008805,0.6688668369168803,0.25952744239745473,-0.5288235105813693,1.818810919708638
6.0,4.0,3.25,7.0,1.0,5.0,11.0,48.0,2.0,Voted,1,1.025697510325725,0.8568406858745377,-0.8684841111860602,0.25952744239745473,-1.130030740457407,-0.25282361549463805
3.0,8.0,1.75,2.3333333333333335,4.0,6.0,8.0,40.0,2.0,Did not vote,0,-1.0737302844856529,-2.048835697065332,3.743568733122761,0.8245745321741912,-2.0318415852714637,-0.7007445960791301
1.0,1.0,2.25,4.333333333333333,1.0,5.0,16.0,37.0,1.0,Voted,1,-0.37392101954852686,-0.8035458186625309,-0.8684841111860602,0.25952744239745473,0.37298733423268726,-0.8687149637983147
7.0,2.0,2.5,4.333333333333333,1.0,3.0,16.0,23.0,2.0,Voted,1,-0.024016387079963866,-0.8035458186625309,-0.8684841111860602,-0.8705667371560182,0.37298733423268726,-1.6525766798211758
10.0,6.0,4.0,6.333333333333333,2.0,1.0,20.0,57.0,2.0,Voted,1,2.0754114077314143,0.4417440597402704,0.6688668369168803,-2.0006609167094913,1.5754017939847627,0.2510874876629156
0.0,0.0,1.25,6.666666666666667,1.0,5.0,10.0,79.0,2.0,Voted,1,-1.773539549422779,0.6492923728074044,-0.8684841111860602,0.25952744239745473,-1.430634355395426,1.482870184270269
2.0,4.0,2.0,6.333333333333333,1.0,7.0,13.0,22.0,1.0,Voted,1,-0.7238256520170899,0.4417440597402704,-0.8684841111860602,1.3896216219509276,-0.5288235105813693,-1.7085668023942373
1.0,2.0,1.75,3.0,1.0,5.0,13.0,73.0,2.0,Voted,1,-1.0737302844856529,-1.6337390709310649,-0.8684841111860602,0.25952744239745473,-0.5288235105813693,1.1469294488318997
9.0,8.0,2.5,4.666666666666667,2.0,8.0,10.0,52.0,2.0,Did not vote,0,-0.024016387079963866,-0.595997505595397,0.6688668369168803,1.9546687117276642,-1.430634355395426,-0.028863125202391978
8.0,7.0,2.25,6.666666666666667,2.0,5.0,14.0,75.0,2.0,Voted,1,-0.37392101954852686,0.6492923728074044,0.6688668369168803,0.25952744239745473,-0.22821989564335046,1.2589096939780229
0.0,2.0,2.25,5.666666666666667,3.0,5.0,11.0,35.0,2.0,Did not vote,0,-0.37392101954852686,0.026647433606003672,2.206217785019821,0.25952744239745473,-1.130030740457407,-0.9806952089444377
7.0,5.0,3.0,7.333333333333333,1.0,5.0,15.0,50.0,2.0,Voted,1,0.6757928778571621,1.064388998941671,-0.8684841111860602,0.25952744239745473,0.0723837192946684,-0.14084337034851502
2.0,3.0,2.0,5.0,2.0,5.0,12.0,69.0,2.0,Voted,1,-0.7238256520170899,-0.3884491925282636,0.6688668369168803,0.25952744239745473,-0.8294271255193882,0.9229689585396538
8.0,5.0,2.5,5.333333333333333,1.0,3.0,16.0,22.0,2.0,Voted,1,-0.024016387079963866,-0.18090087946113026,-0.8684841111860602,-0.8705667371560182,0.37298733423268726,-1.7085668023942373
5.0,0.0,1.0,1.0,2.0,0.0,11.0,70.0,2.0,Voted,1,-2.123444181891342,-2.879028949333866,0.6688668369168803,-2.5657080064862274,-1.130030740457407,0.9789590811127152
7.0,5.0,3.25,7.333333333333333,3.0,5.0,19.0,62.0,2.0,Voted,1,1.025697510325725,1.064388998941671,2.206217785019821,0.25952744239745473,1.274798179046744,0.5310381005282232
8.0,5.0,3.25,5.333333333333333,1.0,2.0,17.0,25.0,1.0,Voted,1,1.025697510325725,-0.18090087946113026,-0.8684841111860602,-1.4356138269327547,0.6735909491707062,-1.540596434675053
9.0,6.0,2.25,7.333333333333333,2.0,3.0,16.0,84.0,1.0,Voted,1,-0.37392101954852686,1.064388998941671,0.6688668369168803,-0.8705667371560182,0.37298733423268726,1.7628207971355765
1.0,1.0,3.25,2.6666666666666665,1.0,0.0,18.0,57.0,1.0,Voted,1,1.025697510325725,-1.8412873839981987,-0.8684841111860602,-2.5657080064862274,0.974194564108725,0.2510874876629156
9.0,3.0,3.0,4.333333333333333,1.0,1.0,14.0,71.0,1.0,Voted,1,0.6757928778571621,-0.8035458186625309,-0.8684841111860602,-2.0006609167094913,-0.22821989564335046,1.0349492036857768
7.0,5.0,3.25,5.0,2.0,5.0,13.0,58.0,2.0,Voted,1,1.025697510325725,-0.3884491925282636,0.6688668369168803,0.25952744239745473,-0.5288235105813693,0.3070776102359771
6.0,6.0,2.0,6.333333333333333,1.0,5.0,12.0,74.0,2.0,Voted,1,-0.7238256520170899,0.4417440597402704,-0.8684841111860602,0.25952744239745473,-0.8294271255193882,1.2029195714049614
7.0,5.0,2.75,8.333333333333334,2.0,5.0,15.0,45.0,2.0,Voted,1,0.3258882453885992,1.6870339381430723,0.6688668369168803,0.25952744239745473,0.0723837192946684,-0.42079398321382255
7.0,6.0,3.25,6.0,1.0,4.0,19.0,29.0,2.0,Voted,1,1.025697510325725,0.23419574667313706,-0.8684841111860602,-0.3055196473792817,1.274798179046744,-1.3166359443828068
3.0,3.0,3.0,4.333333333333333,2.0,5.0,15.0,57.0,1.0,Voted,1,0.6757928778571621,-0.8035458186625309,0.6688668369168803,0.25952744239745473,0.0723837192946684,0.2510874876629156
9.0,2.0,4.0,8.0,1.0,2.0,19.0,52.0,1.0,Voted,1,2.0754114077314143,1.4794856250759383,-0.8684841111860602,-1.4356138269327547,1.274798179046744,-0.028863125202391978
0.0,2.0,3.25,5.0,1.0,6.0,12.0,64.0,1.0,Voted,1,1.025697510325725,-0.3884491925282636,-0.8684841111860602,0.8245745321741912,-0.8294271255193882,0.6430183456743461
5.0,3.0,1.75,3.6666666666666665,1.0,5.0,11.0,54.0,2.0,Voted,1,-1.0737302844856529,-1.2186424447967978,-0.8684841111860602,0.25952744239745473,-1.130030740457407,0.08311711994373105
7.0,4.0,2.5,6.333333333333333,1.0,8.0,13.0,76.0,1.0,Voted,1,-0.024016387079963866,0.4417440597402704,-0.8684841111860602,1.9546687117276642,-0.5288235105813693,1.3148998165510843
2.0,5.0,3.25,6.0,1.0,5.0,14.0,49.0,1.0,Voted,1,1.025697510325725,0.23419574667313706,-0.8684841111860602,0.25952744239745473,-0.22821989564335046,-0.1968334929215765
9.0,5.0,4.0,8.0,2.0,2.0,15.0,35.0,1.0,Voted,1,2.0754114077314143,1.4794856250759383,0.6688668369168803,-1.4356138269327547,0.0723837192946684,-0.9806952089444377
1.0,1.0,1.5,3.6666666666666665,2.0,3.0,12.0,67.0,2.0,Voted,1,-1.423634916954216,-1.2186424447967978,0.6688668369168803,-0.8705667371560182,-0.8294271255193882,0.8109887133935307
6.0,6.0,4.0,6.0,2.0,3.0,25.0,34.0,2.0,Voted,1,2.0754114077314143,0.23419574667313706,0.6688668369168803,-0.8705667371560182,3.078419868674857,-1.0366853315174993
5.0,4.0,2.75,3.6666666666666665,2.0,5.0,16.0,49.0,2.0,Voted,1,0.3258882453885992,-1.2186424447967978,0.6688668369168803,0.25952744239745473,0.37298733423268726,-0.1968334929215765
7.0,5.0,1.75,6.333333333333333,1.0,6.0,19.0,57.0,2.0,Voted,1,-1.0737302844856529,0.4417440597402704,-0.8684841111860602,0.8245745321741912,1.274798179046744,0.2510874876629156
4.0,4.0,2.0,5.666666666666667,1.0,5.0,15.0,59.0,2.0,Voted,1,-0.7238256520170899,0.026647433606003672,-0.8684841111860602,0.25952744239745473,0.0723837192946684,0.3630677328090386
8.0,5.0,3.0,5.333333333333333,2.0,4.0,13.0,19.0,1.0,Did not vote,0,0.6757928778571621,-0.18090087946113026,0.6688668369168803,-0.3055196473792817,-0.5288235105813693,-1.876537170113422
7.0,4.0,2.75,6.0,1.0,4.0,17.0,56.0,1.0,Voted,1,0.3258882453885992,0.23419574667313706,-0.8684841111860602,-0.3055196473792817,0.6735909491707062,0.19509736508985406
3.0,2.0,2.75,3.6666666666666665,2.0,5.0,13.0,53.0,1.0,Did not vote,0,0.3258882453885992,-1.2186424447967978,0.6688668369168803,0.25952744239745473,-0.5288235105813693,0.027126997370669537
7.0,7.0,4.0,7.666666666666667,1.0,5.0,20.0,42.0,2.0,Voted,1,2.0754114077314143,1.271937312008805,-0.8684841111860602,0.25952744239745473,1.5754017939847627,-0.5887643509330072
8.0,6.0,4.0,7.333333333333333,1.0,4.0,18.0,59.0,2.0,Voted,1,2.0754114077314143,1.064388998941671,-0.8684841111860602,-0.3055196473792817,0.974194564108725,0.3630677328090386
8.0,5.0,3.25,6.333333333333333,1.0,2.0,22.0,58.0,1.0,Voted,1,1.025697510325725,0.4417440597402704,-0.8684841111860602,-1.4356138269327547,2.1766090238608005,0.3070776102359771
8.0,6.0,3.0,6.333333333333333,1.0,4.0,12.0,42.0,1.0,Voted,1,0.6757928778571621,0.4417440597402704,-0.8684841111860602,-0.3055196473792817,-0.8294271255193882,-0.5887643509330072
4.0,4.0,2.5,5.333333333333333,1.0,3.0,20.0,76.0,1.0,Voted,1,-0.024016387079963866,-0.18090087946113026,-0.8684841111860602,-0.8705667371560182,1.5754017939847627,1.3148998165510843
5.0,4.0,2.0,3.3333333333333335,2.0,5.0,13.0,73.0,1.0,Voted,1,-0.7238256520170899,-1.4261907578639312,0.6688668369168803,0.25952744239745473,-0.5288235105813693,1.1469294488318997
4.0,0.0,1.75,4.0,3.0,7.0,10.0,41.0,1.0,Voted,1,-1.0737302844856529,-1.0110941317296642,2.206217785019821,1.3896216219509276,-1.430634355395426,-0.6447544735060686
3.0,6.0,3.0,2.0,2.0,5.0,13.0,73.0,1.0,Voted,1,0.6757928778571621,-2.2563840101324657,0.6688668369168803,0.25952744239745473,-0.5288235105813693,1.1469294488318997
7.0,5.0,2.25,8.0,1.0,5.0,13.0,45.0,2.0,Voted,1,-0.37392101954852686,1.4794856250759383,-0.8684841111860602,0.25952744239745473,-0.5288235105813693,-0.42079398321382255
2.0,3.0,3.25,5.666666666666667,1.0,3.0,15.0,39.0,2.0,Voted,1,1.025697510325725,0.026647433606003672,-0.8684841111860602,-0.8705667371560182,0.0723837192946684,-0.7567347186521917
9.0,7.0,3.25,7.666666666666667,2.0,4.0,14.0,82.0,1.0,Voted,1,1.025697510325725,1.271937312008805,0.6688668369168803,-0.3055196473792817,-0.22821989564335046,1.6508405519894533
0.0,1.0,2.5,3.6666666666666665,2.0,7.0,12.0,61.0,1.0,Voted,1,-0.024016387079963866,-1.2186424447967978,0.6688668369168803,1.3896216219509276,-0.8294271255193882,0.4750479779551616
5.0,4.0,1.75,4.0,1.0,6.0,19.0,80.0,2.0,Voted,1,-1.0737302844856529,-1.0110941317296642,-0.8684841111860602,0.8245745321741912,1.274798179046744,1.5388603068433304
2.0,2.0,1.5,3.6666666666666665,3.0,6.0,12.0,33.0,2.0,Did not vote,0,-1.423634916954216,-1.2186424447967978,2.206217785019821,0.8245745321741912,-0.8294271255193882,-1.0926754540905608
1.0,1.0,2.75,4.0,3.0,5.0,16.0,45.0,2.0,Voted,1,0.3258882453885992,-1.0110941317296642,2.206217785019821,0.25952744239745473,0.37298733423268726,-0.42079398321382255
7.0,7.0,2.25,7.0,1.0,2.0,17.0,22.0,2.0,Voted,1,-0.37392101954852686,0.8568406858745377,-0.8684841111860602,-1.4356138269327547,0.6735909491707062,-1.7085668023942373
7.0,4.0,1.5,7.333333333333333,2.0,6.0,12.0,85.0,1.0,Voted,1,-1.423634916954216,1.064388998941671,0.6688668369168803,0.8245745321741912,-0.8294271255193882,1.818810919708638
3.0,3.0,1.75,6.333333333333333,1.0,5.0,16.0,34.0,2.0,Did not vote,0,-1.0737302844856529,0.4417440597402704,-0.8684841111860602,0.25952744239745473,0.37298733423268726,-1.0366853315174993
4.0,5.0,3.0,7.0,1.0,4.0,12.0,73.0,2.0,Voted,1,0.6757928778571621,0.8568406858745377,-0.8684841111860602,-0.3055196473792817,-0.8294271255193882,1.1469294488318997
8.0,6.0,3.25,6.0,2.0,2.0,31.0,39.0,1.0,Voted,1,1.025697510325725,0.23419574667313706,0.6688668369168803,-1.4356138269327547,4.882041558302971,-0.7567347186521917
4.0,4.0,2.5,0.6666666666666666,1.0,5.0,13.0,52.0,1.0,Voted,1,-0.024016387079963866,-3.0865772624009997,-0.8684841111860602,0.25952744239745473,-0.5288235105813693,-0.028863125202391978
5.0,0.0,1.0,4.333333333333333,2.0,4.0,12.0,58.0,1.0,Voted,1,-2.123444181891342,-0.8035458186625309,0.6688668369168803,-0.3055196473792817,-0.8294271255193882,0.3070776102359771
0.0,1.0,1.25,3.3333333333333335,1.0,0.0,12.0,56.0,2.0,Voted,1,-1.773539549422779,-1.4261907578639312,-0.8684841111860602,-2.5657080064862274,-0.8294271255193882,0.19509736508985406
2.0,1.0,1.5,4.333333333333333,2.0,5.0,13.0,36.0,2.0,Voted,1,-1.423634916954216,-0.8035458186625309,0.6688668369168803,0.25952744239745473,-0.5288235105813693,-0.9247050863713762
4.0,6.0,2.5,5.666666666666667,2.0,4.0,12.0,27.0,2.0,Did not vote,0,-0.024016387079963866,0.026647433606003672,0.6688668369168803,-0.3055196473792817,-0.8294271255193882,-1.4286161895289298
6.0,5.0,2.75,3.6666666666666665,3.0,3.0,15.0,45.0,2.0,Voted,1,0.3258882453885992,-1.2186424447967978,2.206217785019821,-0.8705667371560182,0.0723837192946684,-0.42079398321382255
4.0,5.0,4.25,5.666666666666667,1.0,9.0,16.0,67.0,1.0,Voted,1,2.425316040199977,0.026647433606003672,-0.8684841111860602,2.5197158015044008,0.37298733423268726,0.8109887133935307
3.0,0.0,2.75,3.0,2.0,10.0,9.0,69.0,2.0,Voted,1,0.3258882453885992,-1.6337390709310649,0.6688668369168803,3.084762891281137,-1.7312379703334448,0.9229689585396538
9.0,6.0,3.75,4.0,1.0,5.0,20.0,59.0,2.0,Voted,1,1.7255067752628512,-1.0110941317296642,-0.8684841111860602,0.25952744239745473,1.5754017939847627,0.3630677328090386
5.0,5.0,1.75,7.0,3.0,3.0,18.0,53.0,1.0,Did not vote,0,-1.0737302844856529,0.8568406858745377,2.206217785019821,-0.8705667371560182,0.974194564108725,0.027126997370669537
7.0,5.0,2.25,5.333333333333333,1.0,3.0,18.0,34.0,1.0,Voted,1,-0.37392101954852686,-0.18090087946113026,-0.8684841111860602,-0.8705667371560182,0.974194564108725,-1.0366853315174993
6.0,2.0,1.5,7.333333333333333,1.0,7.0,19.0,67.0,2.0,Voted,1,-1.423634916954216,1.064388998941671,-0.8684841111860602,1.3896216219509276,1.274798179046744,0.8109887133935307
8.0,4.0,2.5,1.6666666666666667,1.0,5.0,12.0,58.0,1.0,Voted,1,-0.024016387079963866,-2.463932323199599,-0.8684841111860602,0.25952744239745473,-0.8294271255193882,0.3070776102359771
7.0,3.0,2.75,7.0,1.0,5.0,11.0,86.0,1.0,Voted,1,0.3258882453885992,0.8568406858745377,-0.8684841111860602,0.25952744239745473,-1.130030740457407,1.8748010422816994
0.0,0.0,1.25,1.0,2.0,5.0,13.0,40.0,2.0,Voted,1,-1.773539549422779,-2.879028949333866,0.6688668369168803,0.25952744239745473,-0.5288235105813693,-0.7007445960791301
0.0,3.0,1.0,2.6666666666666665,1.0,10.0,13.0,60.0,2.0,Voted,1,-2.123444181891342,-1.8412873839981987,-0.8684841111860602,3.084762891281137,-0.5288235105813693,0.4190578553821001
7.0,4.0,3.0,8.0,2.0,2.0,17.0,39.0,2.0,Voted,1,0.6757928778571621,1.4794856250759383,0.6688668369168803,-1.4356138269327547,0.6735909491707062,-0.7567347186521917
7.0,3.0,3.5,6.333333333333333,2.0,4.0,11.0,67.0,1.0,Voted,1,1.3756021427942882,0.4417440597402704,0.6688668369168803,-0.3055196473792817,-1.130030740457407,0.8109887133935307
3.0,0.0,1.5,4.0,2.0,5.0,11.0,68.0,1.0,Voted,1,-1.423634916954216,-1.0110941317296642,0.6688668369168803,0.25952744239745473,-1.130030740457407,0.8669788359665922
7.0,3.0,2.75,4.666666666666667,1.0,2.0,11.0,79.0,1.0,Voted,1,0.3258882453885992,-0.595997505595397,-0.8684841111860602,-1.4356138269327547,-1.130030740457407,1.482870184270269
6.0,4.0,2.25,4.666666666666667,3.0,2.0,12.0,20.0,1.0,Did not vote,0,-0.37392101954852686,-0.595997505595397,2.206217785019821,-1.4356138269327547,-0.8294271255193882,-1.8205470475403605
7.0,8.0,3.25,8.333333333333334,2.0,5.0,12.0,74.0,2.0,Voted,1,1.025697510325725,1.6870339381430723,0.6688668369168803,0.25952744239745473,-0.8294271255193882,1.2029195714049614
8.0,1.0,1.5,7.0,1.0,5.0,12.0,50.0,1.0,Voted,1,-1.423634916954216,0.8568406858745377,-0.8684841111860602,0.25952744239745473,-0.8294271255193882,-0.14084337034851502
8.0,3.0,1.75,3.6666666666666665,2.0,7.0,12.0,37.0,2.0,Voted,1,-1.0737302844856529,-1.2186424447967978,0.6688668369168803,1.3896216219509276,-0.8294271255193882,-0.8687149637983147
5.0,3.0,2.75,3.3333333333333335,1.0,3.0,13.0,23.0,1.0,Voted,1,0.3258882453885992,-1.4261907578639312,-0.8684841111860602,-0.8705667371560182,-0.5288235105813693,-1.6525766798211758
6.0,5.0,2.5,5.333333333333333,1.0,3.0,13.0,32.0,1.0,Voted,1,-0.024016387079963866,-0.18090087946113026,-0.8684841111860602,-0.8705667371560182,-0.5288235105813693,-1.1486655766636222
0.0,0.0,2.75,0.0,3.0,5.0,11.0,64.0,1.0,Voted,1,0.3258882453885992,-3.501673888535267,2.206217785019821,0.25952744239745473,-1.130030740457407,0.6430183456743461
6.0,4.0,2.0,4.333333333333333,1.0,2.0,13.0,46.0,2.0,Voted,1,-0.7238256520170899,-0.8035458186625309,-0.8684841111860602,-1.4356138269327547,-0.5288235105813693,-0.36480386064076104
5.0,5.0,2.75,8.333333333333334,2.0,3.0,14.0,29.0,1.0,Voted,1,0.3258882453885992,1.6870339381430723,0.6688668369168803,-0.8705667371560182,-0.22821989564335046,-1.3166359443828068
1.0,2.0,2.0,5.666666666666667,1.0,5.0,16.0,64.0,2.0,Voted,1,-0.7238256520170899,0.026647433606003672,-0.8684841111860602,0.25952744239745473,0.37298733423268726,0.6430183456743461
3.0,0.0,1.5,4.0,2.0,5.0,14.0,35.0,2.0,Voted,1,-1.423634916954216,-1.0110941317296642,0.6688668369168803,0.25952744239745473,-0.22821989564335046,-0.9806952089444377
6.0,5.0,2.75,4.666666666666667,2.0,6.0,16.0,66.0,1.0,Voted,1,0.3258882453885992,-0.595997505595397,0.6688668369168803,0.8245745321741912,0.37298733423268726,0.7549985908204692
8.0,5.0,3.0,7.333333333333333,1.0,2.0,17.0,69.0,2.0,Voted,1,0.6757928778571621,1.064388998941671,-0.8684841111860602,-1.4356138269327547,0.6735909491707062,0.9229689585396538
0.0,0.0,1.0,2.6666666666666665,2.0,5.0,14.0,52.0,2.0,Did not vote,0,-2.123444181891342,-1.8412873839981987,0.6688668369168803,0.25952744239745473,-0.22821989564335046,-0.028863125202391978
8.0,6.0,2.5,8.333333333333334,1.0,4.0,12.0,70.0,2.0,Voted,1,-0.024016387079963866,1.6870339381430723,-0.8684841111860602,-0.3055196473792817,-0.8294271255193882,0.9789590811127152
8.0,6.0,2.5,7.666666666666667,1.0,3.0,16.0,65.0,2.0,Voted,1,-0.024016387079963866,1.271937312008805,-0.8684841111860602,-0.8705667371560182,0.37298733423268726,0.6990084682474077
8.0,3.0,2.0,3.6666666666666665,2.0,5.0,14.0,58.0,2.0,Voted,1,-0.7238256520170899,-1.2186424447967978,0.6688668369168803,0.25952744239745473,-0.22821989564335046,0.3070776102359771
5.0,5.0,2.5,6.333333333333333,1.0,6.0,18.0,27.0,1.0,Voted,1,-0.024016387079963866,0.4417440597402704,-0.8684841111860602,0.8245745321741912,0.974194564108725,-1.4286161895289298
4.0,6.0,3.75,5.0,1.0,5.0,18.0,66.0,1.0,Voted,1,1.7255067752628512,-0.3884491925282636,-0.8684841111860602,0.25952744239745473,0.974194564108725,0.7549985908204692
6.0,7.0,4.0,7.333333333333333,2.0,2.0,17.0,30.0,1.0,Voted,1,2.0754114077314143,1.064388998941671,0.6688668369168803,-1.4356138269327547,0.6735909491707062,-1.2606458218097452
8.0,6.0,2.0,6.666666666666667,1.0,5.0,12.0,69.0,2.0,Voted,1,-0.7238256520170899,0.6492923728074044,-0.8684841111860602,0.25952744239745473,-0.8294271255193882,0.9229689585396538
2.0,0.0,2.25,3.6666666666666665,2.0,5.0,13.0,25.0,1.0,Did not vote,0,-0.37392101954852686,-1.2186424447967978,0.6688668369168803,0.25952744239745473,-0.5288235105813693,-1.540596434675053
8.0,5.0,2.25,5.0,1.0,5.0,20.0,31.0,1.0,Voted,1,-0.37392101954852686,-0.3884491925282636,-0.8684841111860602,0.25952744239745473,1.5754017939847627,-1.2046556992366837
4.0,5.0,3.5,6.333333333333333,1.0,6.0,18.0,68.0,1.0,Voted,1,1.3756021427942882,0.4417440597402704,-0.8684841111860602,0.8245745321741912,0.974194564108725,0.8669788359665922
8.0,7.0,3.25,6.666666666666667,1.0,4.0,15.0,41.0,2.0,Voted,1,1.025697510325725,0.6492923728074044,-0.8684841111860602,-0.3055196473792817,0.0723837192946684,-0.6447544735060686
7.0,1.0,2.5,2.6666666666666665,1.0,5.0,16.0,26.0,2.0,Voted,1,-0.024016387079963866,-1.8412873839981987,-0.8684841111860602,0.25952744239745473,0.37298733423268726,-1.4846063121019912
9.0,8.0,2.25,7.333333333333333,2.0,5.0,10.0,70.0,2.0,Voted,1,-0.37392101954852686,1.064388998941671,0.6688668369168803,0.25952744239745473,-1.430634355395426,0.9789590811127152
8.0,7.0,3.25,8.333333333333334,1.0,4.0,18.0,83.0,1.0,Voted,1,1.025697510325725,1.6870339381430723,-0.8684841111860602,-0.3055196473792817,0.974194564108725,1.706830674562515
5.0,4.0,2.5,7.666666666666667,2.0,6.0,19.0,42.0,1.0,Voted,1,-0.024016387079963866,1.271937312008805,0.6688668369168803,0.8245745321741912,1.274798179046744,-0.5887643509330072
8.0,3.0,2.75,3.6666666666666665,3.0,6.0,11.0,21.0,2.0,Voted,1,0.3258882453885992,-1.2186424447967978,2.206217785019821,0.8245745321741912,-1.130030740457407,-1.764556924967299
7.0,6.0,2.75,5.333333333333333,1.0,5.0,23.0,51.0,2.0,Voted,1,0.3258882453885992,-0.18090087946113026,-0.8684841111860602,0.25952744239745473,2.4772126387988194,-0.08485324777545349
1.0,1.0,2.25,5.666666666666667,1.0,5.0,15.0,67.0,2.0,Voted,1,-0.37392101954852686,0.026647433606003672,-0.8684841111860602,0.25952744239745473,0.0723837192946684,0.8109887133935307
7.0,6.0,3.0,6.333333333333333,1.0,5.0,12.0,67.0,1.0,Voted,1,0.6757928778571621,0.4417440597402704,-0.8684841111860602,0.25952744239745473,-0.8294271255193882,0.8109887133935307
8.0,2.0,3.5,3.6666666666666665,1.0,5.0,20.0,26.0,1.0,Voted,1,1.3756021427942882,-1.2186424447967978,-0.8684841111860602,0.25952744239745473,1.5754017939847627,-1.4846063121019912
9.0,7.0,3.5,5.666666666666667,1.0,5.0,14.0,20.0,1.0,Voted,1,1.3756021427942882,0.026647433606003672,-0.8684841111860602,0.25952744239745473,-0.22821989564335046,-1.8205470475403605
6.0,6.0,3.0,7.0,2.0,5.0,19.0,33.0,2.0,Did not vote,0,0.6757928778571621,0.8568406858745377,0.6688668369168803,0.25952744239745473,1.274798179046744,-1.0926754540905608
5.0,4.0,4.25,5.0,1.0,5.0,20.0,71.0,1.0,Voted,1,2.425316040199977,-0.3884491925282636,-0.8684841111860602,0.25952744239745473,1.5754017939847627,1.0349492036857768
8.0,3.0,3.0,5.0,1.0,4.0,17.0,54.0,2.0,Voted,1,0.6757928778571621,-0.3884491925282636,-0.8684841111860602,-0.3055196473792817,0.6735909491707062,0.08311711994373105
8.0,1.0,1.5,5.666666666666667,2.0,7.0,11.0,90.0,1.0,Voted,1,-1.423634916954216,0.026647433606003672,0.6688668369168803,1.3896216219509276,-1.130030740457407,2.0987615325739455
8.0,6.0,3.0,5.0,1.0,3.0,18.0,60.0,2.0,Voted,1,0.6757928778571621,-0.3884491925282636,-0.8684841111860602,-0.8705667371560182,0.974194564108725,0.4190578553821001
2.0,3.0,1.5,7.0,1.0,4.0,8.0,68.0,1.0,Voted,1,-1.423634916954216,0.8568406858745377,-0.8684841111860602,-0.3055196473792817,-2.0318415852714637,0.8669788359665922
8.0,4.0,3.25,7.333333333333333,1.0,5.0,17.0,27.0,2.0,Voted,1,1.025697510325725,1.064388998941671,-0.8684841111860602,0.25952744239745473,0.6735909491707062,-1.4286161895289298
4.0,1.0,1.75,3.6666666666666665,1.0,5.0,17.0,24.0,2.0,Voted,1,-1.0737302844856529,-1.2186424447967978,-0.8684841111860602,0.25952744239745473,0.6735909491707062,-1.5965865572481144
6.0,5.0,2.75,6.333333333333333,1.0,0.0,18.0,29.0,2.0,Voted,1,0.3258882453885992,0.4417440597402704,-0.8684841111860602,-2.5657080064862274,0.974194564108725,-1.3166359443828068
6.0,5.0,2.5,6.0,2.0,3.0,18.0,26.0,2.0,Voted,1,-0.024016387079963866,0.23419574667313706,0.6688668369168803,-0.8705667371560182,0.974194564108725,-1.4846063121019912
6.0,4.0,3.0,5.0,2.0,4.0,20.0,29.0,2.0,Voted,1,0.6757928778571621,-0.3884491925282636,0.6688668369168803,-0.3055196473792817,1.5754017939847627,-1.3166359443828068
8.0,0.0,2.5,3.6666666666666665,1.0,4.0,10.0,76.0,2.0,Voted,1,-0.024016387079963866,-1.2186424447967978,-0.8684841111860602,-0.3055196473792817,-1.430634355395426,1.3148998165510843
0.0,0.0,1.0,0.0,2.0,10.0,13.0,57.0,2.0,Voted,1,-2.123444181891342,-3.501673888535267,0.6688668369168803,3.084762891281137,-0.5288235105813693,0.2510874876629156
5.0,3.0,3.0,5.333333333333333,1.0,5.0,11.0,84.0,2.0,Voted,1,0.6757928778571621,-0.18090087946113026,-0.8684841111860602,0.25952744239745473,-1.130030740457407,1.7628207971355765
4.0,3.0,2.5,4.666666666666667,1.0,7.0,11.0,61.0,1.0,Voted,1,-0.024016387079963866,-0.595997505595397,-0.8684841111860602,1.3896216219509276,-1.130030740457407,0.4750479779551616
5.0,2.0,2.0,5.0,2.0,5.0,13.0,45.0,2.0,Did not vote,0,-0.7238256520170899,-0.3884491925282636,0.6688668369168803,0.25952744239745473,-0.5288235105813693,-0.42079398321382255
9.0,5.0,2.75,6.666666666666667,1.0,2.0,25.0,39.0,2.0,Voted,1,0.3258882453885992,0.6492923728074044,-0.8684841111860602,-1.4356138269327547,3.078419868674857,-0.7567347186521917
8.0,4.0,2.75,5.333333333333333,2.0,7.0,16.0,60.0,2.0,Voted,1,0.3258882453885992,-0.18090087946113026,0.6688668369168803,1.3896216219509276,0.37298733423268726,0.4190578553821001
5.0,5.0,2.25,8.666666666666666,2.0,5.0,12.0,73.0,1.0,Voted,1,-0.37392101954852686,1.894582251210205,0.6688668369168803,0.25952744239745473,-0.8294271255193882,1.1469294488318997
1.0,0.0,2.25,1.0,1.0,10.0,13.0,71.0,1.0,Voted,1,-0.37392101954852686,-2.879028949333866,-0.8684841111860602,3.084762891281137,-0.5288235105813693,1.0349492036857768
3.0,3.0,2.0,6.333333333333333,1.0,7.0,13.0,80.0,2.0,Voted,1,-0.7238256520170899,0.4417440597402704,-0.8684841111860602,1.3896216219509276,-0.5288235105813693,1.5388603068433304
3.0,3.0,3.5,5.666666666666667,1.0,2.0,17.0,63.0,1.0,Voted,1,1.3756021427942882,0.026647433606003672,-0.8684841111860602,-1.4356138269327547,0.6735909491707062,0.5870282231012847
3.0,1.0,1.75,4.333333333333333,2.0,5.0,13.0,39.0,1.0,Voted,1,-1.0737302844856529,-0.8035458186625309,0.6688668369168803,0.25952744239745473,-0.5288235105813693,-0.7567347186521917
5.0,6.0,2.5,7.666666666666667,1.0,6.0,19.0,67.0,1.0,Voted,1,-0.024016387079963866,1.271937312008805,-0.8684841111860602,0.8245745321741912,1.274798179046744,0.8109887133935307
9.0,8.0,2.5,5.333333333333333,2.0,4.0,10.0,24.0,1.0,Did not vote,0,-0.024016387079963866,-0.18090087946113026,0.6688668369168803,-0.3055196473792817,-1.430634355395426,-1.5965865572481144
3.0,1.0,1.75,4.0,2.0,4.0,11.0,57.0,2.0,Did not vote,0,-1.0737302844856529,-1.0110941317296642,0.6688668369168803,-0.3055196473792817,-1.130030740457407,0.2510874876629156
0.0,3.0,2.0,4.333333333333333,2.0,5.0,18.0,56.0,1.0,Voted,1,-0.7238256520170899,-0.8035458186625309,0.6688668369168803,0.25952744239745473,0.974194564108725,0.19509736508985406
7.0,3.0,2.75,4.333333333333333,1.0,6.0,13.0,53.0,2.0,Voted,1,0.3258882453885992,-0.8035458186625309,-0.8684841111860602,0.8245745321741912,-0.5288235105813693,0.027126997370669537
7.0,7.0,3.0,6.333333333333333,1.0,3.0,16.0,48.0,2.0,Voted,1,0.6757928778571621,0.4417440597402704,-0.8684841111860602,-0.8705667371560182,0.37298733423268726,-0.25282361549463805
7.0,3.0,3.0,7.0,1.0,5.0,16.0,65.0,2.0,Voted,1,0.6757928778571621,0.8568406858745377,-0.8684841111860602,0.25952744239745473,0.37298733423268726,0.6990084682474077
8.0,1.0,2.0,6.666666666666667,2.0,5.0,13.0,76.0,2.0,Voted,1,-0.7238256520170899,0.6492923728074044,0.6688668369168803,0.25952744239745473,-0.5288235105813693,1.3148998165510843
7.0,7.0,2.5,6.333333333333333,1.0,1.0,16.0,43.0,2.0,Voted,1,-0.024016387079963866,0.4417440597402704,-0.8684841111860602,-2.0006609167094913,0.37298733423268726,-0.5327742283599456
2.0,3.0,2.5,4.333333333333333,2.0,5.0,13.0,33.0,1.0,Voted,1,-0.024016387079963866,-0.8035458186625309,0.6688668369168803,0.25952744239745473,-0.5288235105813693,-1.0926754540905608
7.0,6.0,2.25,6.333333333333333,1.0,5.0,15.0,36.0,1.0,Voted,1,-0.37392101954852686,0.4417440597402704,-0.8684841111860602,0.25952744239745473,0.0723837192946684,-0.9247050863713762
5.0,8.0,3.75,7.333333333333333,1.0,3.0,20.0,56.0,2.0,Voted,1,1.7255067752628512,1.064388998941671,-0.8684841111860602,-0.8705667371560182,1.5754017939847627,0.19509736508985406
2.0,0.0,1.0,2.3333333333333335,3.0,7.0,9.0,47.0,2.0,Did not vote,0,-2.123444181891342,-2.048835697065332,2.206217785019821,1.3896216219509276,-1.7312379703334448,-0.3088137380676995
2.0,1.0,1.25,6.0,1.0,5.0,15.0,71.0,2.0,Voted,1,-1.773539549422779,0.23419574667313706,-0.8684841111860602,0.25952744239745473,0.0723837192946684,1.0349492036857768
9.0,7.0,2.75,5.0,1.0,3.0,12.0,69.0,1.0,Voted,1,0.3258882453885992,-0.3884491925282636,-0.8684841111860602,-0.8705667371560182,-0.8294271255193882,0.9229689585396538
1.0,0.0,1.25,5.666666666666667,1.0,5.0,11.0,68.0,2.0,Voted,1,-1.773539549422779,0.026647433606003672,-0.8684841111860602,0.25952744239745473,-1.130030740457407,0.8669788359665922
5.0,5.0,2.25,7.333333333333333,2.0,5.0,14.0,62.0,1.0,Voted,1,-0.37392101954852686,1.064388998941671,0.6688668369168803,0.25952744239745473,-0.22821989564335046,0.5310381005282232
4.0,3.0,2.75,7.333333333333333,1.0,3.0,12.0,71.0,2.0,Voted,1,0.3258882453885992,1.064388998941671,-0.8684841111860602,-0.8705667371560182,-0.8294271255193882,1.0349492036857768
4.0,2.0,3.0,7.333333333333333,1.0,4.0,13.0,61.0,2.0,Voted,1,0.6757928778571621,1.064388998941671,-0.8684841111860602,-0.3055196473792817,-0.5288235105813693,0.4750479779551616
3.0,3.0,1.0,6.333333333333333,1.0,3.0,13.0,70.0,2.0,Voted,1,-2.123444181891342,0.4417440597402704,-0.8684841111860602,-0.8705667371560182,-0.5288235105813693,0.9789590811127152
7.0,7.0,3.0,5.666666666666667,1.0,4.0,17.0,32.0,2.0,Voted,1,0.6757928778571621,0.026647433606003672,-0.8684841111860602,-0.3055196473792817,0.6735909491707062,-1.1486655766636222
9.0,8.0,2.5,3.6666666666666665,2.0,5.0,12.0,69.0,1.0,Voted,1,-0.024016387079963866,-1.2186424447967978,0.6688668369168803,0.25952744239745473,-0.8294271255193882,0.9229689585396538
0.0,0.0,2.5,8.333333333333334,2.0,5.0,13.0,63.0,1.0,Voted,1,-0.024016387079963866,1.6870339381430723,0.6688668369168803,0.25952744239745473,-0.5288235105813693,0.5870282231012847
7.0,4.0,4.25,7.666666666666667,1.0,2.0,20.0,43.0,2.0,Voted,1,2.425316040199977,1.271937312008805,-0.8684841111860602,-1.4356138269327547,1.5754017939847627,-0.5327742283599456
4.0,5.0,1.5,4.666666666666667,1.0,5.0,13.0,27.0,2.0,Voted,1,-1.423634916954216,-0.595997505595397,-0.8684841111860602,0.25952744239745473,-0.5288235105813693,-1.4286161895289298
10.0,6.0,1.5,9.0,1.0,4.0,13.0,77.0,2.0,Voted,1,-1.423634916954216,2.102130564277339,-0.8684841111860602,-0.3055196473792817,-0.5288235105813693,1.3708899391241458
8.0,5.0,1.75,4.333333333333333,2.0,9.0,13.0,72.0,2.0,Voted,1,-1.0737302844856529,-0.8035458186625309,0.6688668369168803,2.5197158015044008,-0.5288235105813693,1.0909393262588383
6.0,5.0,2.0,5.666666666666667,1.0,4.0,12.0,67.0,2.0,Voted,1,-0.7238256520170899,0.026647433606003672,-0.8684841111860602,-0.3055196473792817,-0.8294271255193882,0.8109887133935307
7.0,5.0,4.0,5.666666666666667,1.0,5.0,13.0,52.0,2.0,Voted,1,2.0754114077314143,0.026647433606003672,-0.8684841111860602,0.25952744239745473,-0.5288235105813693,-0.028863125202391978
2.0,2.0,2.25,7.333333333333333,2.0,4.0,13.0,43.0,2.0,Voted,1,-0.37392101954852686,1.064388998941671,0.6688668369168803,-0.3055196473792817,-0.5288235105813693,-0.5327742283599456
1.0,1.0,1.75,4.666666666666667,2.0,5.0,14.0,52.0,1.0,Voted,1,-1.0737302844856529,-0.595997505595397,0.6688668369168803,0.25952744239745473,-0.22821989564335046,-0.028863125202391978
3.0,1.0,2.5,5.666666666666667,1.0,5.0,26.0,49.0,1.0,Voted,1,-0.024016387079963866,0.026647433606003672,-0.8684841111860602,0.25952744239745473,3.379023483612876,-0.1968334929215765
8.0,5.0,2.5,4.333333333333333,2.0,6.0,13.0,59.0,1.0,Voted,1,-0.024016387079963866,-0.8035458186625309,0.6688668369168803,0.8245745321741912,-0.5288235105813693,0.3630677328090386
4.0,4.0,1.75,6.333333333333333,1.0,4.0,12.0,61.0,2.0,Voted,1,-1.0737302844856529,0.4417440597402704,-0.8684841111860602,-0.3055196473792817,-0.8294271255193882,0.4750479779551616
7.0,3.0,2.25,8.0,1.0,4.0,14.0,51.0,1.0,Voted,1,-0.37392101954852686,1.4794856250759383,-0.8684841111860602,-0.3055196473792817,-0.22821989564335046,-0.08485324777545349
10.0,8.0,3.75,6.333333333333333,1.0,7.0,16.0,62.0,1.0,Voted,1,1.7255067752628512,0.4417440597402704,-0.8684841111860602,1.3896216219509276,0.37298733423268726,0.5310381005282232
8.0,2.0,2.25,4.0,1.0,3.0,17.0,22.0,2.0,Did not vote,0,-0.37392101954852686,-1.0110941317296642,-0.8684841111860602,-0.8705667371560182,0.6735909491707062,-1.7085668023942373
5.0,3.0,2.5,5.666666666666667,1.0,5.0,14.0,72.0,1.0,Voted,1,-0.024016387079963866,0.026647433606003672,-0.8684841111860602,0.25952744239745473,-0.22821989564335046,1.0909393262588383
5.0,0.0,1.5,4.0,2.0,6.0,12.0,71.0,2.0,Voted,1,-1.423634916954216,-1.0110941317296642,0.6688668369168803,0.8245745321741912,-0.8294271255193882,1.0349492036857768
4.0,2.0,1.5,6.0,2.0,5.0,9.0,64.0,1.0,Voted,1,-1.423634916954216,0.23419574667313706,0.6688668369168803,0.25952744239745473,-1.7312379703334448,0.6430183456743461
8.0,4.0,2.25,2.0,1.0,8.0,10.0,83.0,2.0,Voted,1,-0.37392101954852686,-2.2563840101324657,-0.8684841111860602,1.9546687117276642,-1.430634355395426,1.706830674562515
8.0,7.0,2.5,7.0,2.0,1.0,17.0,27.0,2.0,Voted,1,-0.024016387079963866,0.8568406858745377,0.6688668369168803,-2.0006609167094913,0.6735909491707062,-1.4286161895289298
8.0,5.0,3.0,4.0,2.0,6.0,17.0,39.0,1.0,Voted,1,0.6757928778571621,-1.0110941317296642,0.6688668369168803,0.8245745321741912,0.6735909491707062,-0.7567347186521917
7.0,5.0,3.5,5.666666666666667,1.0,6.0,18.0,67.0,1.0,Voted,1,1.3756021427942882,0.026647433606003672,-0.8684841111860602,0.8245745321741912,0.974194564108725,0.8109887133935307
5.0,0.0,1.5,3.3333333333333335,1.0,7.0,13.0,35.0,2.0,Voted,1,-1.423634916954216,-1.4261907578639312,-0.8684841111860602,1.3896216219509276,-0.5288235105813693,-0.9806952089444377
6.0,4.0,2.5,4.666666666666667,1.0,5.0,17.0,24.0,2.0,Did not vote,0,-0.024016387079963866,-0.595997505595397,-0.8684841111860602,0.25952744239745473,0.6735909491707062,-1.5965865572481144
7.0,4.0,3.0,6.0,1.0,5.0,13.0,56.0,2.0,Voted,1,0.6757928778571621,0.23419574667313706,-0.8684841111860602,0.25952744239745473,-0.5288235105813693,0.19509736508985406
4.0,3.0,1.0,3.6666666666666665,2.0,7.0,9.0,35.0,2.0,Did not vote,0,-2.123444181891342,-1.2186424447967978,0.6688668369168803,1.3896216219509276,-1.7312379703334448,-0.9806952089444377
1.0,2.0,3.0,5.0,1.0,7.0,14.0,56.0,2.0,Voted,1,0.6757928778571621,-0.3884491925282636,-0.8684841111860602,1.3896216219509276,-0.22821989564335046,0.19509736508985406
4.0,5.0,2.25,6.0,2.0,6.0,14.0,63.0,2.0,Voted,1,-0.37392101954852686,0.23419574667313706,0.6688668369168803,0.8245745321741912,-0.22821989564335046,0.5870282231012847
8.0,6.0,1.5,8.333333333333334,1.0,5.0,12.0,82.0,2.0,Voted,1,-1.423634916954216,1.6870339381430723,-0.8684841111860602,0.25952744239745473,-0.8294271255193882,1.6508405519894533
3.0,1.0,1.75,5.333333333333333,3.0,7.0,12.0,61.0,1.0,Voted,1,-1.0737302844856529,-0.18090087946113026,2.206217785019821,1.3896216219509276,-0.8294271255193882,0.4750479779551616
8.0,6.0,2.75,5.666666666666667,1.0,7.0,16.0,41.0,1.0,Voted,1,0.3258882453885992,0.026647433606003672,-0.8684841111860602,1.3896216219509276,0.37298733423268726,-0.6447544735060686
7.0,0.0,3.0,2.6666666666666665,2.0,5.0,15.0,31.0,1.0,Did not vote,0,0.6757928778571621,-1.8412873839981987,0.6688668369168803,0.25952744239745473,0.0723837192946684,-1.2046556992366837
5.0,3.0,2.75,5.666666666666667,2.0,3.0,16.0,23.0,2.0,Did not vote,0,0.3258882453885992,0.026647433606003672,0.6688668369168803,-0.8705667371560182,0.37298733423268726,-1.6525766798211758
7.0,6.0,2.25,5.666666666666667,2.0,4.0,13.0,41.0,2.0,Voted,1,-0.37392101954852686,0.026647433606003672,0.6688668369168803,-0.3055196473792817,-0.5288235105813693,-0.6447544735060686
7.0,5.0,2.5,8.0,1.0,3.0,16.0,66.0,1.0,Voted,1,-0.024016387079963866,1.4794856250759383,-0.8684841111860602,-0.8705667371560182,0.37298733423268726,0.7549985908204692
6.0,5.0,3.0,5.0,1.0,3.0,13.0,58.0,2.0,Voted,1,0.6757928778571621,-0.3884491925282636,-0.8684841111860602,-0.8705667371560182,-0.5288235105813693,0.3070776102359771
4.0,2.0,1.75,4.666666666666667,2.0,6.0,10.0,83.0,2.0,Voted,1,-1.0737302844856529,-0.595997505595397,0.6688668369168803,0.8245745321741912,-1.430634355395426,1.706830674562515
6.0,5.0,2.5,6.333333333333333,4.0,6.0,13.0,63.0,2.0,Voted,1,-0.024016387079963866,0.4417440597402704,3.743568733122761,0.8245745321741912,-0.5288235105813693,0.5870282231012847
8.0,7.0,3.75,6.333333333333333,1.0,5.0,14.0,59.0,2.0,Voted,1,1.7255067752628512,0.4417440597402704,-0.8684841111860602,0.25952744239745473,-0.22821989564335046,0.3630677328090386
7.0,0.0,3.0,4.333333333333333,1.0,3.0,20.0,32.0,1.0,Voted,1,0.6757928778571621,-0.8035458186625309,-0.8684841111860602,-0.8705667371560182,1.5754017939847627,-1.1486655766636222
6.0,3.0,2.5,6.333333333333333,2.0,6.0,12.0,44.0,1.0,Voted,1,-0.024016387079963866,0.4417440597402704,0.6688668369168803,0.8245745321741912,-0.8294271255193882,-0.47678410578688407
2.0,5.0,1.75,2.0,1.0,4.0,12.0,69.0,1.0,Voted,1,-1.0737302844856529,-2.2563840101324657,-0.8684841111860602,-0.3055196473792817,-0.8294271255193882,0.9229689585396538
3.0,0.0,1.75,8.0,1.0,5.0,15.0,70.0,2.0,Did not vote,0,-1.0737302844856529,1.4794856250759383,-0.8684841111860602,0.25952744239745473,0.0723837192946684,0.9789590811127152
7.0,5.0,2.5,4.333333333333333,1.0,6.0,17.0,82.0,1.0,Voted,1,-0.024016387079963866,-0.8035458186625309,-0.8684841111860602,0.8245745321741912,0.6735909491707062,1.6508405519894533
1.0,0.0,3.0,3.0,2.0,5.0,14.0,54.0,1.0,Voted,1,0.6757928778571621,-1.6337390709310649,0.6688668369168803,0.25952744239745473,-0.22821989564335046,0.08311711994373105
0.0,1.0,1.6666666666666667,3.0,2.0,6.0,12.0,50.0,2.0,Voted,1,-1.1903651619751738,-1.6337390709310649,0.6688668369168803,0.8245745321741912,-0.8294271255193882,-0.14084337034851502
6.0,3.0,1.5,8.0,2.0,5.0,13.0,39.0,2.0,Voted,1,-1.423634916954216,1.4794856250759383,0.6688668369168803,0.25952744239745473,-0.5288235105813693,-0.7567347186521917
9.0,5.0,4.25,6.666666666666667,2.0,5.0,14.0,63.0,1.0,Voted,1,2.425316040199977,0.6492923728074044,0.6688668369168803,0.25952744239745473,-0.22821989564335046,0.5870282231012847
8.0,4.0,3.5,6.666666666666667,1.0,3.0,26.0,36.0,1.0,Voted,1,1.3756021427942882,0.6492923728074044,-0.8684841111860602,-0.8705667371560182,3.379023483612876,-0.9247050863713762
3.0,5.0,2.0,6.333333333333333,1.0,6.0,13.0,87.0,1.0,Voted,1,-0.7238256520170899,0.4417440597402704,-0.8684841111860602,0.8245745321741912,-0.5288235105813693,1.9307911648547609
3.0,2.0,2.5,5.333333333333333,3.0,8.0,14.0,64.0,1.0,Voted,1,-0.024016387079963866,-0.18090087946113026,2.206217785019821,1.9546687117276642,-0.22821989564335046,0.6430183456743461
4.0,2.0,2.25,4.666666666666667,1.0,5.0,9.0,55.0,1.0,Voted,1,-0.37392101954852686,-0.595997505595397,-0.8684841111860602,0.25952744239745473,-1.7312379703334448,0.13910724251679257
6.0,3.0,2.5,6.333333333333333,2.0,2.0,14.0,35.0,1.0,Voted,1,-0.024016387079963866,0.4417440597402704,0.6688668369168803,-1.4356138269327547,-0.22821989564335046,-0.9806952089444377
8.0,5.0,3.0,7.666666666666667,1.0,5.0,20.0,54.0,1.0,Voted,1,0.6757928778571621,1.271937312008805,-0.8684841111860602,0.25952744239745473,1.5754017939847627,0.08311711994373105
3.0,5.0,2.75,6.333333333333333,1.0,4.0,16.0,60.0,2.0,Voted,1,0.3258882453885992,0.4417440597402704,-0.8684841111860602,-0.3055196473792817,0.37298733423268726,0.4190578553821001
7.0,5.0,3.0,7.0,1.0,5.0,19.0,43.0,1.0,Voted,1,0.6757928778571621,0.8568406858745377,-0.8684841111860602,0.25952744239745473,1.274798179046744,-0.5327742283599456
3.0,0.0,1.5,0.3333333333333333,2.0,3.0,12.0,66.0,2.0,Voted,1,-1.423634916954216,-3.294125575468134,0.6688668369168803,-0.8705667371560182,-0.8294271255193882,0.7549985908204692
3.0,3.0,2.75,3.6666666666666665,1.0,4.0,15.0,71.0,2.0,Voted,1,0.3258882453885992,-1.2186424447967978,-0.8684841111860602,-0.3055196473792817,0.0723837192946684,1.0349492036857768
7.0,6.0,3.0,4.666666666666667,1.0,1.0,14.0,54.0,1.0,Voted,1,0.6757928778571621,-0.595997505595397,-0.8684841111860602,-2.0006609167094913,-0.22821989564335046,0.08311711994373105
3.0,5.0,2.5,5.333333333333333,2.0,5.0,17.0,76.0,1.0,Voted,1,-0.024016387079963866,-0.18090087946113026,0.6688668369168803,0.25952744239745473,0.6735909491707062,1.3148998165510843
0.0,3.0,2.0,2.6666666666666665,1.0,7.0,12.0,22.0,2.0,Voted,1,-0.7238256520170899,-1.8412873839981987,-0.8684841111860602,1.3896216219509276,-0.8294271255193882,-1.7085668023942373
5.0,1.0,2.0,7.333333333333333,2.0,5.0,13.0,39.0,1.0,Voted,1,-0.7238256520170899,1.064388998941671,0.6688668369168803,0.25952744239745473,-0.5288235105813693,-0.7567347186521917
10.0,6.0,3.75,5.333333333333333,1.0,5.0,22.0,39.0,1.0,Voted,1,1.7255067752628512,-0.18090087946113026,-0.8684841111860602,0.25952744239745473,2.1766090238608005,-0.7567347186521917
7.0,3.0,2.0,7.0,2.0,8.0,20.0,29.0,2.0,Voted,1,-0.7238256520170899,0.8568406858745377,0.6688668369168803,1.9546687117276642,1.5754017939847627,-1.3166359443828068
3.0,5.0,1.75,4.333333333333333,2.0,5.0,13.0,23.0,2.0,Voted,1,-1.0737302844856529,-0.8035458186625309,0.6688668369168803,0.25952744239745473,-0.5288235105813693,-1.6525766798211758
1.0,1.0,2.75,4.333333333333333,1.0,6.0,15.0,37.0,2.0,Voted,1,0.3258882453885992,-0.8035458186625309,-0.8684841111860602,0.8245745321741912,0.0723837192946684,-0.8687149637983147
4.0,7.0,3.5,5.0,1.0,0.0,15.0,27.0,2.0,Voted,1,1.3756021427942882,-0.3884491925282636,-0.8684841111860602,-2.5657080064862274,0.0723837192946684,-1.4286161895289298
0.0,0.0,1.75,6.333333333333333,1.0,8.0,14.0,48.0,1.0,Voted,1,-1.0737302844856529,0.4417440597402704,-0.8684841111860602,1.9546687117276642,-0.22821989564335046,-0.25282361549463805
4.0,5.0,2.75,3.6666666666666665,1.0,2.0,15.0,25.0,2.0,Voted,1,0.3258882453885992,-1.2186424447967978,-0.8684841111860602,-1.4356138269327547,0.0723837192946684,-1.540596434675053
3.0,3.0,2.0,5.0,1.0,3.0,14.0,63.0,2.0,Voted,1,-0.7238256520170899,-0.3884491925282636,-0.8684841111860602,-0.8705667371560182,-0.22821989564335046,0.5870282231012847
0.0,3.0,2.0,1.6666666666666667,1.0,5.0,13.0,68.0,1.0,Voted,1,-0.7238256520170899,-2.463932323199599,-0.8684841111860602,0.25952744239745473,-0.5288235105813693,0.8669788359665922
9.0,4.0,2.25,5.333333333333333,2.0,5.0,15.0,49.0,1.0,Voted,1,-0.37392101954852686,-0.18090087946113026,0.6688668369168803,0.25952744239745473,0.0723837192946684,-0.1968334929215765
9.0,7.0,1.75,7.666666666666667,2.0,5.0,11.0,88.0,1.0,Voted,1,-1.0737302844856529,1.271937312008805,0.6688668369168803,0.25952744239745473,-1.130030740457407,1.9867812874278226
7.0,6.0,3.5,7.333333333333333,1.0,3.0,17.0,39.0,2.0,Voted,1,1.3756021427942882,1.064388998941671,-0.8684841111860602,-0.8705667371560182,0.6735909491707062,-0.7567347186521917
8.0,5.0,2.75,6.0,2.0,5.0,14.0,56.0,2.0,Voted,1,0.3258882453885992,0.23419574667313706,0.6688668369168803,0.25952744239745473,-0.22821989564335046,0.19509736508985406
4.0,3.0,2.25,5.333333333333333,2.0,7.0,14.0,52.0,1.0,Voted,1,-0.37392101954852686,-0.18090087946113026,0.6688668369168803,1.3896216219509276,-0.22821989564335046,-0.028863125202391978
6.0,6.0,3.5,7.0,1.0,7.0,20.0,42.0,1.0,Voted,1,1.3756021427942882,0.8568406858745377,-0.8684841111860602,1.3896216219509276,1.5754017939847627,-0.5887643509330072
7.0,8.0,2.5,5.666666666666667,1.0,5.0,15.0,30.0,2.0,Did not vote,0,-0.024016387079963866,0.026647433606003672,-0.8684841111860602,0.25952744239745473,0.0723837192946684,-1.2606458218097452
7.0,6.0,2.5,8.0,1.0,7.0,13.0,74.0,1.0,Voted,1,-0.024016387079963866,1.4794856250759383,-0.8684841111860602,1.3896216219509276,-0.5288235105813693,1.2029195714049614
4.0,5.0,1.75,3.3333333333333335,1.0,5.0,16.0,74.0,1.0,Voted,1,-1.0737302844856529,-1.4261907578639312,-0.8684841111860602,0.25952744239745473,0.37298733423268726,1.2029195714049614
0.0,0.0,1.75,2.3333333333333335,2.0,10.0,11.0,62.0,1.0,Voted,1,-1.0737302844856529,-2.048835697065332,0.6688668369168803,3.084762891281137,-1.130030740457407,0.5310381005282232
3.0,3.0,1.75,6.666666666666667,1.0,6.0,12.0,57.0,2.0,Voted,1,-1.0737302844856529,0.6492923728074044,-0.8684841111860602,0.8245745321741912,-0.8294271255193882,0.2510874876629156
0.0,0.0,1.75,4.666666666666667,1.0,9.0,16.0,25.0,1.0,Did not vote,0,-1.0737302844856529,-0.595997505595397,-0.8684841111860602,2.5197158015044008,0.37298733423268726,-1.540596434675053
5.0,5.0,2.25,7.333333333333333,1.0,5.0,13.0,56.0,2.0,Voted,1,-0.37392101954852686,1.064388998941671,-0.8684841111860602,0.25952744239745473,-0.5288235105813693,0.19509736508985406
8.0,7.0,3.0,8.333333333333334,1.0,5.0,25.0,71.0,2.0,Voted,1,0.6757928778571621,1.6870339381430723,-0.8684841111860602,0.25952744239745473,3.078419868674857,1.0349492036857768
7.0,6.0,3.25,7.333333333333333,1.0,3.0,16.0,22.0,1.0,Voted,1,1.025697510325725,1.064388998941671,-0.8684841111860602,-0.8705667371560182,0.37298733423268726,-1.7085668023942373
7.0,5.0,2.5,7.0,1.0,5.0,16.0,73.0,2.0,Did not vote,0,-0.024016387079963866,0.8568406858745377,-0.8684841111860602,0.25952744239745473,0.37298733423268726,1.1469294488318997
7.0,5.0,3.25,6.0,2.0,3.0,11.0,22.0,1.0,Voted,1,1.025697510325725,0.23419574667313706,0.6688668369168803,-0.8705667371560182,-1.130030740457407,-1.7085668023942373
8.0,7.0,3.25,6.0,2.0,5.0,15.0,23.0,1.0,Voted,1,1.025697510325725,0.23419574667313706,0.6688668369168803,0.25952744239745473,0.0723837192946684,-1.6525766798211758
0.0,2.0,2.0,4.333333333333333,2.0,5.0,16.0,39.0,2.0,Voted,1,-0.7238256520170899,-0.8035458186625309,0.6688668369168803,0.25952744239745473,0.37298733423268726,-0.7567347186521917
0.0,0.0,2.75,6.666666666666667,1.0,5.0,13.0,68.0,2.0,Voted,1,0.3258882453885992,0.6492923728074044,-0.8684841111860602,0.25952744239745473,-0.5288235105813693,0.8669788359665922
9.0,6.0,2.5,6.666666666666667,1.0,5.0,15.0,62.0,2.0,Voted,1,-0.024016387079963866,0.6492923728074044,-0.8684841111860602,0.25952744239745473,0.0723837192946684,0.5310381005282232
5.0,0.0,1.5,2.3333333333333335,2.0,4.0,11.0,82.0,2.0,Voted,1,-1.423634916954216,-2.048835697065332,0.6688668369168803,-0.3055196473792817,-1.130030740457407,1.6508405519894533
7.0,7.0,3.0,7.666666666666667,3.0,5.0,15.0,62.0,1.0,Voted,1,0.6757928778571621,1.271937312008805,2.206217785019821,0.25952744239745473,0.0723837192946684,0.5310381005282232
3.0,4.0,1.5,4.333333333333333,2.0,6.0,9.0,49.0,2.0,Voted,1,-1.423634916954216,-0.8035458186625309,0.6688668369168803,0.8245745321741912,-1.7312379703334448,-0.1968334929215765
10.0,8.0,4.0,8.333333333333334,1.0,3.0,18.0,51.0,1.0,Voted,1,2.0754114077314143,1.6870339381430723,-0.8684841111860602,-0.8705667371560182,0.974194564108725,-0.08485324777545349
7.0,7.0,3.25,6.666666666666667,1.0,2.0,10.0,23.0,2.0,Voted,1,1.025697510325725,0.6492923728074044,-0.8684841111860602,-1.4356138269327547,-1.430634355395426,-1.6525766798211758
5.0,1.0,1.25,5.333333333333333,3.0,3.0,11.0,78.0,2.0,Voted,1,-1.773539549422779,-0.18090087946113026,2.206217785019821,-0.8705667371560182,-1.130030740457407,1.4268800616972073
4.0,5.0,2.5,6.333333333333333,2.0,0.0,16.0,43.0,2.0,Voted,1,-0.024016387079963866,0.4417440597402704,0.6688668369168803,-2.5657080064862274,0.37298733423268726,-0.5327742283599456
6.0,9.0,2.0,6.0,2.0,2.0,11.0,80.0,2.0,Voted,1,-0.7238256520170899,0.23419574667313706,0.6688668369168803,-1.4356138269327547,-1.130030740457407,1.5388603068433304
5.0,8.0,3.5,4.666666666666667,1.0,6.0,19.0,32.0,1.0,Voted,1,1.3756021427942882,-0.595997505595397,-0.8684841111860602,0.8245745321741912,1.274798179046744,-1.1486655766636222
3.0,2.0,2.75,5.0,1.0,3.0,15.0,26.0,2.0,Voted,1,0.3258882453885992,-0.3884491925282636,-0.8684841111860602,-0.8705667371560182,0.0723837192946684,-1.4846063121019912
1.0,2.0,2.75,4.0,2.0,6.0,15.0,49.0,2.0,Voted,1,0.3258882453885992,-1.0110941317296642,0.6688668369168803,0.8245745321741912,0.0723837192946684,-0.1968334929215765
6.0,6.0,2.25,7.333333333333333,1.0,5.0,15.0,63.0,2.0,Voted,1,-0.37392101954852686,1.064388998941671,-0.8684841111860602,0.25952744239745473,0.0723837192946684,0.5870282231012847
5.0,0.0,1.25,3.6666666666666665,2.0,5.0,11.0,79.0,2.0,Voted,1,-1.773539549422779,-1.2186424447967978,0.6688668369168803,0.25952744239745473,-1.130030740457407,1.482870184270269
8.0,7.0,3.5,7.333333333333333,1.0,6.0,18.0,66.0,1.0,Voted,1,1.3756021427942882,1.064388998941671,-0.8684841111860602,0.8245745321741912,0.974194564108725,0.7549985908204692
7.0,6.0,4.0,7.666666666666667,2.0,6.0,17.0,24.0,1.0,Voted,1,2.0754114077314143,1.271937312008805,0.6688668369168803,0.8245745321741912,0.6735909491707062,-1.5965865572481144
5.0,2.0,2.5,6.666666666666667,1.0,6.0,11.0,70.0,2.0,Voted,1,-0.024016387079963866,0.6492923728074044,-0.8684841111860602,0.8245745321741912,-1.130030740457407,0.9789590811127152
6.0,5.0,2.5,4.333333333333333,3.0,6.0,12.0,20.0,1.0,Voted,1,-0.024016387079963866,-0.8035458186625309,2.206217785019821,0.8245745321741912,-0.8294271255193882,-1.8205470475403605
7.0,4.0,2.75,5.333333333333333,1.0,3.0,15.0,56.0,1.0,Voted,1,0.3258882453885992,-0.18090087946113026,-0.8684841111860602,-0.8705667371560182,0.0723837192946684,0.19509736508985406
7.0,6.0,3.25,8.0,2.0,2.0,15.0,60.0,1.0,Voted,1,1.025697510325725,1.4794856250759383,0.6688668369168803,-1.4356138269327547,0.0723837192946684,0.4190578553821001
7.0,5.0,3.5,7.333333333333333,2.0,3.0,20.0,26.0,2.0,Voted,1,1.3756021427942882,1.064388998941671,0.6688668369168803,-0.8705667371560182,1.5754017939847627,-1.4846063121019912
6.0,3.0,3.0,7.666666666666667,1.0,4.0,12.0,59.0,1.0,Voted,1,0.6757928778571621,1.271937312008805,-0.8684841111860602,-0.3055196473792817,-0.8294271255193882,0.3630677328090386
8.0,6.0,3.25,4.0,2.0,5.0,20.0,44.0,1.0,Voted,1,1.025697510325725,-1.0110941317296642,0.6688668369168803,0.25952744239745473,1.5754017939847627,-0.47678410578688407
4.0,2.0,1.75,5.666666666666667,2.0,5.0,16.0,61.0,1.0,Did not vote,0,-1.0737302844856529,0.026647433606003672,0.6688668369168803,0.25952744239745473,0.37298733423268726,0.4750479779551616
9.0,7.0,4.5,7.0,1.0,3.0,20.0,27.0,1.0,Voted,1,2.7752206726685404,0.8568406858745377,-0.8684841111860602,-0.8705667371560182,1.5754017939847627,-1.4286161895289298
7.0,4.0,2.25,7.0,2.0,6.0,20.0,39.0,1.0,Voted,1,-0.37392101954852686,0.8568406858745377,0.6688668369168803,0.8245745321741912,1.5754017939847627,-0.7567347186521917
5.0,4.0,2.0,5.333333333333333,2.0,7.0,21.0,34.0,1.0,Voted,1,-0.7238256520170899,-0.18090087946113026,0.6688668369168803,1.3896216219509276,1.8760054089227816,-1.0366853315174993
7.0,6.0,2.5,8.0,1.0,7.0,20.0,55.0,2.0,Voted,1,-0.024016387079963866,1.4794856250759383,-0.8684841111860602,1.3896216219509276,1.5754017939847627,0.13910724251679257
7.0,8.0,3.5,7.666666666666667,1.0,3.0,18.0,54.0,1.0,Voted,1,1.3756021427942882,1.271937312008805,-0.8684841111860602,-0.8705667371560182,0.974194564108725,0.08311711994373105
8.0,5.0,2.5,7.0,2.0,5.0,11.0,82.0,1.0,Voted,1,-0.024016387079963866,0.8568406858745377,0.6688668369168803,0.25952744239745473,-1.130030740457407,1.6508405519894533
5.0,4.0,2.25,6.333333333333333,3.0,4.0,10.0,26.0,2.0,Did not vote,0,-0.37392101954852686,0.4417440597402704,2.206217785019821,-0.3055196473792817,-1.430634355395426,-1.4846063121019912
6.0,5.0,3.25,6.666666666666667,1.0,2.0,23.0,61.0,2.0,Voted,1,1.025697510325725,0.6492923728074044,-0.8684841111860602,-1.4356138269327547,2.4772126387988194,0.4750479779551616
6.0,5.0,3.0,7.333333333333333,1.0,5.0,14.0,65.0,2.0,Voted,1,0.6757928778571621,1.064388998941671,-0.8684841111860602,0.25952744239745473,-0.22821989564335046,0.6990084682474077
9.0,8.0,3.5,7.333333333333333,1.0,5.0,21.0,43.0,1.0,Voted,1,1.3756021427942882,1.064388998941671,-0.8684841111860602,0.25952744239745473,1.8760054089227816,-0.5327742283599456
7.0,2.0,1.5,1.6666666666666667,1.0,5.0,18.0,43.0,1.0,Voted,1,-1.423634916954216,-2.463932323199599,-0.8684841111860602,0.25952744239745473,0.974194564108725,-0.5327742283599456
5.0,5.0,3.25,5.333333333333333,1.0,5.0,14.0,79.0,2.0,Voted,1,1.025697510325725,-0.18090087946113026,-0.8684841111860602,0.25952744239745473,-0.22821989564335046,1.482870184270269
8.0,4.0,2.0,3.3333333333333335,1.0,4.0,17.0,57.0,2.0,Voted,1,-0.7238256520170899,-1.4261907578639312,-0.8684841111860602,-0.3055196473792817,0.6735909491707062,0.2510874876629156
6.0,7.0,2.25,9.333333333333334,2.0,5.0,12.0,66.0,2.0,Voted,1,-0.37392101954852686,2.309678877344473,0.6688668369168803,0.25952744239745473,-0.8294271255193882,0.7549985908204692
4.0,4.0,1.75,7.0,1.0,4.0,19.0,31.0,2.0,Did not vote,0,-1.0737302844856529,0.8568406858745377,-0.8684841111860602,-0.3055196473792817,1.274798179046744,-1.2046556992366837
2.0,3.0,1.75,5.333333333333333,2.0,6.0,14.0,32.0,2.0,Voted,1,-1.0737302844856529,-0.18090087946113026,0.6688668369168803,0.8245745321741912,-0.22821989564335046,-1.1486655766636222
3.0,3.0,1.75,5.0,2.0,4.0,14.0,66.0,2.0,Voted,1,-1.0737302844856529,-0.3884491925282636,0.6688668369168803,-0.3055196473792817,-0.22821989564335046,0.7549985908204692
8.0,4.0,2.25,2.6666666666666665,2.0,2.0,21.0,44.0,2.0,Voted,1,-0.37392101954852686,-1.8412873839981987,0.6688668369168803,-1.4356138269327547,1.8760054089227816,-0.47678410578688407
4.0,0.0,2.0,3.6666666666666665,2.0,5.0,12.0,73.0,1.0,Voted,1,-0.7238256520170899,-1.2186424447967978,0.6688668369168803,0.25952744239745473,-0.8294271255193882,1.1469294488318997
6.0,4.0,2.0,7.666666666666667,1.0,6.0,14.0,40.0,1.0,Voted,1,-0.7238256520170899,1.271937312008805,-0.8684841111860602,0.8245745321741912,-0.22821989564335046,-0.7007445960791301
5.0,2.0,3.5,5.666666666666667,2.0,0.0,22.0,60.0,2.0,Voted,1,1.3756021427942882,0.026647433606003672,0.6688668369168803,-2.5657080064862274,2.1766090238608005,0.4190578553821001
10.0,2.0,1.25,4.0,1.0,6.0,13.0,24.0,1.0,Did not vote,0,-1.773539549422779,-1.0110941317296642,-0.8684841111860602,0.8245745321741912,-0.5288235105813693,-1.5965865572481144
8.0,0.0,2.0,6.0,1.0,3.0,14.0,46.0,2.0,Voted,1,-0.7238256520170899,0.23419574667313706,-0.8684841111860602,-0.8705667371560182,-0.22821989564335046,-0.36480386064076104
5.0,3.0,2.5,5.0,2.0,5.0,13.0,44.0,1.0,Voted,1,-0.024016387079963866,-0.3884491925282636,0.6688668369168803,0.25952744239745473,-0.5288235105813693,-0.47678410578688407
9.0,6.0,4.0,8.666666666666666,1.0,5.0,26.0,53.0,2.0,Voted,1,2.0754114077314143,1.894582251210205,-0.8684841111860602,0.25952744239745473,3.379023483612876,0.027126997370669537
3.0,1.0,2.0,7.0,2.0,2.0,11.0,80.0,2.0,Voted,1,-0.7238256520170899,0.8568406858745377,0.6688668369168803,-1.4356138269327547,-1.130030740457407,1.5388603068433304
8.0,4.0,2.5,6.333333333333333,2.0,4.0,18.0,38.0,2.0,Voted,1,-0.024016387079963866,0.4417440597402704,0.6688668369168803,-0.3055196473792817,0.974194564108725,-0.8127248412252531
5.0,5.0,2.5,5.0,1.0,5.0,12.0,51.0,1.0,Voted,1,-0.024016387079963866,-0.3884491925282636,-0.8684841111860602,0.25952744239745473,-0.8294271255193882,-0.08485324777545349
2.0,3.0,1.25,2.6666666666666665,2.0,5.0,14.0,41.0,2.0,Voted,1,-1.773539549422779,-1.8412873839981987,0.6688668369168803,0.25952744239745473,-0.22821989564335046,-0.6447544735060686
7.0,5.0,3.0,6.333333333333333,2.0,5.0,14.0,69.0,2.0,Voted,1,0.6757928778571621,0.4417440597402704,0.6688668369168803,0.25952744239745473,-0.22821989564335046,0.9229689585396538
0.0,0.0,1.25,4.666666666666667,1.0,2.0,12.0,57.0,1.0,Did not vote,0,-1.773539549422779,-0.595997505595397,-0.8684841111860602,-1.4356138269327547,-0.8294271255193882,0.2510874876629156
6.0,0.0,1.0,2.0,1.0,0.0,12.0,63.0,2.0,Voted,1,-2.123444181891342,-2.2563840101324657,-0.8684841111860602,-2.5657080064862274,-0.8294271255193882,0.5870282231012847
8.0,2.0,2.5,7.333333333333333,1.0,6.0,15.0,47.0,1.0,Voted,1,-0.024016387079963866,1.064388998941671,-0.8684841111860602,0.8245745321741912,0.0723837192946684,-0.3088137380676995
2.0,0.0,1.75,4.666666666666667,2.0,5.0,17.0,62.0,1.0,Voted,1,-1.0737302844856529,-0.595997505595397,0.6688668369168803,0.25952744239745473,0.6735909491707062,0.5310381005282232
8.0,6.0,3.25,7.0,2.0,4.0,14.0,21.0,1.0,Voted,1,1.025697510325725,0.8568406858745377,0.6688668369168803,-0.3055196473792817,-0.22821989564335046,-1.764556924967299
0.0,5.0,3.0,4.0,2.0,5.0,13.0,36.0,2.0,Voted,1,0.6757928778571621,-1.0110941317296642,0.6688668369168803,0.25952744239745473,-0.5288235105813693,-0.9247050863713762
10.0,5.0,1.75,4.0,2.0,5.0,10.0,20.0,1.0,Did not vote,0,-1.0737302844856529,-1.0110941317296642,0.6688668369168803,0.25952744239745473,-1.430634355395426,-1.8205470475403605
8.0,5.0,2.75,4.333333333333333,2.0,2.0,13.0,70.0,1.0,Voted,1,0.3258882453885992,-0.8035458186625309,0.6688668369168803,-1.4356138269327547,-0.5288235105813693,0.9789590811127152
4.0,3.0,2.25,5.666666666666667,1.0,5.0,17.0,35.0,1.0,Voted,1,-0.37392101954852686,0.026647433606003672,-0.8684841111860602,0.25952744239745473,0.6735909491707062,-0.9806952089444377
7.0,5.0,3.0,7.333333333333333,1.0,4.0,12.0,49.0,1.0,Voted,1,0.6757928778571621,1.064388998941671,-0.8684841111860602,-0.3055196473792817,-0.8294271255193882,-0.1968334929215765
7.0,6.0,3.75,4.0,1.0,4.0,13.0,20.0,1.0,Voted,1,1.7255067752628512,-1.0110941317296642,-0.8684841111860602,-0.3055196473792817,-0.5288235105813693,-1.8205470475403605
8.0,5.0,2.25,7.333333333333333,2.0,3.0,12.0,60.0,2.0,Voted,1,-0.37392101954852686,1.064388998941671,0.6688668369168803,-0.8705667371560182,-0.8294271255193882,0.4190578553821001
0.0,0.0,3.0,2.6666666666666665,2.0,5.0,15.0,38.0,1.0,Voted,1,0.6757928778571621,-1.8412873839981987,0.6688668369168803,0.25952744239745473,0.0723837192946684,-0.8127248412252531
2.0,0.0,1.75,5.0,2.0,5.0,12.0,83.0,1.0,Did not vote,0,-1.0737302844856529,-0.3884491925282636,0.6688668369168803,0.25952744239745473,-0.8294271255193882,1.706830674562515
5.0,4.0,2.25,3.0,1.0,6.0,14.0,53.0,1.0,Voted,1,-0.37392101954852686,-1.6337390709310649,-0.8684841111860602,0.8245745321741912,-0.22821989564335046,0.027126997370669537
8.0,5.0,2.0,7.0,2.0,5.0,16.0,34.0,1.0,Did not vote,0,-0.7238256520170899,0.8568406858745377,0.6688668369168803,0.25952744239745473,0.37298733423268726,-1.0366853315174993
7.0,5.0,2.5,6.333333333333333,1.0,5.0,17.0,27.0,2.0,Voted,1,-0.024016387079963866,0.4417440597402704,-0.8684841111860602,0.25952744239745473,0.6735909491707062,-1.4286161895289298
1.0,1.0,1.25,6.666666666666667,1.0,5.0,15.0,38.0,2.0,Voted,1,-1.773539549422779,0.6492923728074044,-0.8684841111860602,0.25952744239745473,0.0723837192946684,-0.8127248412252531
8.0,2.0,1.25,7.666666666666667,1.0,10.0,13.0,42.0,1.0,Did not vote,0,-1.773539549422779,1.271937312008805,-0.8684841111860602,3.084762891281137,-0.5288235105813693,-0.5887643509330072
3.0,7.0,3.0,6.666666666666667,2.0,5.0,23.0,30.0,1.0,Voted,1,0.6757928778571621,0.6492923728074044,0.6688668369168803,0.25952744239745473,2.4772126387988194,-1.2606458218097452
7.0,5.0,2.5,6.0,1.0,5.0,10.0,75.0,2.0,Voted,1,-0.024016387079963866,0.23419574667313706,-0.8684841111860602,0.25952744239745473,-1.430634355395426,1.2589096939780229
7.0,7.0,1.75,9.0,1.0,5.0,13.0,19.0,2.0,Voted,1,-1.0737302844856529,2.102130564277339,-0.8684841111860602,0.25952744239745473,-0.5288235105813693,-1.876537170113422
8.0,5.0,4.5,5.666666666666667,1.0,6.0,22.0,32.0,1.0,Voted,1,2.7752206726685404,0.026647433606003672,-0.8684841111860602,0.8245745321741912,2.1766090238608005,-1.1486655766636222
5.0,4.0,3.0,4.0,2.0,7.0,14.0,21.0,2.0,Voted,1,0.6757928778571621,-1.0110941317296642,0.6688668369168803,1.3896216219509276,-0.22821989564335046,-1.764556924967299
8.0,5.0,3.5,7.333333333333333,1.0,4.0,20.0,37.0,1.0,Voted,1,1.3756021427942882,1.064388998941671,-0.8684841111860602,-0.3055196473792817,1.5754017939847627,-0.8687149637983147
6.0,2.0,2.0,6.0,1.0,3.0,13.0,66.0,1.0,Voted,1,-0.7238256520170899,0.23419574667313706,-0.8684841111860602,-0.8705667371560182,-0.5288235105813693,0.7549985908204692
4.0,5.0,1.75,5.0,1.0,7.0,12.0,82.0,2.0,Voted,1,-1.0737302844856529,-0.3884491925282636,-0.8684841111860602,1.3896216219509276,-0.8294271255193882,1.6508405519894533
9.0,6.0,2.75,5.333333333333333,1.0,6.0,14.0,20.0,1.0,Voted,1,0.3258882453885992,-0.18090087946113026,-0.8684841111860602,0.8245745321741912,-0.22821989564335046,-1.8205470475403605
7.0,1.0,1.5,5.666666666666667,2.0,7.0,13.0,72.0,1.0,Voted,1,-1.423634916954216,0.026647433606003672,0.6688668369168803,1.3896216219509276,-0.5288235105813693,1.0909393262588383
4.0,3.0,2.75,4.666666666666667,2.0,6.0,16.0,41.0,1.0,Voted,1,0.3258882453885992,-0.595997505595397,0.6688668369168803,0.8245745321741912,0.37298733423268726,-0.6447544735060686
7.0,7.0,2.75,7.0,2.0,6.0,17.0,25.0,1.0,Voted,1,0.3258882453885992,0.8568406858745377,0.6688668369168803,0.8245745321741912,0.6735909491707062,-1.540596434675053
0.0,1.0,1.25,1.0,2.0,5.0,12.0,76.0,2.0,Did not vote,0,-1.773539549422779,-2.879028949333866,0.6688668369168803,0.25952744239745473,-0.8294271255193882,1.3148998165510843
5.0,3.0,3.0,4.333333333333333,2.0,5.0,21.0,41.0,1.0,Voted,1,0.6757928778571621,-0.8035458186625309,0.6688668369168803,0.25952744239745473,1.8760054089227816,-0.6447544735060686
2.0,0.0,1.25,4.333333333333333,2.0,7.0,13.0,54.0,1.0,Voted,1,-1.773539549422779,-0.8035458186625309,0.6688668369168803,1.3896216219509276,-0.5288235105813693,0.08311711994373105
7.0,2.0,2.75,4.666666666666667,1.0,5.0,13.0,57.0,2.0,Voted,1,0.3258882453885992,-0.595997505595397,-0.8684841111860602,0.25952744239745473,-0.5288235105813693,0.2510874876629156
5.0,3.0,2.0,3.6666666666666665,2.0,3.0,14.0,66.0,2.0,Voted,1,-0.7238256520170899,-1.2186424447967978,0.6688668369168803,-0.8705667371560182,-0.22821989564335046,0.7549985908204692
6.0,5.0,3.25,9.0,1.0,2.0,15.0,53.0,2.0,Voted,1,1.025697510325725,2.102130564277339,-0.8684841111860602,-1.4356138269327547,0.0723837192946684,0.027126997370669537
8.0,2.0,1.75,7.666666666666667,1.0,5.0,14.0,56.0,1.0,Voted,1,-1.0737302844856529,1.271937312008805,-0.8684841111860602,0.25952744239745473,-0.22821989564335046,0.19509736508985406
6.0,4.0,2.5,4.333333333333333,2.0,5.0,15.0,26.0,2.0,Voted,1,-0.024016387079963866,-0.8035458186625309,0.6688668369168803,0.25952744239745473,0.0723837192946684,-1.4846063121019912
5.0,1.0,1.5,5.666666666666667,1.0,6.0,15.0,59.0,1.0,Voted,1,-1.423634916954216,0.026647433606003672,-0.8684841111860602,0.8245745321741912,0.0723837192946684,0.3630677328090386
1.0,0.0,2.0,6.666666666666667,1.0,5.0,17.0,80.0,1.0,Voted,1,-0.7238256520170899,0.6492923728074044,-0.8684841111860602,0.25952744239745473,0.6735909491707062,1.5388603068433304
4.0,3.0,2.75,3.3333333333333335,1.0,3.0,17.0,46.0,2.0,Voted,1,0.3258882453885992,-1.4261907578639312,-0.8684841111860602,-0.8705667371560182,0.6735909491707062,-0.36480386064076104
3.0,4.0,1.75,8.0,1.0,6.0,18.0,80.0,2.0,Voted,1,-1.0737302844856529,1.4794856250759383,-0.8684841111860602,0.8245745321741912,0.974194564108725,1.5388603068433304
8.0,7.0,3.0,5.333333333333333,2.0,4.0,11.0,72.0,2.0,Voted,1,0.6757928778571621,-0.18090087946113026,0.6688668369168803,-0.3055196473792817,-1.130030740457407,1.0909393262588383
7.0,5.0,2.75,6.0,1.0,6.0,13.0,65.0,2.0,Voted,1,0.3258882453885992,0.23419574667313706,-0.8684841111860602,0.8245745321741912,-0.5288235105813693,0.6990084682474077
5.0,5.0,2.5,7.0,2.0,2.0,15.0,64.0,1.0,Voted,1,-0.024016387079963866,0.8568406858745377,0.6688668369168803,-1.4356138269327547,0.0723837192946684,0.6430183456743461
6.0,4.0,2.25,4.666666666666667,2.0,5.0,13.0,84.0,1.0,Voted,1,-0.37392101954852686,-0.595997505595397,0.6688668369168803,0.25952744239745473,-0.5288235105813693,1.7628207971355765
0.0,3.0,3.0,5.666666666666667,1.0,7.0,15.0,56.0,2.0,Voted,1,0.6757928778571621,0.026647433606003672,-0.8684841111860602,1.3896216219509276,0.0723837192946684,0.19509736508985406
4.0,7.0,2.3333333333333335,5.0,2.0,5.0,15.0,46.0,1.0,Voted,1,-0.2572861420590057,-0.3884491925282636,0.6688668369168803,0.25952744239745473,0.0723837192946684,-0.36480386064076104
4.0,3.0,2.25,6.333333333333333,2.0,4.0,19.0,40.0,2.0,Voted,1,-0.37392101954852686,0.4417440597402704,0.6688668369168803,-0.3055196473792817,1.274798179046744,-0.7007445960791301
3.0,4.0,1.75,7.0,2.0,5.0,14.0,54.0,2.0,Voted,1,-1.0737302844856529,0.8568406858745377,0.6688668369168803,0.25952744239745473,-0.22821989564335046,0.08311711994373105
4.0,2.0,3.25,0.6666666666666666,1.0,9.0,9.0,81.0,1.0,Did not vote,0,1.025697510325725,-3.0865772624009997,-0.8684841111860602,2.5197158015044008,-1.7312379703334448,1.5948504294163919
8.0,4.0,2.0,4.666666666666667,2.0,5.0,25.0,41.0,2.0,Did not vote,0,-0.7238256520170899,-0.595997505595397,0.6688668369168803,0.25952744239745473,3.078419868674857,-0.6447544735060686
2.0,5.0,1.5,4.0,2.0,7.0,18.0,58.0,1.0,Voted,1,-1.423634916954216,-1.0110941317296642,0.6688668369168803,1.3896216219509276,0.974194564108725,0.3070776102359771
3.0,4.0,2.25,3.0,1.0,6.0,20.0,41.0,1.0,Voted,1,-0.37392101954852686,-1.6337390709310649,-0.8684841111860602,0.8245745321741912,1.5754017939847627,-0.6447544735060686
10.0,4.0,3.75,5.666666666666667,1.0,2.0,17.0,25.0,2.0,Voted,1,1.7255067752628512,0.026647433606003672,-0.8684841111860602,-1.4356138269327547,0.6735909491707062,-1.540596434675053
5.0,6.0,4.0,6.666666666666667,1.0,3.0,21.0,29.0,1.0,Voted,1,2.0754114077314143,0.6492923728074044,-0.8684841111860602,-0.8705667371560182,1.8760054089227816,-1.3166359443828068
5.0,0.0,2.5,2.3333333333333335,1.0,5.0,19.0,82.0,1.0,Voted,1,-0.024016387079963866,-2.048835697065332,-0.8684841111860602,0.25952744239745473,1.274798179046744,1.6508405519894533
3.0,3.0,1.75,3.3333333333333335,2.0,3.0,14.0,38.0,2.0,Voted,1,-1.0737302844856529,-1.4261907578639312,0.6688668369168803,-0.8705667371560182,-0.22821989564335046,-0.8127248412252531
7.0,4.0,3.5,3.6666666666666665,2.0,2.0,19.0,29.0,1.0,Voted,1,1.3756021427942882,-1.2186424447967978,0.6688668369168803,-1.4356138269327547,1.274798179046744,-1.3166359443828068
8.0,6.0,3.25,6.0,1.0,6.0,15.0,65.0,2.0,Voted,1,1.025697510325725,0.23419574667313706,-0.8684841111860602,0.8245745321741912,0.0723837192946684,0.6990084682474077
1.0,2.0,2.5,5.666666666666667,2.0,6.0,17.0,45.0,2.0,Voted,1,-0.024016387079963866,0.026647433606003672,0.6688668369168803,0.8245745321741912,0.6735909491707062,-0.42079398321382255
4.0,3.0,1.5,3.3333333333333335,4.0,5.0,11.0,87.0,1.0,Did not vote,0,-1.423634916954216,-1.4261907578639312,3.743568733122761,0.25952744239745473,-1.130030740457407,1.9307911648547609
8.0,3.0,3.0,6.0,2.0,5.0,17.0,42.0,1.0,Voted,1,0.6757928778571621,0.23419574667313706,0.6688668369168803,0.25952744239745473,0.6735909491707062,-0.5887643509330072
8.0,5.0,2.25,6.333333333333333,1.0,5.0,13.0,34.0,1.0,Voted,1,-0.37392101954852686,0.4417440597402704,-0.8684841111860602,0.25952744239745473,-0.5288235105813693,-1.0366853315174993
4.0,3.0,1.75,6.0,2.0,5.0,17.0,71.0,2.0,Voted,1,-1.0737302844856529,0.23419574667313706,0.6688668369168803,0.25952744239745473,0.6735909491707062,1.0349492036857768
7.0,5.0,3.0,4.0,1.0,2.0,12.0,19.0,1.0,Did not vote,0,0.6757928778571621,-1.0110941317296642,-0.8684841111860602,-1.4356138269327547,-0.8294271255193882,-1.876537170113422
7.0,2.0,2.75,5.333333333333333,1.0,6.0,15.0,69.0,1.0,Voted,1,0.3258882453885992,-0.18090087946113026,-0.8684841111860602,0.8245745321741912,0.0723837192946684,0.9229689585396538
5.0,1.0,2.0,6.0,1.0,6.0,14.0,42.0,1.0,Did not vote,0,-0.7238256520170899,0.23419574667313706,-0.8684841111860602,0.8245745321741912,-0.22821989564335046,-0.5887643509330072
5.0,3.0,2.5,6.333333333333333,1.0,5.0,15.0,58.0,1.0,Voted,1,-0.024016387079963866,0.4417440597402704,-0.8684841111860602,0.25952744239745473,0.0723837192946684,0.3070776102359771
6.0,6.0,2.25,6.333333333333333,1.0,3.0,19.0,40.0,2.0,Voted,1,-0.37392101954852686,0.4417440597402704,-0.8684841111860602,-0.8705667371560182,1.274798179046744,-0.7007445960791301
0.0,0.0,2.0,6.666666666666667,1.0,1.0,14.0,21.0,1.0,Voted,1,-0.7238256520170899,0.6492923728074044,-0.8684841111860602,-2.0006609167094913,-0.22821989564335046,-1.764556924967299
8.0,5.0,2.5,4.333333333333333,1.0,5.0,12.0,52.0,2.0,Voted,1,-0.024016387079963866,-0.8035458186625309,-0.8684841111860602,0.25952744239745473,-0.8294271255193882,-0.028863125202391978
5.0,8.0,2.0,4.333333333333333,2.0,5.0,23.0,33.0,1.0,Voted,1,-0.7238256520170899,-0.8035458186625309,0.6688668369168803,0.25952744239745473,2.4772126387988194,-1.0926754540905608
9.0,8.0,3.25,2.6666666666666665,2.0,3.0,25.0,48.0,2.0,Voted,1,1.025697510325725,-1.8412873839981987,0.6688668369168803,-0.8705667371560182,3.078419868674857,-0.25282361549463805
7.0,3.0,2.75,7.0,1.0,5.0,13.0,62.0,2.0,Voted,1,0.3258882453885992,0.8568406858745377,-0.8684841111860602,0.25952744239745473,-0.5288235105813693,0.5310381005282232
7.0,6.0,3.0,7.333333333333333,2.0,5.0,14.0,49.0,2.0,Voted,1,0.6757928778571621,1.064388998941671,0.6688668369168803,0.25952744239745473,-0.22821989564335046,-0.1968334929215765
3.0,0.0,2.5,2.3333333333333335,2.0,7.0,16.0,76.0,1.0,Voted,1,-0.024016387079963866,-2.048835697065332,0.6688668369168803,1.3896216219509276,0.37298733423268726,1.3148998165510843
4.0,7.0,2.0,6.0,1.0,5.0,13.0,42.0,2.0,Voted,1,-0.7238256520170899,0.23419574667313706,-0.8684841111860602,0.25952744239745473,-0.5288235105813693,-0.5887643509330072
8.0,5.0,2.25,5.0,1.0,5.0,15.0,68.0,1.0,Voted,1,-0.37392101954852686,-0.3884491925282636,-0.8684841111860602,0.25952744239745473,0.0723837192946684,0.8669788359665922
5.0,5.0,2.0,5.666666666666667,1.0,5.0,14.0,62.0,2.0,Voted,1,-0.7238256520170899,0.026647433606003672,-0.8684841111860602,0.25952744239745473,-0.22821989564335046,0.5310381005282232
5.0,3.0,2.5,4.666666666666667,3.0,5.0,17.0,32.0,2.0,Voted,1,-0.024016387079963866,-0.595997505595397,2.206217785019821,0.25952744239745473,0.6735909491707062,-1.1486655766636222
3.0,3.0,1.25,3.3333333333333335,1.0,5.0,9.0,68.0,2.0,Voted,1,-1.773539549422779,-1.4261907578639312,-0.8684841111860602,0.25952744239745473,-1.7312379703334448,0.8669788359665922
3.0,1.0,2.0,2.0,3.0,5.0,13.0,32.0,1.0,Did not vote,0,-0.7238256520170899,-2.2563840101324657,2.206217785019821,0.25952744239745473,-0.5288235105813693,-1.1486655766636222
8.0,4.0,2.5,6.0,1.0,5.0,18.0,71.0,2.0,Did not vote,0,-0.024016387079963866,0.23419574667313706,-0.8684841111860602,0.25952744239745473,0.974194564108725,1.0349492036857768
9.0,3.0,3.25,6.333333333333333,1.0,6.0,17.0,53.0,2.0,Voted,1,1.025697510325725,0.4417440597402704,-0.8684841111860602,0.8245745321741912,0.6735909491707062,0.027126997370669537
5.0,2.0,3.0,7.666666666666667,1.0,2.0,21.0,76.0,2.0,Voted,1,0.6757928778571621,1.271937312008805,-0.8684841111860602,-1.4356138269327547,1.8760054089227816,1.3148998165510843
6.0,2.0,1.75,5.0,2.0,5.0,8.0,70.0,1.0,Did not vote,0,-1.0737302844856529,-0.3884491925282636,0.6688668369168803,0.25952744239745473,-2.0318415852714637,0.9789590811127152
7.0,7.0,3.25,6.333333333333333,1.0,5.0,14.0,36.0,1.0,Voted,1,1.025697510325725,0.4417440597402704,-0.8684841111860602,0.25952744239745473,-0.22821989564335046,-0.9247050863713762
7.0,5.0,3.25,6.666666666666667,1.0,2.0,17.0,90.0,1.0,Voted,1,1.025697510325725,0.6492923728074044,-0.8684841111860602,-1.4356138269327547,0.6735909491707062,2.0987615325739455
4.0,4.0,3.25,8.333333333333334,2.0,7.0,14.0,44.0,1.0,Voted,1,1.025697510325725,1.6870339381430723,0.6688668369168803,1.3896216219509276,-0.22821989564335046,-0.47678410578688407
7.0,5.0,4.0,7.0,1.0,3.0,22.0,53.0,2.0,Voted,1,2.0754114077314143,0.8568406858745377,-0.8684841111860602,-0.8705667371560182,2.1766090238608005,0.027126997370669537
5.0,4.0,3.5,5.666666666666667,1.0,5.0,19.0,62.0,2.0,Voted,1,1.3756021427942882,0.026647433606003672,-0.8684841111860602,0.25952744239745473,1.274798179046744,0.5310381005282232
8.0,4.0,3.25,7.0,1.0,3.0,18.0,59.0,1.0,Voted,1,1.025697510325725,0.8568406858745377,-0.8684841111860602,-0.8705667371560182,0.974194564108725,0.3630677328090386
7.0,5.0,2.0,6.666666666666667,2.0,5.0,18.0,25.0,2.0,Voted,1,-0.7238256520170899,0.6492923728074044,0.6688668369168803,0.25952744239745473,0.974194564108725,-1.540596434675053
2.0,1.0,2.25,6.333333333333333,1.0,5.0,17.0,57.0,1.0,Did not vote,0,-0.37392101954852686,0.4417440597402704,-0.8684841111860602,0.25952744239745473,0.6735909491707062,0.2510874876629156
5.0,5.0,3.25,5.333333333333333,2.0,5.0,10.0,47.0,2.0,Voted,1,1.025697510325725,-0.18090087946113026,0.6688668369168803,0.25952744239745473,-1.430634355395426,-0.3088137380676995
3.0,4.0,1.25,4.333333333333333,1.0,5.0,13.0,74.0,1.0,Voted,1,-1.773539549422779,-0.8035458186625309,-0.8684841111860602,0.25952744239745473,-0.5288235105813693,1.2029195714049614
5.0,5.0,1.75,5.333333333333333,2.0,5.0,15.0,37.0,2.0,Voted,1,-1.0737302844856529,-0.18090087946113026,0.6688668369168803,0.25952744239745473,0.0723837192946684,-0.8687149637983147
6.0,5.0,3.0,5.333333333333333,1.0,5.0,15.0,38.0,1.0,Voted,1,0.6757928778571621,-0.18090087946113026,-0.8684841111860602,0.25952744239745473,0.0723837192946684,-0.8127248412252531
6.0,3.0,2.25,6.333333333333333,2.0,6.0,13.0,40.0,2.0,Voted,1,-0.37392101954852686,0.4417440597402704,0.6688668369168803,0.8245745321741912,-0.5288235105813693,-0.7007445960791301
8.0,5.0,2.75,6.666666666666667,1.0,2.0,23.0,52.0,2.0,Voted,1,0.3258882453885992,0.6492923728074044,-0.8684841111860602,-1.4356138269327547,2.4772126387988194,-0.028863125202391978
1.0,0.0,2.0,4.333333333333333,1.0,5.0,14.0,57.0,1.0,Voted,1,-0.7238256520170899,-0.8035458186625309,-0.8684841111860602,0.25952744239745473,-0.22821989564335046,0.2510874876629156
4.0,3.0,2.0,4.666666666666667,3.0,5.0,13.0,47.0,1.0,Voted,1,-0.7238256520170899,-0.595997505595397,2.206217785019821,0.25952744239745473,-0.5288235105813693,-0.3088137380676995
9.0,6.0,3.25,6.0,1.0,2.0,15.0,67.0,1.0,Voted,1,1.025697510325725,0.23419574667313706,-0.8684841111860602,-1.4356138269327547,0.0723837192946684,0.8109887133935307
9.0,5.0,1.25,8.333333333333334,1.0,4.0,12.0,73.0,2.0,Voted,1,-1.773539549422779,1.6870339381430723,-0.8684841111860602,-0.3055196473792817,-0.8294271255193882,1.1469294488318997
7.0,5.0,2.0,6.333333333333333,1.0,3.0,14.0,47.0,2.0,Voted,1,-0.7238256520170899,0.4417440597402704,-0.8684841111860602,-0.8705667371560182,-0.22821989564335046,-0.3088137380676995
2.0,3.0,2.75,4.333333333333333,1.0,1.0,14.0,22.0,1.0,Voted,1,0.3258882453885992,-0.8035458186625309,-0.8684841111860602,-2.0006609167094913,-0.22821989564335046,-1.7085668023942373
7.0,6.0,2.5,5.666666666666667,1.0,2.0,15.0,70.0,2.0,Voted,1,-0.024016387079963866,0.026647433606003672,-0.8684841111860602,-1.4356138269327547,0.0723837192946684,0.9789590811127152
5.0,1.0,2.25,5.0,1.0,8.0,16.0,70.0,2.0,Voted,1,-0.37392101954852686,-0.3884491925282636,-0.8684841111860602,1.9546687117276642,0.37298733423268726,0.9789590811127152
3.0,0.0,2.25,5.333333333333333,2.0,5.0,11.0,69.0,1.0,Did not vote,0,-0.37392101954852686,-0.18090087946113026,0.6688668369168803,0.25952744239745473,-1.130030740457407,0.9229689585396538
7.0,5.0,2.5,6.0,1.0,5.0,19.0,38.0,2.0,Voted,1,-0.024016387079963866,0.23419574667313706,-0.8684841111860602,0.25952744239745473,1.274798179046744,-0.8127248412252531
7.0,3.0,3.25,5.333333333333333,1.0,7.0,15.0,31.0,1.0,Voted,1,1.025697510325725,-0.18090087946113026,-0.8684841111860602,1.3896216219509276,0.0723837192946684,-1.2046556992366837
7.0,7.0,1.75,6.0,4.0,3.0,14.0,74.0,2.0,Did not vote,0,-1.0737302844856529,0.23419574667313706,3.743568733122761,-0.8705667371560182,-0.22821989564335046,1.2029195714049614
7.0,5.0,4.25,5.666666666666667,1.0,5.0,20.0,45.0,2.0,Voted,1,2.425316040199977,0.026647433606003672,-0.8684841111860602,0.25952744239745473,1.5754017939847627,-0.42079398321382255
3.0,2.0,2.5,5.666666666666667,2.0,3.0,12.0,65.0,1.0,Voted,1,-0.024016387079963866,0.026647433606003672,0.6688668369168803,-0.8705667371560182,-0.8294271255193882,0.6990084682474077
2.0,4.0,2.5,0.0,1.0,5.0,17.0,60.0,2.0,Voted,1,-0.024016387079963866,-3.501673888535267,-0.8684841111860602,0.25952744239745473,0.6735909491707062,0.4190578553821001
7.0,6.0,2.25,5.666666666666667,2.0,5.0,12.0,30.0,2.0,Voted,1,-0.37392101954852686,0.026647433606003672,0.6688668369168803,0.25952744239745473,-0.8294271255193882,-1.2606458218097452
2.0,0.0,2.5,5.0,2.0,8.0,13.0,60.0,1.0,Voted,1,-0.024016387079963866,-0.3884491925282636,0.6688668369168803,1.9546687117276642,-0.5288235105813693,0.4190578553821001
7.0,5.0,1.75,5.666666666666667,2.0,5.0,13.0,66.0,2.0,Did not vote,0,-1.0737302844856529,0.026647433606003672,0.6688668369168803,0.25952744239745473,-0.5288235105813693,0.7549985908204692
8.0,5.0,3.25,7.0,1.0,3.0,19.0,67.0,2.0,Voted,1,1.025697510325725,0.8568406858745377,-0.8684841111860602,-0.8705667371560182,1.274798179046744,0.8109887133935307
4.0,6.0,2.75,5.333333333333333,2.0,4.0,13.0,54.0,1.0,Voted,1,0.3258882453885992,-0.18090087946113026,0.6688668369168803,-0.3055196473792817,-0.5288235105813693,0.08311711994373105
5.0,4.0,1.75,6.0,1.0,4.0,16.0,25.0,1.0,Voted,1,-1.0737302844856529,0.23419574667313706,-0.8684841111860602,-0.3055196473792817,0.37298733423268726,-1.540596434675053
3.0,3.0,1.25,7.0,2.0,4.0,13.0,71.0,2.0,Voted,1,-1.773539549422779,0.8568406858745377,0.6688668369168803,-0.3055196473792817,-0.5288235105813693,1.0349492036857768
3.0,2.0,2.5,4.666666666666667,1.0,5.0,12.0,77.0,2.0,Voted,1,-0.024016387079963866,-0.595997505595397,-0.8684841111860602,0.25952744239745473,-0.8294271255193882,1.3708899391241458
6.0,2.0,3.0,5.666666666666667,2.0,5.0,16.0,53.0,2.0,Voted,1,0.6757928778571621,0.026647433606003672,0.6688668369168803,0.25952744239745473,0.37298733423268726,0.027126997370669537
2.0,3.0,1.75,3.0,2.0,8.0,9.0,78.0,1.0,Did not vote,0,-1.0737302844856529,-1.6337390709310649,0.6688668369168803,1.9546687117276642,-1.7312379703334448,1.4268800616972073
6.0,4.0,2.0,6.333333333333333,1.0,7.0,11.0,72.0,1.0,Voted,1,-0.7238256520170899,0.4417440597402704,-0.8684841111860602,1.3896216219509276,-1.130030740457407,1.0909393262588383
9.0,7.0,2.75,6.666666666666667,1.0,5.0,11.0,82.0,1.0,Voted,1,0.3258882453885992,0.6492923728074044,-0.8684841111860602,0.25952744239745473,-1.130030740457407,1.6508405519894533
7.0,6.0,2.25,8.666666666666666,2.0,2.0,13.0,51.0,2.0,Voted,1,-0.37392101954852686,1.894582251210205,0.6688668369168803,-1.4356138269327547,-0.5288235105813693,-0.08485324777545349
9.0,4.0,3.75,5.666666666666667,1.0,1.0,17.0,80.0,1.0,Voted,1,1.7255067752628512,0.026647433606003672,-0.8684841111860602,-2.0006609167094913,0.6735909491707062,1.5388603068433304
8.0,3.0,3.25,5.333333333333333,1.0,6.0,17.0,82.0,1.0,Voted,1,1.025697510325725,-0.18090087946113026,-0.8684841111860602,0.8245745321741912,0.6735909491707062,1.6508405519894533
4.0,5.0,2.0,6.666666666666667,2.0,5.0,13.0,48.0,1.0,Voted,1,-0.7238256520170899,0.6492923728074044,0.6688668369168803,0.25952744239745473,-0.5288235105813693,-0.25282361549463805
3.0,1.0,2.25,4.666666666666667,1.0,5.0,21.0,27.0,1.0,Voted,1,-0.37392101954852686,-0.595997505595397,-0.8684841111860602,0.25952744239745473,1.8760054089227816,-1.4286161895289298
4.0,4.0,1.5,3.6666666666666665,4.0,5.0,9.0,42.0,2.0,Did not vote,0,-1.423634916954216,-1.2186424447967978,3.743568733122761,0.25952744239745473,-1.7312379703334448,-0.5887643509330072
5.0,4.0,1.0,4.333333333333333,2.0,5.0,14.0,69.0,2.0,Voted,1,-2.123444181891342,-0.8035458186625309,0.6688668369168803,0.25952744239745473,-0.22821989564335046,0.9229689585396538
8.0,8.0,3.75,7.0,2.0,4.0,20.0,29.0,1.0,Voted,1,1.7255067752628512,0.8568406858745377,0.6688668369168803,-0.3055196473792817,1.5754017939847627,-1.3166359443828068
8.0,7.0,3.5,6.666666666666667,3.0,5.0,10.0,85.0,2.0,Voted,1,1.3756021427942882,0.6492923728074044,2.206217785019821,0.25952744239745473,-1.430634355395426,1.818810919708638
5.0,5.0,2.0,3.0,2.0,4.0,11.0,72.0,2.0,Voted,1,-0.7238256520170899,-1.6337390709310649,0.6688668369168803,-0.3055196473792817,-1.130030740457407,1.0909393262588383
7.0,4.0,2.5,5.666666666666667,2.0,4.0,14.0,24.0,2.0,Voted,1,-0.024016387079963866,0.026647433606003672,0.6688668369168803,-0.3055196473792817,-0.22821989564335046,-1.5965865572481144
3.0,0.0,2.75,5.666666666666667,1.0,5.0,17.0,58.0,2.0,Voted,1,0.3258882453885992,0.026647433606003672,-0.8684841111860602,0.25952744239745473,0.6735909491707062,0.3070776102359771
9.0,6.0,3.25,8.666666666666666,1.0,2.0,21.0,50.0,1.0,Voted,1,1.025697510325725,1.894582251210205,-0.8684841111860602,-1.4356138269327547,1.8760054089227816,-0.14084337034851502
10.0,7.0,2.0,8.333333333333334,3.0,5.0,7.0,83.0,2.0,Voted,1,-0.7238256520170899,1.6870339381430723,2.206217785019821,0.25952744239745473,-2.3324452002094826,1.706830674562515
8.0,7.0,3.0,6.333333333333333,2.0,5.0,19.0,33.0,1.0,Voted,1,0.6757928778571621,0.4417440597402704,0.6688668369168803,0.25952744239745473,1.274798179046744,-1.0926754540905608
8.0,3.0,2.25,5.333333333333333,2.0,6.0,15.0,47.0,1.0,Voted,1,-0.37392101954852686,-0.18090087946113026,0.6688668369168803,0.8245745321741912,0.0723837192946684,-0.3088137380676995
4.0,4.0,1.75,5.333333333333333,2.0,6.0,11.0,52.0,1.0,Voted,1,-1.0737302844856529,-0.18090087946113026,0.6688668369168803,0.8245745321741912,-1.130030740457407,-0.028863125202391978
6.0,4.0,2.75,7.333333333333333,2.0,2.0,12.0,85.0,2.0,Voted,1,0.3258882453885992,1.064388998941671,0.6688668369168803,-1.4356138269327547,-0.8294271255193882,1.818810919708638
6.0,3.0,3.0,5.0,1.0,5.0,12.0,36.0,1.0,Voted,1,0.6757928778571621,-0.3884491925282636,-0.8684841111860602,0.25952744239745473,-0.8294271255193882,-0.9247050863713762
10.0,1.0,3.0,3.6666666666666665,1.0,5.0,14.0,51.0,2.0,Voted,1,0.6757928778571621,-1.2186424447967978,-0.8684841111860602,0.25952744239745473,-0.22821989564335046,-0.08485324777545349
0.0,0.0,2.75,5.0,1.0,9.0,10.0,46.0,1.0,Voted,1,0.3258882453885992,-0.3884491925282636,-0.8684841111860602,2.5197158015044008,-1.430634355395426,-0.36480386064076104
2.0,2.0,1.75,5.0,1.0,5.0,11.0,76.0,1.0,Voted,1,-1.0737302844856529,-0.3884491925282636,-0.8684841111860602,0.25952744239745473,-1.130030740457407,1.3148998165510843
7.0,6.0,2.75,7.0,1.0,4.0,25.0,58.0,1.0,Voted,1,0.3258882453885992,0.8568406858745377,-0.8684841111860602,-0.3055196473792817,3.078419868674857,0.3070776102359771
4.0,3.0,2.0,6.666666666666667,1.0,3.0,14.0,54.0,2.0,Voted,1,-0.7238256520170899,0.6492923728074044,-0.8684841111860602,-0.8705667371560182,-0.22821989564335046,0.08311711994373105
8.0,3.0,4.0,5.666666666666667,1.0,1.0,16.0,28.0,1.0,Voted,1,2.0754114077314143,0.026647433606003672,-0.8684841111860602,-2.0006609167094913,0.37298733423268726,-1.3726260669558683
9.0,6.0,2.25,3.0,3.0,5.0,13.0,43.0,2.0,Voted,1,-0.37392101954852686,-1.6337390709310649,2.206217785019821,0.25952744239745473,-0.5288235105813693,-0.5327742283599456
4.0,2.0,1.75,5.0,2.0,5.0,12.0,57.0,2.0,Did not vote,0,-1.0737302844856529,-0.3884491925282636,0.6688668369168803,0.25952744239745473,-0.8294271255193882,0.2510874876629156
8.0,3.0,3.0,6.666666666666667,1.0,6.0,17.0,65.0,1.0,Voted,1,0.6757928778571621,0.6492923728074044,-0.8684841111860602,0.8245745321741912,0.6735909491707062,0.6990084682474077
10.0,5.0,1.25,6.333333333333333,2.0,5.0,11.0,78.0,2.0,Did not vote,0,-1.773539549422779,0.4417440597402704,0.6688668369168803,0.25952744239745473,-1.130030740457407,1.4268800616972073
7.0,3.0,1.75,7.666666666666667,1.0,3.0,11.0,51.0,2.0,Voted,1,-1.0737302844856529,1.271937312008805,-0.8684841111860602,-0.8705667371560182,-1.130030740457407,-0.08485324777545349
3.0,3.0,2.5,6.666666666666667,3.0,4.0,15.0,29.0,1.0,Voted,1,-0.024016387079963866,0.6492923728074044,2.206217785019821,-0.3055196473792817,0.0723837192946684,-1.3166359443828068
0.0,0.0,1.0,0.6666666666666666,3.0,3.0,13.0,87.0,1.0,Voted,1,-2.123444181891342,-3.0865772624009997,2.206217785019821,-0.8705667371560182,-0.5288235105813693,1.9307911648547609
3.0,3.0,2.0,4.0,2.0,8.0,11.0,64.0,2.0,Voted,1,-0.7238256520170899,-1.0110941317296642,0.6688668369168803,1.9546687117276642,-1.130030740457407,0.6430183456743461
7.0,8.0,3.0,6.0,2.0,4.0,14.0,21.0,1.0,Voted,1,0.6757928778571621,0.23419574667313706,0.6688668369168803,-0.3055196473792817,-0.22821989564335046,-1.764556924967299
2.0,2.0,2.25,7.0,2.0,3.0,15.0,30.0,2.0,Did not vote,0,-0.37392101954852686,0.8568406858745377,0.6688668369168803,-0.8705667371560182,0.0723837192946684,-1.2606458218097452
8.0,7.0,4.25,8.666666666666666,1.0,2.0,25.0,58.0,2.0,Voted,1,2.425316040199977,1.894582251210205,-0.8684841111860602,-1.4356138269327547,3.078419868674857,0.3070776102359771
6.0,2.0,2.5,6.333333333333333,1.0,8.0,18.0,82.0,1.0,Voted,1,-0.024016387079963866,0.4417440597402704,-0.8684841111860602,1.9546687117276642,0.974194564108725,1.6508405519894533
3.0,1.0,2.0,6.333333333333333,1.0,5.0,9.0,90.0,2.0,Voted,1,-0.7238256520170899,0.4417440597402704,-0.8684841111860602,0.25952744239745473,-1.7312379703334448,2.0987615325739455
5.0,4.0,2.75,7.0,2.0,5.0,17.0,33.0,2.0,Voted,1,0.3258882453885992,0.8568406858745377,0.6688668369168803,0.25952744239745473,0.6735909491707062,-1.0926754540905608
9.0,7.0,2.5,4.0,2.0,3.0,15.0,23.0,2.0,Voted,1,-0.024016387079963866,-1.0110941317296642,0.6688668369168803,-0.8705667371560182,0.0723837192946684,-1.6525766798211758
5.0,1.0,2.0,6.666666666666667,4.0,5.0,12.0,59.0,2.0,Voted,1,-0.7238256520170899,0.6492923728074044,3.743568733122761,0.25952744239745473,-0.8294271255193882,0.3630677328090386
7.0,4.0,2.25,2.6666666666666665,1.0,7.0,15.0,24.0,2.0,Voted,1,-0.37392101954852686,-1.8412873839981987,-0.8684841111860602,1.3896216219509276,0.0723837192946684,-1.5965865572481144
6.0,6.0,3.25,5.333333333333333,1.0,7.0,19.0,33.0,1.0,Voted,1,1.025697510325725,-0.18090087946113026,-0.8684841111860602,1.3896216219509276,1.274798179046744,-1.0926754540905608
7.0,5.0,2.5,5.333333333333333,1.0,2.0,21.0,46.0,2.0,Voted,1,-0.024016387079963866,-0.18090087946113026,-0.8684841111860602,-1.4356138269327547,1.8760054089227816,-0.36480386064076104
4.0,3.0,3.0,7.0,1.0,5.0,18.0,33.0,2.0,Voted,1,0.6757928778571621,0.8568406858745377,-0.8684841111860602,0.25952744239745473,0.974194564108725,-1.0926754540905608
4.0,2.0,2.25,3.3333333333333335,2.0,5.0,9.0,65.0,2.0,Voted,1,-0.37392101954852686,-1.4261907578639312,0.6688668369168803,0.25952744239745473,-1.7312379703334448,0.6990084682474077
3.0,2.0,2.25,5.0,4.0,5.0,12.0,82.0,1.0,Voted,1,-0.37392101954852686,-0.3884491925282636,3.743568733122761,0.25952744239745473,-0.8294271255193882,1.6508405519894533
8.0,6.0,2.75,6.666666666666667,1.0,7.0,10.0,74.0,1.0,Voted,1,0.3258882453885992,0.6492923728074044,-0.8684841111860602,1.3896216219509276,-1.430634355395426,1.2029195714049614
4.0,5.0,2.0,4.333333333333333,3.0,5.0,11.0,58.0,1.0,Voted,1,-0.7238256520170899,-0.8035458186625309,2.206217785019821,0.25952744239745473,-1.130030740457407,0.3070776102359771
2.0,1.0,2.0,5.333333333333333,2.0,6.0,13.0,59.0,2.0,Voted,1,-0.7238256520170899,-0.18090087946113026,0.6688668369168803,0.8245745321741912,-0.5288235105813693,0.3630677328090386
3.0,1.0,2.5,5.666666666666667,2.0,6.0,20.0,70.0,1.0,Voted,1,-0.024016387079963866,0.026647433606003672,0.6688668369168803,0.8245745321741912,1.5754017939847627,0.9789590811127152
7.0,5.0,2.25,7.0,1.0,4.0,13.0,77.0,1.0,Did not vote,0,-0.37392101954852686,0.8568406858745377,-0.8684841111860602,-0.3055196473792817,-0.5288235105813693,1.3708899391241458
5.0,5.0,2.25,5.333333333333333,2.0,5.0,9.0,82.0,2.0,Voted,1,-0.37392101954852686,-0.18090087946113026,0.6688668369168803,0.25952744239745473,-1.7312379703334448,1.6508405519894533
8.0,6.0,2.75,7.0,2.0,4.0,10.0,50.0,2.0,Voted,1,0.3258882453885992,0.8568406858745377,0.6688668369168803,-0.3055196473792817,-1.430634355395426,-0.14084337034851502
7.0,7.0,3.5,7.666666666666667,1.0,5.0,22.0,41.0,1.0,Voted,1,1.3756021427942882,1.271937312008805,-0.8684841111860602,0.25952744239745473,2.1766090238608005,-0.6447544735060686
6.0,5.0,1.5,7.0,1.0,5.0,13.0,59.0,1.0,Voted,1,-1.423634916954216,0.8568406858745377,-0.8684841111860602,0.25952744239745473,-0.5288235105813693,0.3630677328090386
4.0,2.0,1.75,4.333333333333333,3.0,5.0,16.0,36.0,2.0,Voted,1,-1.0737302844856529,-0.8035458186625309,2.206217785019821,0.25952744239745473,0.37298733423268726,-0.9247050863713762
3.0,2.0,2.5,5.0,1.0,5.0,15.0,35.0,2.0,Voted,1,-0.024016387079963866,-0.3884491925282636,-0.8684841111860602,0.25952744239745473,0.0723837192946684,-0.9806952089444377
8.0,5.0,2.5,6.666666666666667,4.0,5.0,11.0,28.0,1.0,Did not vote,0,-0.024016387079963866,0.6492923728074044,3.743568733122761,0.25952744239745473,-1.130030740457407,-1.3726260669558683
0.0,0.0,2.0,4.333333333333333,1.0,5.0,17.0,38.0,1.0,Voted,1,-0.7238256520170899,-0.8035458186625309,-0.8684841111860602,0.25952744239745473,0.6735909491707062,-0.8127248412252531
5.0,6.0,2.5,5.666666666666667,1.0,4.0,13.0,52.0,1.0,Voted,1,-0.024016387079963866,0.026647433606003672,-0.8684841111860602,-0.3055196473792817,-0.5288235105813693,-0.028863125202391978
4.0,5.0,1.75,4.666666666666667,2.0,5.0,15.0,65.0,2.0,Voted,1,-1.0737302844856529,-0.595997505595397,0.6688668369168803,0.25952744239745473,0.0723837192946684,0.6990084682474077
5.0,3.0,3.0,4.0,1.0,3.0,17.0,23.0,2.0,Voted,1,0.6757928778571621,-1.0110941317296642,-0.8684841111860602,-0.8705667371560182,0.6735909491707062,-1.6525766798211758
7.0,3.0,3.75,3.6666666666666665,1.0,6.0,16.0,22.0,2.0,Voted,1,1.7255067752628512,-1.2186424447967978,-0.8684841111860602,0.8245745321741912,0.37298733423268726,-1.7085668023942373
7.0,3.0,2.5,5.333333333333333,2.0,5.0,12.0,22.0,1.0,Voted,1,-0.024016387079963866,-0.18090087946113026,0.6688668369168803,0.25952744239745473,-0.8294271255193882,-1.7085668023942373
1.0,2.0,2.5,5.0,2.0,7.0,16.0,72.0,1.0,Voted,1,-0.024016387079963866,-0.3884491925282636,0.6688668369168803,1.3896216219509276,0.37298733423268726,1.0909393262588383
8.0,4.0,2.75,7.666666666666667,2.0,5.0,20.0,44.0,1.0,Voted,1,0.3258882453885992,1.271937312008805,0.6688668369168803,0.25952744239745473,1.5754017939847627,-0.47678410578688407
9.0,5.0,2.5,6.666666666666667,1.0,5.0,19.0,60.0,2.0,Voted,1,-0.024016387079963866,0.6492923728074044,-0.8684841111860602,0.25952744239745473,1.274798179046744,0.4190578553821001
4.0,6.0,3.5,4.666666666666667,2.0,2.0,14.0,22.0,1.0,Voted,1,1.3756021427942882,-0.595997505595397,0.6688668369168803,-1.4356138269327547,-0.22821989564335046,-1.7085668023942373
8.0,6.0,2.5,6.0,1.0,5.0,11.0,79.0,1.0,Voted,1,-0.024016387079963866,0.23419574667313706,-0.8684841111860602,0.25952744239745473,-1.130030740457407,1.482870184270269
2.0,1.0,2.0,6.0,1.0,5.0,18.0,78.0,1.0,Voted,1,-0.7238256520170899,0.23419574667313706,-0.8684841111860602,0.25952744239745473,0.974194564108725,1.4268800616972073
6.0,5.0,2.75,8.0,1.0,4.0,20.0,70.0,2.0,Voted,1,0.3258882453885992,1.4794856250759383,-0.8684841111860602,-0.3055196473792817,1.5754017939847627,0.9789590811127152
8.0,4.0,2.25,6.333333333333333,1.0,4.0,14.0,74.0,1.0,Voted,1,-0.37392101954852686,0.4417440597402704,-0.8684841111860602,-0.3055196473792817,-0.22821989564335046,1.2029195714049614
5.0,6.0,2.75,5.666666666666667,2.0,5.0,13.0,41.0,1.0,Voted,1,0.3258882453885992,0.026647433606003672,0.6688668369168803,0.25952744239745473,-0.5288235105813693,-0.6447544735060686
8.0,5.0,2.25,7.0,2.0,4.0,16.0,49.0,1.0,Voted,1,-0.37392101954852686,0.8568406858745377,0.6688668369168803,-0.3055196473792817,0.37298733423268726,-0.1968334929215765
0.0,1.0,1.75,4.333333333333333,3.0,5.0,15.0,37.0,2.0,Voted,1,-1.0737302844856529,-0.8035458186625309,2.206217785019821,0.25952744239745473,0.0723837192946684,-0.8687149637983147
4.0,4.0,1.5,5.0,2.0,4.0,11.0,74.0,2.0,Voted,1,-1.423634916954216,-0.3884491925282636,0.6688668369168803,-0.3055196473792817,-1.130030740457407,1.2029195714049614
8.0,7.0,2.75,6.666666666666667,1.0,3.0,14.0,56.0,1.0,Voted,1,0.3258882453885992,0.6492923728074044,-0.8684841111860602,-0.8705667371560182,-0.22821989564335046,0.19509736508985406
6.0,3.0,2.0,8.0,1.0,2.0,13.0,47.0,2.0,Voted,1,-0.7238256520170899,1.4794856250759383,-0.8684841111860602,-1.4356138269327547,-0.5288235105813693,-0.3088137380676995
5.0,4.0,3.25,6.666666666666667,1.0,8.0,16.0,87.0,1.0,Voted,1,1.025697510325725,0.6492923728074044,-0.8684841111860602,1.9546687117276642,0.37298733423268726,1.9307911648547609
7.0,0.0,1.75,5.666666666666667,1.0,7.0,12.0,60.0,2.0,Voted,1,-1.0737302844856529,0.026647433606003672,-0.8684841111860602,1.3896216219509276,-0.8294271255193882,0.4190578553821001
4.0,3.0,1.5,4.0,2.0,3.0,14.0,36.0,2.0,Voted,1,-1.423634916954216,-1.0110941317296642,0.6688668369168803,-0.8705667371560182,-0.22821989564335046,-0.9247050863713762
2.0,1.0,1.5,7.666666666666667,2.0,3.0,11.0,58.0,2.0,Voted,1,-1.423634916954216,1.271937312008805,0.6688668369168803,-0.8705667371560182,-1.130030740457407,0.3070776102359771
6.0,3.0,3.25,6.333333333333333,1.0,3.0,17.0,32.0,1.0,Voted,1,1.025697510325725,0.4417440597402704,-0.8684841111860602,-0.8705667371560182,0.6735909491707062,-1.1486655766636222
8.0,5.0,1.0,10.0,1.0,5.0,13.0,90.0,2.0,Voted,1,-2.123444181891342,2.7247755034787398,-0.8684841111860602,0.25952744239745473,-0.5288235105813693,2.0987615325739455
6.0,6.0,3.25,6.333333333333333,2.0,5.0,16.0,75.0,2.0,Voted,1,1.025697510325725,0.4417440597402704,0.6688668369168803,0.25952744239745473,0.37298733423268726,1.2589096939780229
9.0,7.0,3.0,4.333333333333333,1.0,5.0,19.0,26.0,1.0,Voted,1,0.6757928778571621,-0.8035458186625309,-0.8684841111860602,0.25952744239745473,1.274798179046744,-1.4846063121019912
5.0,1.0,1.25,2.6666666666666665,2.0,1.0,11.0,62.0,2.0,Voted,1,-1.773539549422779,-1.8412873839981987,0.6688668369168803,-2.0006609167094913,-1.130030740457407,0.5310381005282232
7.0,5.0,2.25,8.333333333333334,2.0,2.0,12.0,58.0,2.0,Voted,1,-0.37392101954852686,1.6870339381430723,0.6688668369168803,-1.4356138269327547,-0.8294271255193882,0.3070776102359771
8.0,6.0,3.25,4.333333333333333,1.0,1.0,21.0,36.0,2.0,Voted,1,1.025697510325725,-0.8035458186625309,-0.8684841111860602,-2.0006609167094913,1.8760054089227816,-0.9247050863713762
8.0,6.0,3.0,6.666666666666667,2.0,3.0,17.0,59.0,2.0,Voted,1,0.6757928778571621,0.6492923728074044,0.6688668369168803,-0.8705667371560182,0.6735909491707062,0.3630677328090386
5.0,4.0,2.0,3.3333333333333335,2.0,6.0,12.0,27.0,2.0,Did not vote,0,-0.7238256520170899,-1.4261907578639312,0.6688668369168803,0.8245745321741912,-0.8294271255193882,-1.4286161895289298
5.0,4.0,2.25,4.333333333333333,2.0,5.0,8.0,90.0,2.0,Voted,1,-0.37392101954852686,-0.8035458186625309,0.6688668369168803,0.25952744239745473,-2.0318415852714637,2.0987615325739455
6.0,3.0,1.75,6.333333333333333,2.0,5.0,14.0,40.0,1.0,Voted,1,-1.0737302844856529,0.4417440597402704,0.6688668369168803,0.25952744239745473,-0.22821989564335046,-0.7007445960791301
5.0,3.0,2.5,5.666666666666667,1.0,3.0,13.0,51.0,2.0,Voted,1,-0.024016387079963866,0.026647433606003672,-0.8684841111860602,-0.8705667371560182,-0.5288235105813693,-0.08485324777545349
6.0,5.0,2.5,5.666666666666667,2.0,5.0,18.0,55.0,1.0,Did not vote,0,-0.024016387079963866,0.026647433606003672,0.6688668369168803,0.25952744239745473,0.974194564108725,0.13910724251679257
0.0,0.0,1.0,6.333333333333333,2.0,5.0,12.0,59.0,1.0,Did not vote,0,-2.123444181891342,0.4417440597402704,0.6688668369168803,0.25952744239745473,-0.8294271255193882,0.3630677328090386
6.0,5.0,1.5,7.0,1.0,5.0,15.0,44.0,2.0,Voted,1,-1.423634916954216,0.8568406858745377,-0.8684841111860602,0.25952744239745473,0.0723837192946684,-0.47678410578688407
4.0,2.0,2.0,6.0,1.0,3.0,12.0,64.0,2.0,Did not vote,0,-0.7238256520170899,0.23419574667313706,-0.8684841111860602,-0.8705667371560182,-0.8294271255193882,0.6430183456743461
0.0,0.0,1.5,3.3333333333333335,3.0,5.0,11.0,61.0,2.0,Voted,1,-1.423634916954216,-1.4261907578639312,2.206217785019821,0.25952744239745473,-1.130030740457407,0.4750479779551616
1.0,0.0,3.25,2.0,1.0,5.0,13.0,42.0,1.0,Voted,1,1.025697510325725,-2.2563840101324657,-0.8684841111860602,0.25952744239745473,-0.5288235105813693,-0.5887643509330072
4.0,4.0,2.25,6.0,3.0,5.0,14.0,25.0,1.0,Voted,1,-0.37392101954852686,0.23419574667313706,2.206217785019821,0.25952744239745473,-0.22821989564335046,-1.540596434675053
8.0,5.0,3.5,7.333333333333333,2.0,3.0,17.0,38.0,1.0,Voted,1,1.3756021427942882,1.064388998941671,0.6688668369168803,-0.8705667371560182,0.6735909491707062,-0.8127248412252531
4.0,4.0,2.75,6.666666666666667,1.0,7.0,15.0,50.0,1.0,Voted,1,0.3258882453885992,0.6492923728074044,-0.8684841111860602,1.3896216219509276,0.0723837192946684,-0.14084337034851502
8.0,3.0,2.75,6.666666666666667,1.0,0.0,17.0,37.0,1.0,Voted,1,0.3258882453885992,0.6492923728074044,-0.8684841111860602,-2.5657080064862274,0.6735909491707062,-0.8687149637983147
2.0,0.0,3.0,5.0,1.0,3.0,10.0,59.0,1.0,Did not vote,0,0.6757928778571621,-0.3884491925282636,-0.8684841111860602,-0.8705667371560182,-1.430634355395426,0.3630677328090386
3.0,3.0,2.5,5.666666666666667,2.0,5.0,13.0,59.0,2.0,Voted,1,-0.024016387079963866,0.026647433606003672,0.6688668369168803,0.25952744239745473,-0.5288235105813693,0.3630677328090386
10.0,7.0,2.75,6.0,1.0,8.0,14.0,47.0,2.0,Voted,1,0.3258882453885992,0.23419574667313706,-0.8684841111860602,1.9546687117276642,-0.22821989564335046,-0.3088137380676995
6.0,0.0,2.0,6.666666666666667,2.0,5.0,12.0,83.0,2.0,Voted,1,-0.7238256520170899,0.6492923728074044,0.6688668369168803,0.25952744239745473,-0.8294271255193882,1.706830674562515
2.0,5.0,2.0,5.0,1.0,5.0,9.0,83.0,2.0,Voted,1,-0.7238256520170899,-0.3884491925282636,-0.8684841111860602,0.25952744239745473,-1.7312379703334448,1.706830674562515
2.0,0.0,1.5,3.6666666666666665,2.0,5.0,13.0,55.0,2.0,Voted,1,-1.423634916954216,-1.2186424447967978,0.6688668369168803,0.25952744239745473,-0.5288235105813693,0.13910724251679257
3.0,4.0,2.5,5.666666666666667,2.0,7.0,13.0,55.0,2.0,Voted,1,-0.024016387079963866,0.026647433606003672,0.6688668369168803,1.3896216219509276,-0.5288235105813693,0.13910724251679257
3.0,5.0,3.0,5.0,1.0,7.0,17.0,49.0,1.0,Voted,1,0.6757928778571621,-0.3884491925282636,-0.8684841111860602,1.3896216219509276,0.6735909491707062,-0.1968334929215765
8.0,6.0,3.0,9.333333333333334,1.0,2.0,14.0,54.0,1.0,Voted,1,0.6757928778571621,2.309678877344473,-0.8684841111860602,-1.4356138269327547,-0.22821989564335046,0.08311711994373105
6.0,3.0,2.5,5.666666666666667,1.0,6.0,22.0,53.0,1.0,Voted,1,-0.024016387079963866,0.026647433606003672,-0.8684841111860602,0.8245745321741912,2.1766090238608005,0.027126997370669537
0.0,0.0,1.0,3.6666666666666665,4.0,5.0,10.0,58.0,2.0,Did not vote,0,-2.123444181891342,-1.2186424447967978,3.743568733122761,0.25952744239745473,-1.430634355395426,0.3070776102359771
3.0,5.0,1.5,4.333333333333333,2.0,7.0,10.0,76.0,2.0,Voted,1,-1.423634916954216,-0.8035458186625309,0.6688668369168803,1.3896216219509276,-1.430634355395426,1.3148998165510843
7.0,3.0,3.25,6.666666666666667,1.0,7.0,13.0,65.0,1.0,Voted,1,1.025697510325725,0.6492923728074044,-0.8684841111860602,1.3896216219509276,-0.5288235105813693,0.6990084682474077
10.0,4.0,2.75,6.0,1.0,6.0,16.0,32.0,1.0,Voted,1,0.3258882453885992,0.23419574667313706,-0.8684841111860602,0.8245745321741912,0.37298733423268726,-1.1486655766636222
7.0,5.0,2.25,6.333333333333333,1.0,5.0,17.0,75.0,1.0,Voted,1,-0.37392101954852686,0.4417440597402704,-0.8684841111860602,0.25952744239745473,0.6735909491707062,1.2589096939780229
2.0,3.0,1.75,4.333333333333333,1.0,4.0,12.0,68.0,1.0,Voted,1,-1.0737302844856529,-0.8035458186625309,-0.8684841111860602,-0.3055196473792817,-0.8294271255193882,0.8669788359665922
8.0,6.0,3.5,6.666666666666667,1.0,3.0,18.0,31.0,1.0,Voted,1,1.3756021427942882,0.6492923728074044,-0.8684841111860602,-0.8705667371560182,0.974194564108725,-1.2046556992366837
6.0,5.0,3.0,6.333333333333333,1.0,5.0,15.0,38.0,2.0,Voted,1,0.6757928778571621,0.4417440597402704,-0.8684841111860602,0.25952744239745473,0.0723837192946684,-0.8127248412252531
9.0,7.0,3.5,7.666666666666667,2.0,0.0,14.0,69.0,1.0,Voted,1,1.3756021427942882,1.271937312008805,0.6688668369168803,-2.5657080064862274,-0.22821989564335046,0.9229689585396538
1.0,0.0,2.5,6.0,1.0,9.0,22.0,70.0,1.0,Voted,1,-0.024016387079963866,0.23419574667313706,-0.8684841111860602,2.5197158015044008,2.1766090238608005,0.9789590811127152
0.0,1.0,2.5,4.666666666666667,3.0,5.0,13.0,39.0,2.0,Did not vote,0,-0.024016387079963866,-0.595997505595397,2.206217785019821,0.25952744239745473,-0.5288235105813693,-0.7567347186521917
9.0,5.0,3.5,5.333333333333333,1.0,5.0,13.0,68.0,2.0,Voted,1,1.3756021427942882,-0.18090087946113026,-0.8684841111860602,0.25952744239745473,-0.5288235105813693,0.8669788359665922
3.0,3.0,2.5,4.0,1.0,5.0,14.0,58.0,2.0,Voted,1,-0.024016387079963866,-1.0110941317296642,-0.8684841111860602,0.25952744239745473,-0.22821989564335046,0.3070776102359771
4.0,1.0,1.75,4.0,1.0,5.0,14.0,80.0,1.0,Voted,1,-1.0737302844856529,-1.0110941317296642,-0.8684841111860602,0.25952744239745473,-0.22821989564335046,1.5388603068433304
8.0,3.0,2.75,4.0,1.0,2.0,11.0,69.0,1.0,Voted,1,0.3258882453885992,-1.0110941317296642,-0.8684841111860602,-1.4356138269327547,-1.130030740457407,0.9229689585396538
3.0,0.0,2.75,5.0,1.0,9.0,16.0,67.0,1.0,Voted,1,0.3258882453885992,-0.3884491925282636,-0.8684841111860602,2.5197158015044008,0.37298733423268726,0.8109887133935307
4.0,1.0,2.25,4.0,1.0,5.0,12.0,55.0,1.0,Voted,1,-0.37392101954852686,-1.0110941317296642,-0.8684841111860602,0.25952744239745473,-0.8294271255193882,0.13910724251679257
2.0,1.0,1.5,3.6666666666666665,2.0,7.0,12.0,54.0,1.0,Did not vote,0,-1.423634916954216,-1.2186424447967978,0.6688668369168803,1.3896216219509276,-0.8294271255193882,0.08311711994373105
8.0,4.0,2.0,5.0,2.0,5.0,12.0,53.0,2.0,Voted,1,-0.7238256520170899,-0.3884491925282636,0.6688668369168803,0.25952744239745473,-0.8294271255193882,0.027126997370669537
5.0,2.0,2.75,8.0,3.0,7.0,17.0,79.0,2.0,Did not vote,0,0.3258882453885992,1.4794856250759383,2.206217785019821,1.3896216219509276,0.6735909491707062,1.482870184270269
6.0,4.0,3.5,5.333333333333333,1.0,7.0,16.0,40.0,1.0,Voted,1,1.3756021427942882,-0.18090087946113026,-0.8684841111860602,1.3896216219509276,0.37298733423268726,-0.7007445960791301
9.0,6.0,2.25,7.0,1.0,4.0,11.0,77.0,2.0,Voted,1,-0.37392101954852686,0.8568406858745377,-0.8684841111860602,-0.3055196473792817,-1.130030740457407,1.3708899391241458
8.0,8.0,3.75,3.6666666666666665,1.0,4.0,18.0,25.0,1.0,Voted,1,1.7255067752628512,-1.2186424447967978,-0.8684841111860602,-0.3055196473792817,0.974194564108725,-1.540596434675053
4.0,5.0,2.25,3.6666666666666665,2.0,5.0,15.0,61.0,2.0,Voted,1,-0.37392101954852686,-1.2186424447967978,0.6688668369168803,0.25952744239745473,0.0723837192946684,0.4750479779551616
5.0,3.0,1.5,6.0,2.0,7.0,13.0,24.0,1.0,Voted,1,-1.423634916954216,0.23419574667313706,0.6688668369168803,1.3896216219509276,-0.5288235105813693,-1.5965865572481144
4.0,7.0,1.75,5.0,2.0,5.0,13.0,66.0,2.0,Voted,1,-1.0737302844856529,-0.3884491925282636,0.6688668369168803,0.25952744239745473,-0.5288235105813693,0.7549985908204692
8.0,4.0,2.75,5.666666666666667,2.0,3.0,15.0,64.0,1.0,Voted,1,0.3258882453885992,0.026647433606003672,0.6688668369168803,-0.8705667371560182,0.0723837192946684,0.6430183456743461
9.0,4.0,2.5,8.0,2.0,5.0,14.0,68.0,1.0,Voted,1,-0.024016387079963866,1.4794856250759383,0.6688668369168803,0.25952744239745473,-0.22821989564335046,0.8669788359665922
5.0,4.0,2.25,4.0,2.0,2.0,15.0,24.0,1.0,Voted,1,-0.37392101954852686,-1.0110941317296642,0.6688668369168803,-1.4356138269327547,0.0723837192946684,-1.5965865572481144
7.0,5.0,3.75,5.333333333333333,2.0,3.0,18.0,30.0,1.0,Voted,1,1.7255067752628512,-0.18090087946113026,0.6688668369168803,-0.8705667371560182,0.974194564108725,-1.2606458218097452
7.0,4.0,2.5,4.333333333333333,2.0,4.0,12.0,60.0,1.0,Voted,1,-0.024016387079963866,-0.8035458186625309,0.6688668369168803,-0.3055196473792817,-0.8294271255193882,0.4190578553821001
9.0,5.0,3.0,6.666666666666667,2.0,9.0,16.0,35.0,1.0,Voted,1,0.6757928778571621,0.6492923728074044,0.6688668369168803,2.5197158015044008,0.37298733423268726,-0.9806952089444377
4.0,5.0,2.25,6.333333333333333,2.0,4.0,12.0,46.0,1.0,Voted,1,-0.37392101954852686,0.4417440597402704,0.6688668369168803,-0.3055196473792817,-0.8294271255193882,-0.36480386064076104
8.0,2.0,3.0,5.333333333333333,2.0,4.0,19.0,49.0,2.0,Voted,1,0.6757928778571621,-0.18090087946113026,0.6688668369168803,-0.3055196473792817,1.274798179046744,-0.1968334929215765
3.0,5.0,3.25,4.333333333333333,2.0,5.0,17.0,51.0,2.0,Voted,1,1.025697510325725,-0.8035458186625309,0.6688668369168803,0.25952744239745473,0.6735909491707062,-0.08485324777545349
4.0,3.0,1.75,7.0,1.0,5.0,19.0,57.0,2.0,Voted,1,-1.0737302844856529,0.8568406858745377,-0.8684841111860602,0.25952744239745473,1.274798179046744,0.2510874876629156
8.0,6.0,4.0,6.666666666666667,2.0,3.0,17.0,76.0,1.0,Voted,1,2.0754114077314143,0.6492923728074044,0.6688668369168803,-0.8705667371560182,0.6735909491707062,1.3148998165510843
7.0,7.0,2.75,7.333333333333333,2.0,5.0,11.0,80.0,1.0,Voted,1,0.3258882453885992,1.064388998941671,0.6688668369168803,0.25952744239745473,-1.130030740457407,1.5388603068433304
8.0,7.0,3.0,5.333333333333333,1.0,7.0,21.0,29.0,1.0,Did not vote,0,0.6757928778571621,-0.18090087946113026,-0.8684841111860602,1.3896216219509276,1.8760054089227816,-1.3166359443828068
8.0,5.0,2.75,6.666666666666667,2.0,2.0,17.0,34.0,1.0,Voted,1,0.3258882453885992,0.6492923728074044,0.6688668369168803,-1.4356138269327547,0.6735909491707062,-1.0366853315174993
10.0,6.0,3.75,5.666666666666667,1.0,0.0,20.0,81.0,1.0,Voted,1,1.7255067752628512,0.026647433606003672,-0.8684841111860602,-2.5657080064862274,1.5754017939847627,1.5948504294163919
5.0,5.0,2.5,6.333333333333333,2.0,0.0,12.0,65.0,2.0,Voted,1,-0.024016387079963866,0.4417440597402704,0.6688668369168803,-2.5657080064862274,-0.8294271255193882,0.6990084682474077
8.0,1.0,3.0,5.666666666666667,1.0,6.0,23.0,62.0,1.0,Voted,1,0.6757928778571621,0.026647433606003672,-0.8684841111860602,0.8245745321741912,2.4772126387988194,0.5310381005282232
7.0,6.0,3.75,7.333333333333333,1.0,3.0,20.0,46.0,1.0,Voted,1,1.7255067752628512,1.064388998941671,-0.8684841111860602,-0.8705667371560182,1.5754017939847627,-0.36480386064076104
9.0,2.0,2.25,2.3333333333333335,1.0,9.0,14.0,65.0,1.0,Voted,1,-0.37392101954852686,-2.048835697065332,-0.8684841111860602,2.5197158015044008,-0.22821989564335046,0.6990084682474077
3.0,4.0,2.5,5.333333333333333,2.0,3.0,14.0,43.0,1.0,Voted,1,-0.024016387079963866,-0.18090087946113026,0.6688668369168803,-0.8705667371560182,-0.22821989564335046,-0.5327742283599456
8.0,7.0,2.75,6.666666666666667,1.0,5.0,15.0,33.0,1.0,Voted,1,0.3258882453885992,0.6492923728074044,-0.8684841111860602,0.25952744239745473,0.0723837192946684,-1.0926754540905608
7.0,8.0,4.25,7.0,1.0,4.0,13.0,67.0,1.0,Voted,1,2.425316040199977,0.8568406858745377,-0.8684841111860602,-0.3055196473792817,-0.5288235105813693,0.8109887133935307
8.0,2.0,3.5,7.333333333333333,1.0,4.0,17.0,39.0,2.0,Voted,1,1.3756021427942882,1.064388998941671,-0.8684841111860602,-0.3055196473792817,0.6735909491707062,-0.7567347186521917
4.0,2.0,2.5,8.333333333333334,2.0,5.0,17.0,31.0,1.0,Voted,1,-0.024016387079963866,1.6870339381430723,0.6688668369168803,0.25952744239745473,0.6735909491707062,-1.2046556992366837
8.0,5.0,2.75,7.333333333333333,1.0,4.0,14.0,34.0,1.0,Voted,1,0.3258882453885992,1.064388998941671,-0.8684841111860602,-0.3055196473792817,-0.22821989564335046,-1.0366853315174993
4.0,2.0,2.25,3.0,1.0,5.0,10.0,33.0,2.0,Voted,1,-0.37392101954852686,-1.6337390709310649,-0.8684841111860602,0.25952744239745473,-1.430634355395426,-1.0926754540905608
6.0,4.0,2.5,6.0,2.0,3.0,15.0,74.0,2.0,Voted,1,-0.024016387079963866,0.23419574667313706,0.6688668369168803,-0.8705667371560182,0.0723837192946684,1.2029195714049614
4.0,3.0,3.5,4.0,1.0,7.0,13.0,41.0,1.0,Voted,1,1.3756021427942882,-1.0110941317296642,-0.8684841111860602,1.3896216219509276,-0.5288235105813693,-0.6447544735060686
3.0,2.0,1.75,9.333333333333334,2.0,6.0,12.0,44.0,1.0,Voted,1,-1.0737302844856529,2.309678877344473,0.6688668369168803,0.8245745321741912,-0.8294271255193882,-0.47678410578688407
9.0,8.0,3.0,8.0,2.0,3.0,21.0,32.0,2.0,Voted,1,0.6757928778571621,1.4794856250759383,0.6688668369168803,-0.8705667371560182,1.8760054089227816,-1.1486655766636222
6.0,1.0,1.5,2.0,2.0,1.0,6.0,81.0,2.0,Voted,1,-1.423634916954216,-2.2563840101324657,0.6688668369168803,-2.0006609167094913,-2.6330488151475016,1.5948504294163919
3.0,1.0,1.0,6.333333333333333,2.0,5.0,8.0,82.0,2.0,Did not vote,0,-2.123444181891342,0.4417440597402704,0.6688668369168803,0.25952744239745473,-2.0318415852714637,1.6508405519894533
5.0,2.0,2.5,7.333333333333333,2.0,3.0,18.0,74.0,1.0,Voted,1,-0.024016387079963866,1.064388998941671,0.6688668369168803,-0.8705667371560182,0.974194564108725,1.2029195714049614
2.0,0.0,2.0,1.6666666666666667,2.0,5.0,13.0,75.0,1.0,Voted,1,-0.7238256520170899,-2.463932323199599,0.6688668369168803,0.25952744239745473,-0.5288235105813693,1.2589096939780229
8.0,7.0,3.75,7.666666666666667,1.0,5.0,16.0,65.0,1.0,Voted,1,1.7255067752628512,1.271937312008805,-0.8684841111860602,0.25952744239745473,0.37298733423268726,0.6990084682474077
4.0,5.0,2.5,4.0,3.0,5.0,11.0,48.0,1.0,Did not vote,0,-0.024016387079963866,-1.0110941317296642,2.206217785019821,0.25952744239745473,-1.130030740457407,-0.25282361549463805
2.0,3.0,2.75,3.3333333333333335,2.0,6.0,18.0,52.0,2.0,Voted,1,0.3258882453885992,-1.4261907578639312,0.6688668369168803,0.8245745321741912,0.974194564108725,-0.028863125202391978
3.0,4.0,2.0,4.333333333333333,2.0,4.0,12.0,61.0,1.0,Voted,1,-0.7238256520170899,-0.8035458186625309,0.6688668369168803,-0.3055196473792817,-0.8294271255193882,0.4750479779551616
6.0,0.0,1.0,2.3333333333333335,1.0,5.0,11.0,83.0,1.0,Voted,1,-2.123444181891342,-2.048835697065332,-0.8684841111860602,0.25952744239745473,-1.130030740457407,1.706830674562515
7.0,4.0,2.75,3.6666666666666665,1.0,5.0,16.0,43.0,1.0,Voted,1,0.3258882453885992,-1.2186424447967978,-0.8684841111860602,0.25952744239745473,0.37298733423268726,-0.5327742283599456
7.0,7.0,3.25,6.666666666666667,2.0,5.0,14.0,64.0,1.0,Voted,1,1.025697510325725,0.6492923728074044,0.6688668369168803,0.25952744239745473,-0.22821989564335046,0.6430183456743461
6.0,3.0,1.75,4.333333333333333,1.0,5.0,14.0,64.0,2.0,Voted,1,-1.0737302844856529,-0.8035458186625309,-0.8684841111860602,0.25952744239745473,-0.22821989564335046,0.6430183456743461
7.0,2.0,2.0,7.0,1.0,5.0,19.0,40.0,2.0,Voted,1,-0.7238256520170899,0.8568406858745377,-0.8684841111860602,0.25952744239745473,1.274798179046744,-0.7007445960791301
9.0,6.0,3.25,6.333333333333333,2.0,3.0,20.0,56.0,1.0,Voted,1,1.025697510325725,0.4417440597402704,0.6688668369168803,-0.8705667371560182,1.5754017939847627,0.19509736508985406
8.0,1.0,1.5,6.0,2.0,4.0,14.0,46.0,1.0,Voted,1,-1.423634916954216,0.23419574667313706,0.6688668369168803,-0.3055196473792817,-0.22821989564335046,-0.36480386064076104
7.0,2.0,2.75,6.333333333333333,1.0,3.0,14.0,66.0,1.0,Voted,1,0.3258882453885992,0.4417440597402704,-0.8684841111860602,-0.8705667371560182,-0.22821989564335046,0.7549985908204692
5.0,3.0,2.25,5.666666666666667,1.0,3.0,15.0,23.0,1.0,Voted,1,-0.37392101954852686,0.026647433606003672,-0.8684841111860602,-0.8705667371560182,0.0723837192946684,-1.6525766798211758
9.0,10.0,5.0,6.333333333333333,1.0,5.0,19.0,56.0,1.0,Voted,1,3.475029937605666,0.4417440597402704,-0.8684841111860602,0.25952744239745473,1.274798179046744,0.19509736508985406
10.0,4.0,3.25,8.0,2.0,2.0,18.0,77.0,1.0,Voted,1,1.025697510325725,1.4794856250759383,0.6688668369168803,-1.4356138269327547,0.974194564108725,1.3708899391241458
8.0,2.0,2.25,2.0,2.0,4.0,20.0,42.0,1.0,Voted,1,-0.37392101954852686,-2.2563840101324657,0.6688668369168803,-0.3055196473792817,1.5754017939847627,-0.5887643509330072
5.0,5.0,2.0,6.333333333333333,1.0,6.0,22.0,38.0,1.0,Voted,1,-0.7238256520170899,0.4417440597402704,-0.8684841111860602,0.8245745321741912,2.1766090238608005,-0.8127248412252531
8.0,6.0,3.5,6.666666666666667,1.0,3.0,18.0,34.0,2.0,Voted,1,1.3756021427942882,0.6492923728074044,-0.8684841111860602,-0.8705667371560182,0.974194564108725,-1.0366853315174993
3.0,2.0,2.0,3.0,2.0,5.0,17.0,39.0,1.0,Voted,1,-0.7238256520170899,-1.6337390709310649,0.6688668369168803,0.25952744239745473,0.6735909491707062,-0.7567347186521917
7.0,7.0,2.25,4.666666666666667,2.0,4.0,13.0,49.0,2.0,Voted,1,-0.37392101954852686,-0.595997505595397,0.6688668369168803,-0.3055196473792817,-0.5288235105813693,-0.1968334929215765
9.0,8.0,3.5,7.666666666666667,1.0,4.0,17.0,58.0,1.0,Voted,1,1.3756021427942882,1.271937312008805,-0.8684841111860602,-0.3055196473792817,0.6735909491707062,0.3070776102359771
8.0,5.0,2.0,6.666666666666667,1.0,5.0,13.0,36.0,2.0,Voted,1,-0.7238256520170899,0.6492923728074044,-0.8684841111860602,0.25952744239745473,-0.5288235105813693,-0.9247050863713762
7.0,4.0,2.25,5.333333333333333,2.0,6.0,13.0,62.0,2.0,Voted,1,-0.37392101954852686,-0.18090087946113026,0.6688668369168803,0.8245745321741912,-0.5288235105813693,0.5310381005282232
5.0,5.0,2.5,5.666666666666667,1.0,6.0,10.0,81.0,2.0,Voted,1,-0.024016387079963866,0.026647433606003672,-0.8684841111860602,0.8245745321741912,-1.430634355395426,1.5948504294163919
6.0,3.0,3.25,4.333333333333333,3.0,5.0,14.0,53.0,1.0,Did not vote,0,1.025697510325725,-0.8035458186625309,2.206217785019821,0.25952744239745473,-0.22821989564335046,0.027126997370669537
4.0,2.0,2.5,6.666666666666667,1.0,1.0,14.0,24.0,1.0,Voted,1,-0.024016387079963866,0.6492923728074044,-0.8684841111860602,-2.0006609167094913,-0.22821989564335046,-1.5965865572481144
9.0,5.0,2.75,4.333333333333333,1.0,5.0,19.0,33.0,1.0,Voted,1,0.3258882453885992,-0.8035458186625309,-0.8684841111860602,0.25952744239745473,1.274798179046744,-1.0926754540905608
6.0,4.0,2.5,6.666666666666667,1.0,7.0,17.0,23.0,1.0,Did not vote,0,-0.024016387079963866,0.6492923728074044,-0.8684841111860602,1.3896216219509276,0.6735909491707062,-1.6525766798211758
2.0,3.0,2.0,5.666666666666667,2.0,5.0,12.0,45.0,1.0,Voted,1,-0.7238256520170899,0.026647433606003672,0.6688668369168803,0.25952744239745473,-0.8294271255193882,-0.42079398321382255
6.0,5.0,1.75,6.666666666666667,2.0,5.0,13.0,67.0,2.0,Voted,1,-1.0737302844856529,0.6492923728074044,0.6688668369168803,0.25952744239745473,-0.5288235105813693,0.8109887133935307
7.0,2.0,2.25,6.333333333333333,2.0,5.0,15.0,66.0,2.0,Voted,1,-0.37392101954852686,0.4417440597402704,0.6688668369168803,0.25952744239745473,0.0723837192946684,0.7549985908204692
5.0,3.0,2.5,7.333333333333333,1.0,0.0,16.0,48.0,2.0,Voted,1,-0.024016387079963866,1.064388998941671,-0.8684841111860602,-2.5657080064862274,0.37298733423268726,-0.25282361549463805
5.0,7.0,2.5,6.333333333333333,2.0,5.0,16.0,22.0,1.0,Voted,1,-0.024016387079963866,0.4417440597402704,0.6688668369168803,0.25952744239745473,0.37298733423268726,-1.7085668023942373
9.0,7.0,4.5,8.666666666666666,1.0,2.0,17.0,43.0,2.0,Voted,1,2.7752206726685404,1.894582251210205,-0.8684841111860602,-1.4356138269327547,0.6735909491707062,-0.5327742283599456
5.0,1.0,1.75,3.3333333333333335,2.0,5.0,17.0,46.0,2.0,Voted,1,-1.0737302844856529,-1.4261907578639312,0.6688668369168803,0.25952744239745473,0.6735909491707062,-0.36480386064076104
5.0,5.0,2.5,6.333333333333333,1.0,6.0,16.0,48.0,2.0,Voted,1,-0.024016387079963866,0.4417440597402704,-0.8684841111860602,0.8245745321741912,0.37298733423268726,-0.25282361549463805
7.0,3.0,2.25,6.666666666666667,1.0,4.0,18.0,38.0,2.0,Voted,1,-0.37392101954852686,0.6492923728074044,-0.8684841111860602,-0.3055196473792817,0.974194564108725,-0.8127248412252531
7.0,0.0,2.5,4.666666666666667,1.0,5.0,14.0,82.0,1.0,Voted,1,-0.024016387079963866,-0.595997505595397,-0.8684841111860602,0.25952744239745473,-0.22821989564335046,1.6508405519894533
9.0,4.0,3.5,6.333333333333333,1.0,4.0,13.0,61.0,1.0,Voted,1,1.3756021427942882,0.4417440597402704,-0.8684841111860602,-0.3055196473792817,-0.5288235105813693,0.4750479779551616
8.0,5.0,2.75,5.0,2.0,5.0,14.0,30.0,1.0,Voted,1,0.3258882453885992,-0.3884491925282636,0.6688668369168803,0.25952744239745473,-0.22821989564335046,-1.2606458218097452
7.0,5.0,2.75,4.666666666666667,1.0,5.0,17.0,40.0,1.0,Voted,1,0.3258882453885992,-0.595997505595397,-0.8684841111860602,0.25952744239745473,0.6735909491707062,-0.7007445960791301
0.0,3.0,1.75,6.333333333333333,4.0,10.0,11.0,50.0,1.0,Did not vote,0,-1.0737302844856529,0.4417440597402704,3.743568733122761,3.084762891281137,-1.130030740457407,-0.14084337034851502
2.0,2.0,3.25,5.666666666666667,1.0,6.0,16.0,53.0,1.0,Voted,1,1.025697510325725,0.026647433606003672,-0.8684841111860602,0.8245745321741912,0.37298733423268726,0.027126997370669537
7.0,7.0,2.25,6.0,2.0,5.0,20.0,41.0,2.0,Voted,1,-0.37392101954852686,0.23419574667313706,0.6688668369168803,0.25952744239745473,1.5754017939847627,-0.6447544735060686
5.0,2.0,2.5,7.333333333333333,1.0,3.0,13.0,67.0,1.0,Voted,1,-0.024016387079963866,1.064388998941671,-0.8684841111860602,-0.8705667371560182,-0.5288235105813693,0.8109887133935307
7.0,8.0,3.25,3.3333333333333335,1.0,4.0,18.0,32.0,1.0,Voted,1,1.025697510325725,-1.4261907578639312,-0.8684841111860602,-0.3055196473792817,0.974194564108725,-1.1486655766636222
3.0,3.0,2.5,7.666666666666667,2.0,5.0,13.0,52.0,1.0,Voted,1,-0.024016387079963866,1.271937312008805,0.6688668369168803,0.25952744239745473,-0.5288235105813693,-0.028863125202391978
9.0,9.0,3.0,5.0,3.0,5.0,25.0,44.0,1.0,Voted,1,0.6757928778571621,-0.3884491925282636,2.206217785019821,0.25952744239745473,3.078419868674857,-0.47678410578688407
0.0,1.0,1.25,4.0,1.0,2.0,12.0,54.0,1.0,Did not vote,0,-1.773539549422779,-1.0110941317296642,-0.8684841111860602,-1.4356138269327547,-0.8294271255193882,0.08311711994373105
8.0,4.0,2.25,6.0,2.0,5.0,16.0,39.0,2.0,Voted,1,-0.37392101954852686,0.23419574667313706,0.6688668369168803,0.25952744239745473,0.37298733423268726,-0.7567347186521917
8.0,3.0,3.0,7.0,2.0,4.0,9.0,73.0,1.0,Voted,1,0.6757928778571621,0.8568406858745377,0.6688668369168803,-0.3055196473792817,-1.7312379703334448,1.1469294488318997
2.0,3.0,2.0,7.0,2.0,5.0,14.0,51.0,1.0,Voted,1,-0.7238256520170899,0.8568406858745377,0.6688668369168803,0.25952744239745473,-0.22821989564335046,-0.08485324777545349
5.0,4.0,2.0,5.666666666666667,2.0,5.0,13.0,77.0,1.0,Voted,1,-0.7238256520170899,0.026647433606003672,0.6688668369168803,0.25952744239745473,-0.5288235105813693,1.3708899391241458
9.0,7.0,3.25,5.666666666666667,1.0,4.0,19.0,42.0,1.0,Voted,1,1.025697510325725,0.026647433606003672,-0.8684841111860602,-0.3055196473792817,1.274798179046744,-0.5887643509330072
9.0,7.0,2.25,7.666666666666667,2.0,5.0,15.0,56.0,2.0,Voted,1,-0.37392101954852686,1.271937312008805,0.6688668369168803,0.25952744239745473,0.0723837192946684,0.19509736508985406
8.0,1.0,2.75,6.0,2.0,3.0,19.0,25.0,1.0,Voted,1,0.3258882453885992,0.23419574667313706,0.6688668369168803,-0.8705667371560182,1.274798179046744,-1.540596434675053
10.0,7.0,3.25,8.666666666666666,1.0,5.0,12.0,73.0,1.0,Voted,1,1.025697510325725,1.894582251210205,-0.8684841111860602,0.25952744239745473,-0.8294271255193882,1.1469294488318997
7.0,4.0,2.75,5.333333333333333,2.0,5.0,18.0,25.0,2.0,Voted,1,0.3258882453885992,-0.18090087946113026,0.6688668369168803,0.25952744239745473,0.974194564108725,-1.540596434675053
5.0,3.0,1.75,4.0,1.0,5.0,13.0,51.0,2.0,Voted,1,-1.0737302844856529,-1.0110941317296642,-0.8684841111860602,0.25952744239745473,-0.5288235105813693,-0.08485324777545349
3.0,1.0,1.75,5.666666666666667,2.0,2.0,20.0,40.0,1.0,Voted,1,-1.0737302844856529,0.026647433606003672,0.6688668369168803,-1.4356138269327547,1.5754017939847627,-0.7007445960791301
9.0,7.0,2.25,7.333333333333333,2.0,3.0,15.0,71.0,2.0,Voted,1,-0.37392101954852686,1.064388998941671,0.6688668369168803,-0.8705667371560182,0.0723837192946684,1.0349492036857768
2.0,0.0,1.6666666666666667,7.666666666666667,2.0,5.0,15.0,63.0,2.0,Voted,1,-1.1903651619751738,1.271937312008805,0.6688668369168803,0.25952744239745473,0.0723837192946684,0.5870282231012847
5.0,6.0,2.25,4.0,2.0,8.0,19.0,30.0,1.0,Voted,1,-0.37392101954852686,-1.0110941317296642,0.6688668369168803,1.9546687117276642,1.274798179046744,-1.2606458218097452
7.0,6.0,1.75,7.333333333333333,1.0,8.0,11.0,78.0,2.0,Voted,1,-1.0737302844856529,1.064388998941671,-0.8684841111860602,1.9546687117276642,-1.130030740457407,1.4268800616972073
7.0,3.0,2.5,6.666666666666667,2.0,6.0,12.0,69.0,1.0,Voted,1,-0.024016387079963866,0.6492923728074044,0.6688668369168803,0.8245745321741912,-0.8294271255193882,0.9229689585396538
7.0,3.0,2.0,6.0,1.0,6.0,12.0,83.0,1.0,Voted,1,-0.7238256520170899,0.23419574667313706,-0.8684841111860602,0.8245745321741912,-0.8294271255193882,1.706830674562515
6.0,4.0,2.25,4.333333333333333,2.0,2.0,13.0,48.0,2.0,Voted,1,-0.37392101954852686,-0.8035458186625309,0.6688668369168803,-1.4356138269327547,-0.5288235105813693,-0.25282361549463805
6.0,1.0,2.25,7.0,1.0,3.0,12.0,50.0,2.0,Voted,1,-0.37392101954852686,0.8568406858745377,-0.8684841111860602,-0.8705667371560182,-0.8294271255193882,-0.14084337034851502
2.0,2.0,3.0,3.0,2.0,5.0,11.0,45.0,2.0,Voted,1,0.6757928778571621,-1.6337390709310649,0.6688668369168803,0.25952744239745473,-1.130030740457407,-0.42079398321382255
8.0,5.0,2.5,7.666666666666667,1.0,3.0,15.0,23.0,2.0,Voted,1,-0.024016387079963866,1.271937312008805,-0.8684841111860602,-0.8705667371560182,0.0723837192946684,-1.6525766798211758
2.0,5.0,1.75,8.0,1.0,3.0,16.0,78.0,2.0,Did not vote,0,-1.0737302844856529,1.4794856250759383,-0.8684841111860602,-0.8705667371560182,0.37298733423268726,1.4268800616972073
7.0,1.0,2.25,8.0,1.0,7.0,12.0,63.0,2.0,Voted,1,-0.37392101954852686,1.4794856250759383,-0.8684841111860602,1.3896216219509276,-0.8294271255193882,0.5870282231012847
8.0,6.0,2.75,6.0,1.0,5.0,10.0,83.0,2.0,Voted,1,0.3258882453885992,0.23419574667313706,-0.8684841111860602,0.25952744239745473,-1.430634355395426,1.706830674562515
9.0,5.0,2.75,7.666666666666667,1.0,2.0,19.0,76.0,1.0,Voted,1,0.3258882453885992,1.271937312008805,-0.8684841111860602,-1.4356138269327547,1.274798179046744,1.3148998165510843
7.0,6.0,3.25,5.666666666666667,1.0,4.0,16.0,46.0,2.0,Voted,1,1.025697510325725,0.026647433606003672,-0.8684841111860602,-0.3055196473792817,0.37298733423268726,-0.36480386064076104
8.0,5.0,2.25,6.666666666666667,2.0,5.0,15.0,51.0,2.0,Voted,1,-0.37392101954852686,0.6492923728074044,0.6688668369168803,0.25952744239745473,0.0723837192946684,-0.08485324777545349
7.0,1.0,3.5,1.6666666666666667,2.0,4.0,12.0,60.0,1.0,Voted,1,1.3756021427942882,-2.463932323199599,0.6688668369168803,-0.3055196473792817,-0.8294271255193882,0.4190578553821001
6.0,5.0,1.5,6.666666666666667,1.0,10.0,11.0,82.0,1.0,Voted,1,-1.423634916954216,0.6492923728074044,-0.8684841111860602,3.084762891281137,-1.130030740457407,1.6508405519894533
5.0,2.0,2.0,6.0,2.0,2.0,17.0,40.0,2.0,Voted,1,-0.7238256520170899,0.23419574667313706,0.6688668369168803,-1.4356138269327547,0.6735909491707062,-0.7007445960791301
9.0,7.0,3.25,8.333333333333334,1.0,5.0,20.0,27.0,2.0,Voted,1,1.025697510325725,1.6870339381430723,-0.8684841111860602,0.25952744239745473,1.5754017939847627,-1.4286161895289298
4.0,1.0,2.25,3.6666666666666665,2.0,5.0,14.0,90.0,1.0,Voted,1,-0.37392101954852686,-1.2186424447967978,0.6688668369168803,0.25952744239745473,-0.22821989564335046,2.0987615325739455
9.0,5.0,3.0,6.333333333333333,2.0,3.0,19.0,39.0,1.0,Voted,1,0.6757928778571621,0.4417440597402704,0.6688668369168803,-0.8705667371560182,1.274798179046744,-0.7567347186521917
8.0,6.0,3.25,7.333333333333333,2.0,1.0,20.0,30.0,2.0,Voted,1,1.025697510325725,1.064388998941671,0.6688668369168803,-2.0006609167094913,1.5754017939847627,-1.2606458218097452
1.0,1.0,1.25,4.333333333333333,3.0,7.0,8.0,32.0,2.0,Voted,1,-1.773539549422779,-0.8035458186625309,2.206217785019821,1.3896216219509276,-2.0318415852714637,-1.1486655766636222
4.0,1.0,1.25,5.333333333333333,2.0,4.0,12.0,58.0,2.0,Voted,1,-1.773539549422779,-0.18090087946113026,0.6688668369168803,-0.3055196473792817,-0.8294271255193882,0.3070776102359771
8.0,5.0,2.25,7.0,1.0,2.0,13.0,21.0,2.0,Voted,1,-0.37392101954852686,0.8568406858745377,-0.8684841111860602,-1.4356138269327547,-0.5288235105813693,-1.764556924967299
5.0,0.0,2.0,6.333333333333333,2.0,5.0,12.0,61.0,1.0,Did not vote,0,-0.7238256520170899,0.4417440597402704,0.6688668369168803,0.25952744239745473,-0.8294271255193882,0.4750479779551616
3.0,2.0,3.25,4.333333333333333,2.0,5.0,13.0,72.0,1.0,Voted,1,1.025697510325725,-0.8035458186625309,0.6688668369168803,0.25952744239745473,-0.5288235105813693,1.0909393262588383
5.0,5.0,2.75,7.333333333333333,2.0,5.0,17.0,28.0,2.0,Voted,1,0.3258882453885992,1.064388998941671,0.6688668369168803,0.25952744239745473,0.6735909491707062,-1.3726260669558683
8.0,2.0,1.0,6.333333333333333,1.0,4.0,11.0,86.0,2.0,Voted,1,-2.123444181891342,0.4417440597402704,-0.8684841111860602,-0.3055196473792817,-1.130030740457407,1.8748010422816994
6.0,5.0,2.25,2.6666666666666665,2.0,4.0,16.0,57.0,1.0,Voted,1,-0.37392101954852686,-1.8412873839981987,0.6688668369168803,-0.3055196473792817,0.37298733423268726,0.2510874876629156
1.0,2.0,3.25,6.666666666666667,1.0,5.0,15.0,53.0,2.0,Voted,1,1.025697510325725,0.6492923728074044,-0.8684841111860602,0.25952744239745473,0.0723837192946684,0.027126997370669537
4.0,0.0,1.5,3.3333333333333335,1.0,5.0,20.0,62.0,1.0,Did not vote,0,-1.423634916954216,-1.4261907578639312,-0.8684841111860602,0.25952744239745473,1.5754017939847627,0.5310381005282232
7.0,5.0,2.75,7.333333333333333,1.0,2.0,18.0,37.0,2.0,Voted,1,0.3258882453885992,1.064388998941671,-0.8684841111860602,-1.4356138269327547,0.974194564108725,-0.8687149637983147
3.0,2.0,2.25,5.0,1.0,6.0,15.0,27.0,2.0,Voted,1,-0.37392101954852686,-0.3884491925282636,-0.8684841111860602,0.8245745321741912,0.0723837192946684,-1.4286161895289298
7.0,7.0,3.25,5.666666666666667,1.0,5.0,13.0,22.0,1.0,Voted,1,1.025697510325725,0.026647433606003672,-0.8684841111860602,0.25952744239745473,-0.5288235105813693,-1.7085668023942373
6.0,6.0,2.5,5.333333333333333,2.0,4.0,24.0,72.0,1.0,Voted,1,-0.024016387079963866,-0.18090087946113026,0.6688668369168803,-0.3055196473792817,2.7778162537368383,1.0909393262588383
8.0,4.0,2.5,5.0,2.0,5.0,14.0,66.0,1.0,Voted,1,-0.024016387079963866,-0.3884491925282636,0.6688668369168803,0.25952744239745473,-0.22821989564335046,0.7549985908204692
5.0,5.0,3.0,6.333333333333333,1.0,6.0,14.0,62.0,2.0,Did not vote,0,0.6757928778571621,0.4417440597402704,-0.8684841111860602,0.8245745321741912,-0.22821989564335046,0.5310381005282232
4.0,1.0,2.75,4.333333333333333,1.0,5.0,12.0,30.0,1.0,Voted,1,0.3258882453885992,-0.8035458186625309,-0.8684841111860602,0.25952744239745473,-0.8294271255193882,-1.2606458218097452
9.0,7.0,4.25,8.0,1.0,2.0,19.0,71.0,2.0,Voted,1,2.425316040199977,1.4794856250759383,-0.8684841111860602,-1.4356138269327547,1.274798179046744,1.0349492036857768
5.0,5.0,1.25,2.6666666666666665,2.0,8.0,13.0,35.0,1.0,Voted,1,-1.773539549422779,-1.8412873839981987,0.6688668369168803,1.9546687117276642,-0.5288235105813693,-0.9806952089444377
5.0,3.0,2.25,2.3333333333333335,2.0,5.0,22.0,84.0,1.0,Voted,1,-0.37392101954852686,-2.048835697065332,0.6688668369168803,0.25952744239745473,2.1766090238608005,1.7628207971355765
3.0,3.0,2.25,3.6666666666666665,1.0,5.0,15.0,80.0,1.0,Voted,1,-0.37392101954852686,-1.2186424447967978,-0.8684841111860602,0.25952744239745473,0.0723837192946684,1.5388603068433304
7.0,1.0,3.25,2.3333333333333335,2.0,5.0,13.0,43.0,1.0,Voted,1,1.025697510325725,-2.048835697065332,0.6688668369168803,0.25952744239745473,-0.5288235105813693,-0.5327742283599456
6.0,5.0,2.25,6.333333333333333,1.0,5.0,13.0,46.0,2.0,Voted,1,-0.37392101954852686,0.4417440597402704,-0.8684841111860602,0.25952744239745473,-0.5288235105813693,-0.36480386064076104
5.0,4.0,3.25,7.0,1.0,3.0,25.0,36.0,2.0,Voted,1,1.025697510325725,0.8568406858745377,-0.8684841111860602,-0.8705667371560182,3.078419868674857,-0.9247050863713762
1.0,0.0,2.0,4.666666666666667,2.0,5.0,17.0,55.0,2.0,Did not vote,0,-0.7238256520170899,-0.595997505595397,0.6688668369168803,0.25952744239745473,0.6735909491707062,0.13910724251679257
6.0,3.0,1.5,3.6666666666666665,1.0,5.0,15.0,44.0,1.0,Voted,1,-1.423634916954216,-1.2186424447967978,-0.8684841111860602,0.25952744239745473,0.0723837192946684,-0.47678410578688407
5.0,6.0,2.25,5.0,2.0,5.0,14.0,49.0,2.0,Voted,1,-0.37392101954852686,-0.3884491925282636,0.6688668369168803,0.25952744239745473,-0.22821989564335046,-0.1968334929215765
8.0,6.0,3.75,7.666666666666667,1.0,4.0,17.0,58.0,1.0,Voted,1,1.7255067752628512,1.271937312008805,-0.8684841111860602,-0.3055196473792817,0.6735909491707062,0.3070776102359771
8.0,5.0,4.0,5.0,1.0,5.0,18.0,58.0,1.0,Voted,1,2.0754114077314143,-0.3884491925282636,-0.8684841111860602,0.25952744239745473,0.974194564108725,0.3070776102359771
1.0,1.0,2.0,5.666666666666667,2.0,7.0,12.0,63.0,1.0,Voted,1,-0.7238256520170899,0.026647433606003672,0.6688668369168803,1.3896216219509276,-0.8294271255193882,0.5870282231012847
9.0,6.0,3.5,5.666666666666667,1.0,5.0,15.0,50.0,1.0,Voted,1,1.3756021427942882,0.026647433606003672,-0.8684841111860602,0.25952744239745473,0.0723837192946684,-0.14084337034851502
7.0,5.0,3.0,7.333333333333333,1.0,1.0,16.0,41.0,1.0,Voted,1,0.6757928778571621,1.064388998941671,-0.8684841111860602,-2.0006609167094913,0.37298733423268726,-0.6447544735060686
0.0,0.0,2.75,3.3333333333333335,2.0,5.0,12.0,54.0,2.0,Voted,1,0.3258882453885992,-1.4261907578639312,0.6688668369168803,0.25952744239745473,-0.8294271255193882,0.08311711994373105
5.0,3.0,2.5,4.0,2.0,5.0,14.0,30.0,2.0,Did not vote,0,-0.024016387079963866,-1.0110941317296642,0.6688668369168803,0.25952744239745473,-0.22821989564335046,-1.2606458218097452
0.0,0.0,1.5,4.666666666666667,3.0,5.0,13.0,40.0,2.0,Voted,1,-1.423634916954216,-0.595997505595397,2.206217785019821,0.25952744239745473,-0.5288235105813693,-0.7007445960791301
4.0,3.0,2.25,4.666666666666667,2.0,1.0,8.0,90.0,2.0,Voted,1,-0.37392101954852686,-0.595997505595397,0.6688668369168803,-2.0006609167094913,-2.0318415852714637,2.0987615325739455
6.0,3.0,2.75,4.333333333333333,2.0,6.0,13.0,45.0,2.0,Voted,1,0.3258882453885992,-0.8035458186625309,0.6688668369168803,0.8245745321741912,-0.5288235105813693,-0.42079398321382255
8.0,6.0,3.75,5.0,1.0,6.0,19.0,34.0,2.0,Voted,1,1.7255067752628512,-0.3884491925282636,-0.8684841111860602,0.8245745321741912,1.274798179046744,-1.0366853315174993
6.0,2.0,1.75,7.333333333333333,1.0,5.0,15.0,68.0,2.0,Did not vote,0,-1.0737302844856529,1.064388998941671,-0.8684841111860602,0.25952744239745473,0.0723837192946684,0.8669788359665922
5.0,4.0,2.5,6.0,1.0,6.0,15.0,56.0,1.0,Voted,1,-0.024016387079963866,0.23419574667313706,-0.8684841111860602,0.8245745321741912,0.0723837192946684,0.19509736508985406
5.0,2.0,1.75,3.3333333333333335,1.0,5.0,12.0,75.0,1.0,Voted,1,-1.0737302844856529,-1.4261907578639312,-0.8684841111860602,0.25952744239745473,-0.8294271255193882,1.2589096939780229
2.0,0.0,1.0,4.666666666666667,2.0,2.0,13.0,61.0,2.0,Did not vote,0,-2.123444181891342,-0.595997505595397,0.6688668369168803,-1.4356138269327547,-0.5288235105813693,0.4750479779551616
7.0,5.0,2.75,6.333333333333333,1.0,4.0,14.0,67.0,1.0,Voted,1,0.3258882453885992,0.4417440597402704,-0.8684841111860602,-0.3055196473792817,-0.22821989564335046,0.8109887133935307
5.0,4.0,2.5,8.0,2.0,5.0,18.0,90.0,1.0,Voted,1,-0.024016387079963866,1.4794856250759383,0.6688668369168803,0.25952744239745473,0.974194564108725,2.0987615325739455
3.0,4.0,2.0,5.333333333333333,2.0,5.0,13.0,21.0,2.0,Voted,1,-0.7238256520170899,-0.18090087946113026,0.6688668369168803,0.25952744239745473,-0.5288235105813693,-1.764556924967299
6.0,5.0,2.75,9.333333333333334,2.0,5.0,13.0,69.0,1.0,Did not vote,0,0.3258882453885992,2.309678877344473,0.6688668369168803,0.25952744239745473,-0.5288235105813693,0.9229689585396538
5.0,5.0,2.0,4.666666666666667,2.0,2.0,13.0,63.0,1.0,Voted,1,-0.7238256520170899,-0.595997505595397,0.6688668369168803,-1.4356138269327547,-0.5288235105813693,0.5870282231012847
0.0,3.0,1.75,6.666666666666667,2.0,5.0,11.0,82.0,2.0,Voted,1,-1.0737302844856529,0.6492923728074044,0.6688668369168803,0.25952744239745473,-1.130030740457407,1.6508405519894533
7.0,3.0,3.25,6.333333333333333,1.0,1.0,19.0,27.0,1.0,Voted,1,1.025697510325725,0.4417440597402704,-0.8684841111860602,-2.0006609167094913,1.274798179046744,-1.4286161895289298
0.0,5.0,1.5,3.6666666666666665,2.0,5.0,13.0,29.0,2.0,Did not vote,0,-1.423634916954216,-1.2186424447967978,0.6688668369168803,0.25952744239745473,-0.5288235105813693,-1.3166359443828068
3.0,1.0,1.25,5.0,1.0,5.0,12.0,77.0,2.0,Voted,1,-1.773539549422779,-0.3884491925282636,-0.8684841111860602,0.25952744239745473,-0.8294271255193882,1.3708899391241458
5.0,4.0,2.75,6.0,2.0,2.0,20.0,53.0,2.0,Voted,1,0.3258882453885992,0.23419574667313706,0.6688668369168803,-1.4356138269327547,1.5754017939847627,0.027126997370669537
6.0,4.0,2.25,6.333333333333333,1.0,3.0,20.0,29.0,1.0,Voted,1,-0.37392101954852686,0.4417440597402704,-0.8684841111860602,-0.8705667371560182,1.5754017939847627,-1.3166359443828068
7.0,4.0,3.25,6.0,1.0,5.0,13.0,30.0,1.0,Voted,1,1.025697510325725,0.23419574667313706,-0.8684841111860602,0.25952744239745473,-0.5288235105813693,-1.2606458218097452
5.0,6.0,3.0,6.0,1.0,5.0,10.0,16.0,2.0,Voted,1,0.6757928778571621,0.23419574667313706,-0.8684841111860602,0.25952744239745473,-1.430634355395426,-2.0445075378326063
7.0,3.0,2.75,6.0,1.0,3.0,15.0,43.0,1.0,Voted,1,0.3258882453885992,0.23419574667313706,-0.8684841111860602,-0.8705667371560182,0.0723837192946684,-0.5327742283599456
6.0,5.0,2.25,7.333333333333333,1.0,3.0,13.0,23.0,1.0,Voted,1,-0.37392101954852686,1.064388998941671,-0.8684841111860602,-0.8705667371560182,-0.5288235105813693,-1.6525766798211758
3.0,2.0,1.5,4.666666666666667,3.0,7.0,10.0,64.0,1.0,Voted,1,-1.423634916954216,-0.595997505595397,2.206217785019821,1.3896216219509276,-1.430634355395426,0.6430183456743461
5.0,2.0,4.5,6.0,1.0,5.0,18.0,53.0,1.0,Voted,1,2.7752206726685404,0.23419574667313706,-0.8684841111860602,0.25952744239745473,0.974194564108725,0.027126997370669537
7.0,5.0,2.0,6.0,1.0,2.0,14.0,40.0,2.0,Voted,1,-0.7238256520170899,0.23419574667313706,-0.8684841111860602,-1.4356138269327547,-0.22821989564335046,-0.7007445960791301
0.0,0.0,1.0,5.333333333333333,2.0,0.0,19.0,61.0,2.0,Voted,1,-2.123444181891342,-0.18090087946113026,0.6688668369168803,-2.5657080064862274,1.274798179046744,0.4750479779551616
6.0,4.0,2.25,6.666666666666667,1.0,5.0,18.0,64.0,1.0,Voted,1,-0.37392101954852686,0.6492923728074044,-0.8684841111860602,0.25952744239745473,0.974194564108725,0.6430183456743461
9.0,6.0,2.5,7.0,1.0,3.0,13.0,79.0,1.0,Voted,1,-0.024016387079963866,0.8568406858745377,-0.8684841111860602,-0.8705667371560182,-0.5288235105813693,1.482870184270269
9.0,6.0,3.5,7.333333333333333,1.0,5.0,13.0,60.0,1.0,Voted,1,1.3756021427942882,1.064388998941671,-0.8684841111860602,0.25952744239745473,-0.5288235105813693,0.4190578553821001
8.0,5.0,2.25,4.666666666666667,2.0,6.0,14.0,59.0,2.0,Voted,1,-0.37392101954852686,-0.595997505595397,0.6688668369168803,0.8245745321741912,-0.22821989564335046,0.3630677328090386
5.0,0.0,2.5,2.0,1.0,5.0,12.0,67.0,1.0,Voted,1,-0.024016387079963866,-2.2563840101324657,-0.8684841111860602,0.25952744239745473,-0.8294271255193882,0.8109887133935307
9.0,7.0,3.0,6.333333333333333,1.0,4.0,17.0,56.0,2.0,Voted,1,0.6757928778571621,0.4417440597402704,-0.8684841111860602,-0.3055196473792817,0.6735909491707062,0.19509736508985406
4.0,6.0,3.0,5.666666666666667,1.0,2.0,23.0,36.0,1.0,Voted,1,0.6757928778571621,0.026647433606003672,-0.8684841111860602,-1.4356138269327547,2.4772126387988194,-0.9247050863713762
2.0,2.0,1.5,4.666666666666667,2.0,7.0,14.0,38.0,2.0,Voted,1,-1.423634916954216,-0.595997505595397,0.6688668369168803,1.3896216219509276,-0.22821989564335046,-0.8127248412252531
3.0,0.0,3.5,6.666666666666667,1.0,5.0,17.0,58.0,2.0,Voted,1,1.3756021427942882,0.6492923728074044,-0.8684841111860602,0.25952744239745473,0.6735909491707062,0.3070776102359771
8.0,5.0,2.75,6.666666666666667,1.0,5.0,16.0,31.0,2.0,Voted,1,0.3258882453885992,0.6492923728074044,-0.8684841111860602,0.25952744239745473,0.37298733423268726,-1.2046556992366837
5.0,3.0,1.75,7.0,1.0,5.0,12.0,74.0,1.0,Did not vote,0,-1.0737302844856529,0.8568406858745377,-0.8684841111860602,0.25952744239745473,-0.8294271255193882,1.2029195714049614
6.0,3.0,2.0,6.333333333333333,2.0,5.0,12.0,74.0,1.0,Voted,1,-0.7238256520170899,0.4417440597402704,0.6688668369168803,0.25952744239745473,-0.8294271255193882,1.2029195714049614
0.0,6.0,2.0,6.0,1.0,5.0,15.0,59.0,1.0,Voted,1,-0.7238256520170899,0.23419574667313706,-0.8684841111860602,0.25952744239745473,0.0723837192946684,0.3630677328090386
2.0,2.0,1.75,2.3333333333333335,2.0,7.0,12.0,75.0,1.0,Voted,1,-1.0737302844856529,-2.048835697065332,0.6688668369168803,1.3896216219509276,-0.8294271255193882,1.2589096939780229
9.0,6.0,3.5,7.0,2.0,4.0,17.0,47.0,2.0,Voted,1,1.3756021427942882,0.8568406858745377,0.6688668369168803,-0.3055196473792817,0.6735909491707062,-0.3088137380676995
6.0,3.0,2.3333333333333335,7.0,3.0,4.0,13.0,76.0,2.0,Did not vote,0,-0.2572861420590057,0.8568406858745377,2.206217785019821,-0.3055196473792817,-0.5288235105813693,1.3148998165510843
3.0,2.0,2.5,4.333333333333333,1.0,1.0,15.0,44.0,2.0,Voted,1,-0.024016387079963866,-0.8035458186625309,-0.8684841111860602,-2.0006609167094913,0.0723837192946684,-0.47678410578688407
8.0,1.0,2.5,2.6666666666666665,2.0,7.0,19.0,40.0,1.0,Voted,1,-0.024016387079963866,-1.8412873839981987,0.6688668369168803,1.3896216219509276,1.274798179046744,-0.7007445960791301
9.0,6.0,2.75,8.0,1.0,3.0,26.0,52.0,2.0,Voted,1,0.3258882453885992,1.4794856250759383,-0.8684841111860602,-0.8705667371560182,3.379023483612876,-0.028863125202391978
6.0,4.0,2.0,5.333333333333333,1.0,5.0,13.0,58.0,2.0,Voted,1,-0.7238256520170899,-0.18090087946113026,-0.8684841111860602,0.25952744239745473,-0.5288235105813693,0.3070776102359771
5.0,2.0,2.0,4.0,1.0,7.0,12.0,69.0,1.0,Voted,1,-0.7238256520170899,-1.0110941317296642,-0.8684841111860602,1.3896216219509276,-0.8294271255193882,0.9229689585396538
4.0,0.0,2.5,5.666666666666667,2.0,5.0,21.0,75.0,2.0,Voted,1,-0.024016387079963866,0.026647433606003672,0.6688668369168803,0.25952744239745473,1.8760054089227816,1.2589096939780229
6.0,8.0,3.0,7.0,2.0,5.0,12.0,54.0,2.0,Voted,1,0.6757928778571621,0.8568406858745377,0.6688668369168803,0.25952744239745473,-0.8294271255193882,0.08311711994373105
7.0,7.0,3.0,6.0,2.0,4.0,13.0,29.0,1.0,Voted,1,0.6757928778571621,0.23419574667313706,0.6688668369168803,-0.3055196473792817,-0.5288235105813693,-1.3166359443828068
3.0,4.0,1.75,6.666666666666667,2.0,6.0,15.0,39.0,2.0,Voted,1,-1.0737302844856529,0.6492923728074044,0.6688668369168803,0.8245745321741912,0.0723837192946684,-0.7567347186521917
9.0,6.0,3.25,6.666666666666667,2.0,4.0,19.0,38.0,2.0,Did not vote,0,1.025697510325725,0.6492923728074044,0.6688668369168803,-0.3055196473792817,1.274798179046744,-0.8127248412252531
6.0,6.0,2.5,4.333333333333333,1.0,3.0,16.0,34.0,2.0,Voted,1,-0.024016387079963866,-0.8035458186625309,-0.8684841111860602,-0.8705667371560182,0.37298733423268726,-1.0366853315174993
3.0,5.0,1.75,7.0,1.0,0.0,14.0,42.0,2.0,Voted,1,-1.0737302844856529,0.8568406858745377,-0.8684841111860602,-2.5657080064862274,-0.22821989564335046,-0.5887643509330072
10.0,6.0,3.0,7.666666666666667,2.0,5.0,15.0,55.0,1.0,Voted,1,0.6757928778571621,1.271937312008805,0.6688668369168803,0.25952744239745473,0.0723837192946684,0.13910724251679257
5.0,4.0,2.5,5.666666666666667,1.0,5.0,15.0,69.0,2.0,Voted,1,-0.024016387079963866,0.026647433606003672,-0.8684841111860602,0.25952744239745473,0.0723837192946684,0.9229689585396538
6.0,5.0,3.5,5.0,1.0,3.0,17.0,40.0,2.0,Voted,1,1.3756021427942882,-0.3884491925282636,-0.8684841111860602,-0.8705667371560182,0.6735909491707062,-0.7007445960791301
0.0,1.0,2.0,2.3333333333333335,2.0,10.0,13.0,49.0,1.0,Voted,1,-0.7238256520170899,-2.048835697065332,0.6688668369168803,3.084762891281137,-0.5288235105813693,-0.1968334929215765
5.0,3.0,2.5,3.3333333333333335,2.0,3.0,16.0,33.0,2.0,Voted,1,-0.024016387079963866,-1.4261907578639312,0.6688668369168803,-0.8705667371560182,0.37298733423268726,-1.0926754540905608
9.0,6.0,4.25,7.333333333333333,1.0,4.0,20.0,63.0,1.0,Voted,1,2.425316040199977,1.064388998941671,-0.8684841111860602,-0.3055196473792817,1.5754017939847627,0.5870282231012847
9.0,6.0,3.0,6.333333333333333,1.0,5.0,15.0,55.0,1.0,Did not vote,0,0.6757928778571621,0.4417440597402704,-0.8684841111860602,0.25952744239745473,0.0723837192946684,0.13910724251679257
8.0,3.0,2.25,6.0,1.0,3.0,12.0,66.0,2.0,Voted,1,-0.37392101954852686,0.23419574667313706,-0.8684841111860602,-0.8705667371560182,-0.8294271255193882,0.7549985908204692
0.0,1.0,2.5,2.3333333333333335,2.0,5.0,15.0,31.0,2.0,Did not vote,0,-0.024016387079963866,-2.048835697065332,0.6688668369168803,0.25952744239745473,0.0723837192946684,-1.2046556992366837
8.0,5.0,2.75,7.0,1.0,6.0,17.0,60.0,2.0,Voted,1,0.3258882453885992,0.8568406858745377,-0.8684841111860602,0.8245745321741912,0.6735909491707062,0.4190578553821001
8.0,8.0,3.75,7.666666666666667,1.0,5.0,19.0,64.0,2.0,Voted,1,1.7255067752628512,1.271937312008805,-0.8684841111860602,0.25952744239745473,1.274798179046744,0.6430183456743461
6.0,5.0,2.5,7.333333333333333,1.0,8.0,18.0,68.0,1.0,Voted,1,-0.024016387079963866,1.064388998941671,-0.8684841111860602,1.9546687117276642,0.974194564108725,0.8669788359665922
7.0,2.0,2.25,4.0,3.0,3.0,16.0,34.0,2.0,Voted,1,-0.37392101954852686,-1.0110941317296642,2.206217785019821,-0.8705667371560182,0.37298733423268726,-1.0366853315174993
7.0,4.0,1.5,5.666666666666667,2.0,5.0,13.0,55.0,1.0,Voted,1,-1.423634916954216,0.026647433606003672,0.6688668369168803,0.25952744239745473,-0.5288235105813693,0.13910724251679257
8.0,4.0,2.25,6.0,1.0,5.0,13.0,44.0,1.0,Voted,1,-0.37392101954852686,0.23419574667313706,-0.8684841111860602,0.25952744239745473,-0.5288235105813693,-0.47678410578688407
7.0,5.0,2.25,7.666666666666667,2.0,5.0,10.0,71.0,2.0,Voted,1,-0.37392101954852686,1.271937312008805,0.6688668369168803,0.25952744239745473,-1.430634355395426,1.0349492036857768
8.0,4.0,3.25,7.666666666666667,1.0,2.0,19.0,36.0,2.0,Did not vote,0,1.025697510325725,1.271937312008805,-0.8684841111860602,-1.4356138269327547,1.274798179046744,-0.9247050863713762
5.0,6.0,2.0,6.333333333333333,2.0,8.0,13.0,54.0,1.0,Did not vote,0,-0.7238256520170899,0.4417440597402704,0.6688668369168803,1.9546687117276642,-0.5288235105813693,0.08311711994373105
0.0,0.0,2.0,5.666666666666667,2.0,5.0,13.0,35.0,2.0,Voted,1,-0.7238256520170899,0.026647433606003672,0.6688668369168803,0.25952744239745473,-0.5288235105813693,-0.9806952089444377
6.0,4.0,2.25,7.333333333333333,1.0,6.0,13.0,41.0,2.0,Voted,1,-0.37392101954852686,1.064388998941671,-0.8684841111860602,0.8245745321741912,-0.5288235105813693,-0.6447544735060686
7.0,5.0,2.0,6.333333333333333,1.0,3.0,12.0,79.0,2.0,Voted,1,-0.7238256520170899,0.4417440597402704,-0.8684841111860602,-0.8705667371560182,-0.8294271255193882,1.482870184270269
8.0,9.0,3.0,7.0,2.0,7.0,14.0,71.0,2.0,Voted,1,0.6757928778571621,0.8568406858745377,0.6688668369168803,1.3896216219509276,-0.22821989564335046,1.0349492036857768
7.0,6.0,2.0,8.333333333333334,1.0,5.0,12.0,75.0,2.0,Voted,1,-0.7238256520170899,1.6870339381430723,-0.8684841111860602,0.25952744239745473,-0.8294271255193882,1.2589096939780229
5.0,0.0,2.0,4.333333333333333,1.0,5.0,12.0,70.0,2.0,Voted,1,-0.7238256520170899,-0.8035458186625309,-0.8684841111860602,0.25952744239745473,-0.8294271255193882,0.9789590811127152
6.0,6.0,3.0,5.666666666666667,1.0,3.0,13.0,37.0,1.0,Voted,1,0.6757928778571621,0.026647433606003672,-0.8684841111860602,-0.8705667371560182,-0.5288235105813693,-0.8687149637983147
5.0,3.0,1.5,6.0,1.0,5.0,11.0,71.0,2.0,Voted,1,-1.423634916954216,0.23419574667313706,-0.8684841111860602,0.25952744239745473,-1.130030740457407,1.0349492036857768
3.0,5.0,2.5,5.333333333333333,1.0,6.0,16.0,53.0,2.0,Did not vote,0,-0.024016387079963866,-0.18090087946113026,-0.8684841111860602,0.8245745321741912,0.37298733423268726,0.027126997370669537
7.0,6.0,2.25,6.0,1.0,4.0,10.0,23.0,2.0,Did not vote,0,-0.37392101954852686,0.23419574667313706,-0.8684841111860602,-0.3055196473792817,-1.430634355395426,-1.6525766798211758
7.0,3.0,2.25,4.333333333333333,1.0,6.0,12.0,55.0,1.0,Voted,1,-0.37392101954852686,-0.8035458186625309,-0.8684841111860602,0.8245745321741912,-0.8294271255193882,0.13910724251679257
8.0,5.0,2.75,5.333333333333333,1.0,5.0,15.0,56.0,1.0,Voted,1,0.3258882453885992,-0.18090087946113026,-0.8684841111860602,0.25952744239745473,0.0723837192946684,0.19509736508985406
8.0,5.0,2.5,5.333333333333333,2.0,5.0,12.0,58.0,1.0,Voted,1,-0.024016387079963866,-0.18090087946113026,0.6688668369168803,0.25952744239745473,-0.8294271255193882,0.3070776102359771
1.0,3.0,1.25,5.666666666666667,4.0,9.0,10.0,34.0,1.0,Did not vote,0,-1.773539549422779,0.026647433606003672,3.743568733122761,2.5197158015044008,-1.430634355395426,-1.0366853315174993
5.0,3.0,3.25,4.666666666666667,1.0,8.0,14.0,22.0,1.0,Voted,1,1.025697510325725,-0.595997505595397,-0.8684841111860602,1.9546687117276642,-0.22821989564335046,-1.7085668023942373
2.0,2.0,2.25,3.6666666666666665,1.0,4.0,12.0,69.0,1.0,Voted,1,-0.37392101954852686,-1.2186424447967978,-0.8684841111860602,-0.3055196473792817,-0.8294271255193882,0.9229689585396538
3.0,3.0,1.75,5.0,2.0,3.0,13.0,33.0,2.0,Voted,1,-1.0737302844856529,-0.3884491925282636,0.6688668369168803,-0.8705667371560182,-0.5288235105813693,-1.0926754540905608
4.0,2.0,2.0,5.666666666666667,1.0,5.0,14.0,43.0,1.0,Voted,1,-0.7238256520170899,0.026647433606003672,-0.8684841111860602,0.25952744239745473,-0.22821989564335046,-0.5327742283599456
6.0,0.0,1.25,5.333333333333333,3.0,3.0,10.0,68.0,2.0,Voted,1,-1.773539549422779,-0.18090087946113026,2.206217785019821,-0.8705667371560182,-1.430634355395426,0.8669788359665922
8.0,6.0,2.0,5.333333333333333,1.0,3.0,18.0,49.0,2.0,Did not vote,0,-0.7238256520170899,-0.18090087946113026,-0.8684841111860602,-0.8705667371560182,0.974194564108725,-0.1968334929215765
0.0,4.0,1.25,3.6666666666666665,2.0,5.0,13.0,59.0,1.0,Voted,1,-1.773539549422779,-1.2186424447967978,0.6688668369168803,0.25952744239745473,-0.5288235105813693,0.3630677328090386
9.0,6.0,3.0,5.666666666666667,1.0,5.0,21.0,37.0,2.0,Voted,1,0.6757928778571621,0.026647433606003672,-0.8684841111860602,0.25952744239745473,1.8760054089227816,-0.8687149637983147
7.0,7.0,2.75,6.0,2.0,4.0,16.0,29.0,2.0,Voted,1,0.3258882453885992,0.23419574667313706,0.6688668369168803,-0.3055196473792817,0.37298733423268726,-1.3166359443828068
7.0,5.0,2.75,8.0,1.0,7.0,14.0,53.0,1.0,Voted,1,0.3258882453885992,1.4794856250759383,-0.8684841111860602,1.3896216219509276,-0.22821989564335046,0.027126997370669537
5.0,6.0,1.5,7.333333333333333,2.0,2.0,10.0,68.0,2.0,Voted,1,-1.423634916954216,1.064388998941671,0.6688668369168803,-1.4356138269327547,-1.430634355395426,0.8669788359665922
5.0,5.0,3.25,7.0,2.0,4.0,19.0,26.0,2.0,Voted,1,1.025697510325725,0.8568406858745377,0.6688668369168803,-0.3055196473792817,1.274798179046744,-1.4846063121019912
3.0,2.0,3.0,4.666666666666667,2.0,5.0,12.0,43.0,2.0,Voted,1,0.6757928778571621,-0.595997505595397,0.6688668369168803,0.25952744239745473,-0.8294271255193882,-0.5327742283599456
4.0,3.0,2.5,4.333333333333333,2.0,5.0,13.0,72.0,1.0,Voted,1,-0.024016387079963866,-0.8035458186625309,0.6688668369168803,0.25952744239745473,-0.5288235105813693,1.0909393262588383
5.0,6.0,3.0,3.3333333333333335,1.0,5.0,12.0,55.0,2.0,Voted,1,0.6757928778571621,-1.4261907578639312,-0.8684841111860602,0.25952744239745473,-0.8294271255193882,0.13910724251679257
8.0,5.0,1.75,3.6666666666666665,3.0,5.0,12.0,24.0,1.0,Did not vote,0,-1.0737302844856529,-1.2186424447967978,2.206217785019821,0.25952744239745473,-0.8294271255193882,-1.5965865572481144
4.0,2.0,2.0,4.0,3.0,5.0,13.0,71.0,2.0,Voted,1,-0.7238256520170899,-1.0110941317296642,2.206217785019821,0.25952744239745473,-0.5288235105813693,1.0349492036857768
8.0,4.0,2.5,6.0,1.0,5.0,15.0,30.0,1.0,Voted,1,-0.024016387079963866,0.23419574667313706,-0.8684841111860602,0.25952744239745473,0.0723837192946684,-1.2606458218097452
4.0,2.0,1.25,6.0,2.0,5.0,15.0,72.0,2.0,Voted,1,-1.773539549422779,0.23419574667313706,0.6688668369168803,0.25952744239745473,0.0723837192946684,1.0909393262588383
9.0,4.0,3.25,7.0,2.0,3.0,16.0,39.0,1.0,Voted,1,1.025697510325725,0.8568406858745377,0.6688668369168803,-0.8705667371560182,0.37298733423268726,-0.7567347186521917
9.0,4.0,3.25,3.6666666666666665,1.0,3.0,20.0,55.0,1.0,Voted,1,1.025697510325725,-1.2186424447967978,-0.8684841111860602,-0.8705667371560182,1.5754017939847627,0.13910724251679257
7.0,2.0,2.5,4.0,2.0,6.0,18.0,39.0,1.0,Voted,1,-0.024016387079963866,-1.0110941317296642,0.6688668369168803,0.8245745321741912,0.974194564108725,-0.7567347186521917
9.0,9.0,3.25,8.333333333333334,1.0,5.0,20.0,30.0,1.0,Voted,1,1.025697510325725,1.6870339381430723,-0.8684841111860602,0.25952744239745473,1.5754017939847627,-1.2606458218097452
7.0,6.0,3.5,6.666666666666667,1.0,3.0,15.0,22.0,1.0,Voted,1,1.3756021427942882,0.6492923728074044,-0.8684841111860602,-0.8705667371560182,0.0723837192946684,-1.7085668023942373
5.0,3.0,2.25,2.3333333333333335,2.0,2.0,13.0,72.0,2.0,Voted,1,-0.37392101954852686,-2.048835697065332,0.6688668369168803,-1.4356138269327547,-0.5288235105813693,1.0909393262588383
7.0,5.0,2.5,5.333333333333333,1.0,8.0,18.0,60.0,2.0,Voted,1,-0.024016387079963866,-0.18090087946113026,-0.8684841111860602,1.9546687117276642,0.974194564108725,0.4190578553821001
8.0,8.0,2.0,2.6666666666666665,2.0,5.0,8.0,35.0,2.0,Did not vote,0,-0.7238256520170899,-1.8412873839981987,0.6688668369168803,0.25952744239745473,-2.0318415852714637,-0.9806952089444377
7.0,5.0,2.0,8.0,1.0,3.0,15.0,62.0,2.0,Voted,1,-0.7238256520170899,1.4794856250759383,-0.8684841111860602,-0.8705667371560182,0.0723837192946684,0.5310381005282232
6.0,3.0,2.75,7.0,1.0,4.0,15.0,39.0,1.0,Voted,1,0.3258882453885992,0.8568406858745377,-0.8684841111860602,-0.3055196473792817,0.0723837192946684,-0.7567347186521917
5.0,1.0,1.5,4.333333333333333,2.0,5.0,12.0,55.0,2.0,Did not vote,0,-1.423634916954216,-0.8035458186625309,0.6688668369168803,0.25952744239745473,-0.8294271255193882,0.13910724251679257
0.0,0.0,2.25,3.3333333333333335,1.0,2.0,12.0,56.0,2.0,Did not vote,0,-0.37392101954852686,-1.4261907578639312,-0.8684841111860602,-1.4356138269327547,-0.8294271255193882,0.19509736508985406
4.0,2.0,2.5,4.666666666666667,1.0,3.0,14.0,42.0,1.0,Voted,1,-0.024016387079963866,-0.595997505595397,-0.8684841111860602,-0.8705667371560182,-0.22821989564335046,-0.5887643509330072
2.0,0.0,1.75,4.666666666666667,3.0,5.0,15.0,40.0,2.0,Voted,1,-1.0737302844856529,-0.595997505595397,2.206217785019821,0.25952744239745473,0.0723837192946684,-0.7007445960791301
7.0,7.0,2.75,4.333333333333333,1.0,4.0,13.0,42.0,2.0,Voted,1,0.3258882453885992,-0.8035458186625309,-0.8684841111860602,-0.3055196473792817,-0.5288235105813693,-0.5887643509330072
6.0,6.0,1.75,7.0,2.0,7.0,11.0,19.0,2.0,Did not vote,0,-1.0737302844856529,0.8568406858745377,0.6688668369168803,1.3896216219509276,-1.130030740457407,-1.876537170113422
7.0,5.0,2.5,5.666666666666667,2.0,3.0,13.0,21.0,1.0,Voted,1,-0.024016387079963866,0.026647433606003672,0.6688668369168803,-0.8705667371560182,-0.5288235105813693,-1.764556924967299
7.0,5.0,2.75,7.333333333333333,1.0,3.0,14.0,69.0,1.0,Voted,1,0.3258882453885992,1.064388998941671,-0.8684841111860602,-0.8705667371560182,-0.22821989564335046,0.9229689585396538
1.0,0.0,2.0,4.0,2.0,5.0,16.0,27.0,2.0,Did not vote,0,-0.7238256520170899,-1.0110941317296642,0.6688668369168803,0.25952744239745473,0.37298733423268726,-1.4286161895289298
6.0,5.0,3.0,4.666666666666667,2.0,7.0,16.0,26.0,1.0,Voted,1,0.6757928778571621,-0.595997505595397,0.6688668369168803,1.3896216219509276,0.37298733423268726,-1.4846063121019912
1.0,0.0,1.5,3.6666666666666665,1.0,5.0,11.0,81.0,2.0,Voted,1,-1.423634916954216,-1.2186424447967978,-0.8684841111860602,0.25952744239745473,-1.130030740457407,1.5948504294163919
7.0,4.0,2.25,6.0,2.0,5.0,13.0,35.0,1.0,Voted,1,-0.37392101954852686,0.23419574667313706,0.6688668369168803,0.25952744239745473,-0.5288235105813693,-0.9806952089444377
4.0,4.0,2.25,5.666666666666667,2.0,3.0,14.0,43.0,2.0,Voted,1,-0.37392101954852686,0.026647433606003672,0.6688668369168803,-0.8705667371560182,-0.22821989564335046,-0.5327742283599456
9.0,5.0,3.5,7.0,1.0,3.0,23.0,64.0,1.0,Voted,1,1.3756021427942882,0.8568406858745377,-0.8684841111860602,-0.8705667371560182,2.4772126387988194,0.6430183456743461
9.0,7.0,3.75,7.333333333333333,1.0,4.0,17.0,45.0,2.0,Voted,1,1.7255067752628512,1.064388998941671,-0.8684841111860602,-0.3055196473792817,0.6735909491707062,-0.42079398321382255
9.0,1.0,3.25,7.333333333333333,1.0,4.0,16.0,62.0,1.0,Voted,1,1.025697510325725,1.064388998941671,-0.8684841111860602,-0.3055196473792817,0.37298733423268726,0.5310381005282232
6.0,5.0,3.25,5.0,1.0,3.0,21.0,59.0,1.0,Voted,1,1.025697510325725,-0.3884491925282636,-0.8684841111860602,-0.8705667371560182,1.8760054089227816,0.3630677328090386
7.0,6.0,4.0,4.666666666666667,2.0,3.0,14.0,20.0,2.0,Voted,1,2.0754114077314143,-0.595997505595397,0.6688668369168803,-0.8705667371560182,-0.22821989564335046,-1.8205470475403605
7.0,5.0,3.75,6.666666666666667,2.0,2.0,16.0,23.0,2.0,Voted,1,1.7255067752628512,0.6492923728074044,0.6688668369168803,-1.4356138269327547,0.37298733423268726,-1.6525766798211758
8.0,7.0,3.0,8.0,1.0,4.0,14.0,67.0,2.0,Voted,1,0.6757928778571621,1.4794856250759383,-0.8684841111860602,-0.3055196473792817,-0.22821989564335046,0.8109887133935307
7.0,3.0,3.0,6.333333333333333,1.0,5.0,16.0,46.0,1.0,Voted,1,0.6757928778571621,0.4417440597402704,-0.8684841111860602,0.25952744239745473,0.37298733423268726,-0.36480386064076104
7.0,3.0,1.75,4.0,1.0,5.0,12.0,72.0,2.0,Voted,1,-1.0737302844856529,-1.0110941317296642,-0.8684841111860602,0.25952744239745473,-0.8294271255193882,1.0909393262588383
0.0,0.0,2.5,6.0,2.0,5.0,13.0,39.0,2.0,Voted,1,-0.024016387079963866,0.23419574667313706,0.6688668369168803,0.25952744239745473,-0.5288235105813693,-0.7567347186521917
6.0,4.0,2.25,5.666666666666667,2.0,6.0,17.0,25.0,2.0,Voted,1,-0.37392101954852686,0.026647433606003672,0.6688668369168803,0.8245745321741912,0.6735909491707062,-1.540596434675053
3.0,2.0,1.25,1.6666666666666667,4.0,8.0,18.0,52.0,1.0,Did not vote,0,-1.773539549422779,-2.463932323199599,3.743568733122761,1.9546687117276642,0.974194564108725,-0.028863125202391978
8.0,2.0,2.75,6.666666666666667,3.0,6.0,9.0,64.0,1.0,Voted,1,0.3258882453885992,0.6492923728074044,2.206217785019821,0.8245745321741912,-1.7312379703334448,0.6430183456743461
7.0,3.0,1.75,4.666666666666667,2.0,6.0,13.0,52.0,2.0,Voted,1,-1.0737302844856529,-0.595997505595397,0.6688668369168803,0.8245745321741912,-0.5288235105813693,-0.028863125202391978
8.0,4.0,2.0,2.6666666666666665,2.0,5.0,11.0,84.0,1.0,Voted,1,-0.7238256520170899,-1.8412873839981987,0.6688668369168803,0.25952744239745473,-1.130030740457407,1.7628207971355765
6.0,5.0,2.3333333333333335,6.333333333333333,2.0,5.0,13.0,58.0,2.0,Voted,1,-0.2572861420590057,0.4417440597402704,0.6688668369168803,0.25952744239745473,-0.5288235105813693,0.3070776102359771
7.0,3.0,3.25,5.333333333333333,1.0,8.0,16.0,59.0,1.0,Voted,1,1.025697510325725,-0.18090087946113026,-0.8684841111860602,1.9546687117276642,0.37298733423268726,0.3630677328090386
6.0,6.0,1.5,2.0,3.0,4.0,15.0,62.0,2.0,Voted,1,-1.423634916954216,-2.2563840101324657,2.206217785019821,-0.3055196473792817,0.0723837192946684,0.5310381005282232
7.0,6.0,2.75,4.333333333333333,2.0,6.0,18.0,40.0,1.0,Voted,1,0.3258882453885992,-0.8035458186625309,0.6688668369168803,0.8245745321741912,0.974194564108725,-0.7007445960791301
5.0,4.0,2.0,5.333333333333333,2.0,7.0,15.0,39.0,2.0,Voted,1,-0.7238256520170899,-0.18090087946113026,0.6688668369168803,1.3896216219509276,0.0723837192946684,-0.7567347186521917
4.0,4.0,3.25,7.0,1.0,4.0,16.0,65.0,1.0,Voted,1,1.025697510325725,0.8568406858745377,-0.8684841111860602,-0.3055196473792817,0.37298733423268726,0.6990084682474077
7.0,6.0,2.75,7.0,2.0,2.0,19.0,50.0,2.0,Voted,1,0.3258882453885992,0.8568406858745377,0.6688668369168803,-1.4356138269327547,1.274798179046744,-0.14084337034851502
3.0,2.0,2.25,2.6666666666666665,3.0,7.0,15.0,33.0,2.0,Voted,1,-0.37392101954852686,-1.8412873839981987,2.206217785019821,1.3896216219509276,0.0723837192946684,-1.0926754540905608
4.0,2.0,2.0,0.3333333333333333,2.0,5.0,11.0,60.0,2.0,Voted,1,-0.7238256520170899,-3.294125575468134,0.6688668369168803,0.25952744239745473,-1.130030740457407,0.4190578553821001
4.0,4.0,2.25,6.0,1.0,4.0,15.0,65.0,2.0,Voted,1,-0.37392101954852686,0.23419574667313706,-0.8684841111860602,-0.3055196473792817,0.0723837192946684,0.6990084682474077
10.0,8.0,3.5,7.666666666666667,1.0,3.0,18.0,46.0,2.0,Voted,1,1.3756021427942882,1.271937312008805,-0.8684841111860602,-0.8705667371560182,0.974194564108725,-0.36480386064076104
7.0,8.0,3.0,8.0,1.0,3.0,13.0,64.0,2.0,Voted,1,0.6757928778571621,1.4794856250759383,-0.8684841111860602,-0.8705667371560182,-0.5288235105813693,0.6430183456743461
6.0,4.0,2.5,4.666666666666667,2.0,5.0,18.0,62.0,2.0,Voted,1,-0.024016387079963866,-0.595997505595397,0.6688668369168803,0.25952744239745473,0.974194564108725,0.5310381005282232
7.0,0.0,2.5,7.0,2.0,4.0,15.0,69.0,1.0,Voted,1,-0.024016387079963866,0.8568406858745377,0.6688668369168803,-0.3055196473792817,0.0723837192946684,0.9229689585396538
5.0,0.0,1.0,4.333333333333333,4.0,6.0,11.0,58.0,1.0,Voted,1,-2.123444181891342,-0.8035458186625309,3.743568733122761,0.8245745321741912,-1.130030740457407,0.3070776102359771
2.0,5.0,2.0,4.666666666666667,2.0,4.0,12.0,65.0,1.0,Voted,1,-0.7238256520170899,-0.595997505595397,0.6688668369168803,-0.3055196473792817,-0.8294271255193882,0.6990084682474077
8.0,6.0,3.5,7.0,1.0,2.0,13.0,71.0,2.0,Voted,1,1.3756021427942882,0.8568406858745377,-0.8684841111860602,-1.4356138269327547,-0.5288235105813693,1.0349492036857768
5.0,4.0,1.5,2.6666666666666665,2.0,3.0,12.0,82.0,1.0,Voted,1,-1.423634916954216,-1.8412873839981987,0.6688668369168803,-0.8705667371560182,-0.8294271255193882,1.6508405519894533
2.0,4.0,2.0,6.333333333333333,1.0,5.0,11.0,74.0,2.0,Voted,1,-0.7238256520170899,0.4417440597402704,-0.8684841111860602,0.25952744239745473,-1.130030740457407,1.2029195714049614
8.0,5.0,2.75,6.666666666666667,1.0,4.0,18.0,42.0,2.0,Voted,1,0.3258882453885992,0.6492923728074044,-0.8684841111860602,-0.3055196473792817,0.974194564108725,-0.5887643509330072
5.0,4.0,3.25,7.666666666666667,2.0,5.0,15.0,87.0,2.0,Voted,1,1.025697510325725,1.271937312008805,0.6688668369168803,0.25952744239745473,0.0723837192946684,1.9307911648547609
8.0,7.0,2.0,4.0,2.0,5.0,14.0,26.0,1.0,Voted,1,-0.7238256520170899,-1.0110941317296642,0.6688668369168803,0.25952744239745473,-0.22821989564335046,-1.4846063121019912
5.0,5.0,2.75,4.0,1.0,3.0,18.0,66.0,2.0,Voted,1,0.3258882453885992,-1.0110941317296642,-0.8684841111860602,-0.8705667371560182,0.974194564108725,0.7549985908204692
1.0,0.0,1.5,7.333333333333333,1.0,5.0,13.0,39.0,2.0,Did not vote,0,-1.423634916954216,1.064388998941671,-0.8684841111860602,0.25952744239745473,-0.5288235105813693,-0.7567347186521917
1.0,1.0,2.5,5.666666666666667,1.0,6.0,16.0,64.0,1.0,Voted,1,-0.024016387079963866,0.026647433606003672,-0.8684841111860602,0.8245745321741912,0.37298733423268726,0.6430183456743461
8.0,6.0,3.0,8.0,1.0,4.0,21.0,32.0,2.0,Voted,1,0.6757928778571621,1.4794856250759383,-0.8684841111860602,-0.3055196473792817,1.8760054089227816,-1.1486655766636222
8.0,5.0,2.75,7.666666666666667,1.0,3.0,16.0,77.0,2.0,Voted,1,0.3258882453885992,1.271937312008805,-0.8684841111860602,-0.8705667371560182,0.37298733423268726,1.3708899391241458
2.0,2.0,3.0,8.666666666666666,2.0,0.0,17.0,30.0,2.0,Voted,1,0.6757928778571621,1.894582251210205,0.6688668369168803,-2.5657080064862274,0.6735909491707062,-1.2606458218097452
6.0,4.0,2.5,7.666666666666667,2.0,6.0,15.0,56.0,2.0,Voted,1,-0.024016387079963866,1.271937312008805,0.6688668369168803,0.8245745321741912,0.0723837192946684,0.19509736508985406
0.0,0.0,1.25,1.0,1.0,5.0,20.0,38.0,2.0,Voted,1,-1.773539549422779,-2.879028949333866,-0.8684841111860602,0.25952744239745473,1.5754017939847627,-0.8127248412252531
7.0,2.0,3.5,6.0,1.0,3.0,13.0,64.0,1.0,Voted,1,1.3756021427942882,0.23419574667313706,-0.8684841111860602,-0.8705667371560182,-0.5288235105813693,0.6430183456743461
4.0,3.0,2.75,6.0,1.0,5.0,11.0,66.0,2.0,Voted,1,0.3258882453885992,0.23419574667313706,-0.8684841111860602,0.25952744239745473,-1.130030740457407,0.7549985908204692
8.0,3.0,1.75,7.0,1.0,5.0,12.0,51.0,1.0,Voted,1,-1.0737302844856529,0.8568406858745377,-0.8684841111860602,0.25952744239745473,-0.8294271255193882,-0.08485324777545349
5.0,3.0,2.0,6.0,1.0,5.0,15.0,22.0,1.0,Did not vote,0,-0.7238256520170899,0.23419574667313706,-0.8684841111860602,0.25952744239745473,0.0723837192946684,-1.7085668023942373
7.0,7.0,2.25,6.333333333333333,1.0,7.0,13.0,41.0,2.0,Voted,1,-0.37392101954852686,0.4417440597402704,-0.8684841111860602,1.3896216219509276,-0.5288235105813693,-0.6447544735060686
7.0,4.0,2.25,5.0,2.0,1.0,13.0,61.0,1.0,Voted,1,-0.37392101954852686,-0.3884491925282636,0.6688668369168803,-2.0006609167094913,-0.5288235105813693,0.4750479779551616
7.0,6.0,3.25,4.333333333333333,2.0,4.0,12.0,53.0,1.0,Voted,1,1.025697510325725,-0.8035458186625309,0.6688668369168803,-0.3055196473792817,-0.8294271255193882,0.027126997370669537
7.0,3.0,3.0,4.333333333333333,2.0,5.0,14.0,25.0,1.0,Voted,1,0.6757928778571621,-0.8035458186625309,0.6688668369168803,0.25952744239745473,-0.22821989564335046,-1.540596434675053
7.0,6.0,3.5,7.666666666666667,1.0,3.0,11.0,20.0,2.0,Voted,1,1.3756021427942882,1.271937312008805,-0.8684841111860602,-0.8705667371560182,-1.130030740457407,-1.8205470475403605
8.0,6.0,2.5,8.0,1.0,5.0,13.0,67.0,1.0,Voted,1,-0.024016387079963866,1.4794856250759383,-0.8684841111860602,0.25952744239745473,-0.5288235105813693,0.8109887133935307
4.0,5.0,1.75,5.333333333333333,2.0,5.0,14.0,48.0,1.0,Did not vote,0,-1.0737302844856529,-0.18090087946113026,0.6688668369168803,0.25952744239745473,-0.22821989564335046,-0.25282361549463805
2.0,2.0,2.5,2.3333333333333335,1.0,7.0,16.0,54.0,2.0,Voted,1,-0.024016387079963866,-2.048835697065332,-0.8684841111860602,1.3896216219509276,0.37298733423268726,0.08311711994373105
9.0,6.0,3.0,8.333333333333334,1.0,4.0,18.0,54.0,2.0,Voted,1,0.6757928778571621,1.6870339381430723,-0.8684841111860602,-0.3055196473792817,0.974194564108725,0.08311711994373105
6.0,1.0,2.25,6.0,2.0,5.0,16.0,62.0,1.0,Did not vote,0,-0.37392101954852686,0.23419574667313706,0.6688668369168803,0.25952744239745473,0.37298733423268726,0.5310381005282232
3.0,1.0,3.0,5.666666666666667,3.0,2.0,10.0,60.0,1.0,Voted,1,0.6757928778571621,0.026647433606003672,2.206217785019821,-1.4356138269327547,-1.430634355395426,0.4190578553821001
5.0,2.0,3.5,4.333333333333333,1.0,5.0,19.0,52.0,2.0,Voted,1,1.3756021427942882,-0.8035458186625309,-0.8684841111860602,0.25952744239745473,1.274798179046744,-0.028863125202391978
1.0,1.0,1.75,2.0,2.0,9.0,10.0,36.0,2.0,Did not vote,0,-1.0737302844856529,-2.2563840101324657,0.6688668369168803,2.5197158015044008,-1.430634355395426,-0.9247050863713762
9.0,7.0,3.0,5.666666666666667,1.0,5.0,15.0,69.0,1.0,Voted,1,0.6757928778571621,0.026647433606003672,-0.8684841111860602,0.25952744239745473,0.0723837192946684,0.9229689585396538
5.0,5.0,3.5,7.333333333333333,1.0,7.0,13.0,60.0,1.0,Voted,1,1.3756021427942882,1.064388998941671,-0.8684841111860602,1.3896216219509276,-0.5288235105813693,0.4190578553821001
10.0,6.0,2.5,3.6666666666666665,2.0,5.0,14.0,48.0,1.0,Voted,1,-0.024016387079963866,-1.2186424447967978,0.6688668369168803,0.25952744239745473,-0.22821989564335046,-0.25282361549463805
8.0,3.0,2.0,8.0,1.0,5.0,15.0,70.0,2.0,Voted,1,-0.7238256520170899,1.4794856250759383,-0.8684841111860602,0.25952744239745473,0.0723837192946684,0.9789590811127152
6.0,2.0,2.75,6.666666666666667,1.0,4.0,21.0,45.0,1.0,Voted,1,0.3258882453885992,0.6492923728074044,-0.8684841111860602,-0.3055196473792817,1.8760054089227816,-0.42079398321382255
5.0,2.0,2.0,3.6666666666666665,2.0,5.0,12.0,67.0,1.0,Voted,1,-0.7238256520170899,-1.2186424447967978,0.6688668369168803,0.25952744239745473,-0.8294271255193882,0.8109887133935307
7.0,4.0,3.0,7.333333333333333,2.0,0.0,18.0,26.0,2.0,Voted,1,0.6757928778571621,1.064388998941671,0.6688668369168803,-2.5657080064862274,0.974194564108725,-1.4846063121019912
8.0,9.0,2.75,7.333333333333333,2.0,1.0,14.0,24.0,2.0,Voted,1,0.3258882453885992,1.064388998941671,0.6688668369168803,-2.0006609167094913,-0.22821989564335046,-1.5965865572481144
10.0,7.0,2.75,5.333333333333333,2.0,2.0,15.0,52.0,2.0,Voted,1,0.3258882453885992,-0.18090087946113026,0.6688668369168803,-1.4356138269327547,0.0723837192946684,-0.028863125202391978
1.0,5.0,2.25,3.6666666666666665,1.0,2.0,14.0,20.0,2.0,Voted,1,-0.37392101954852686,-1.2186424447967978,-0.8684841111860602,-1.4356138269327547,-0.22821989564335046,-1.8205470475403605
7.0,3.0,2.75,6.0,2.0,5.0,19.0,27.0,2.0,Voted,1,0.3258882453885992,0.23419574667313706,0.6688668369168803,0.25952744239745473,1.274798179046744,-1.4286161895289298
7.0,6.0,2.5,7.666666666666667,1.0,5.0,13.0,68.0,2.0,Voted,1,-0.024016387079963866,1.271937312008805,-0.8684841111860602,0.25952744239745473,-0.5288235105813693,0.8669788359665922
0.0,0.0,2.75,1.3333333333333333,2.0,7.0,13.0,55.0,1.0,Voted,1,0.3258882453885992,-2.671480636266733,0.6688668369168803,1.3896216219509276,-0.5288235105813693,0.13910724251679257
7.0,7.0,3.0,7.333333333333333,2.0,5.0,15.0,36.0,1.0,Did not vote,0,0.6757928778571621,1.064388998941671,0.6688668369168803,0.25952744239745473,0.0723837192946684,-0.9247050863713762
7.0,7.0,4.25,9.333333333333334,1.0,3.0,21.0,59.0,2.0,Voted,1,2.425316040199977,2.309678877344473,-0.8684841111860602,-0.8705667371560182,1.8760054089227816,0.3630677328090386
9.0,5.0,3.75,3.3333333333333335,3.0,0.0,14.0,63.0,2.0,Voted,1,1.7255067752628512,-1.4261907578639312,2.206217785019821,-2.5657080064862274,-0.22821989564335046,0.5870282231012847
7.0,6.0,2.75,7.666666666666667,2.0,0.0,15.0,72.0,1.0,Voted,1,0.3258882453885992,1.271937312008805,0.6688668369168803,-2.5657080064862274,0.0723837192946684,1.0909393262588383
7.0,2.0,4.25,3.6666666666666665,1.0,5.0,20.0,36.0,1.0,Voted,1,2.425316040199977,-1.2186424447967978,-0.8684841111860602,0.25952744239745473,1.5754017939847627,-0.9247050863713762
0.0,2.0,2.75,8.0,3.0,4.0,12.0,57.0,2.0,Voted,1,0.3258882453885992,1.4794856250759383,2.206217785019821,-0.3055196473792817,-0.8294271255193882,0.2510874876629156
5.0,5.0,2.25,6.333333333333333,2.0,10.0,13.0,69.0,1.0,Voted,1,-0.37392101954852686,0.4417440597402704,0.6688668369168803,3.084762891281137,-0.5288235105813693,0.9229689585396538
3.0,2.0,2.5,2.6666666666666665,1.0,5.0,15.0,53.0,2.0,Voted,1,-0.024016387079963866,-1.8412873839981987,-0.8684841111860602,0.25952744239745473,0.0723837192946684,0.027126997370669537
5.0,1.0,1.0,6.333333333333333,2.0,5.0,3.0,43.0,2.0,Voted,1,-2.123444181891342,0.4417440597402704,0.6688668369168803,0.25952744239745473,-3.5348596599615583,-0.5327742283599456
6.0,6.0,3.25,7.333333333333333,2.0,5.0,16.0,44.0,1.0,Voted,1,1.025697510325725,1.064388998941671,0.6688668369168803,0.25952744239745473,0.37298733423268726,-0.47678410578688407
6.0,6.0,2.75,6.333333333333333,2.0,2.0,11.0,22.0,1.0,Voted,1,0.3258882453885992,0.4417440597402704,0.6688668369168803,-1.4356138269327547,-1.130030740457407,-1.7085668023942373
8.0,7.0,4.5,7.0,1.0,8.0,18.0,74.0,1.0,Voted,1,2.7752206726685404,0.8568406858745377,-0.8684841111860602,1.9546687117276642,0.974194564108725,1.2029195714049614
2.0,2.0,2.25,6.0,2.0,5.0,11.0,62.0,2.0,Voted,1,-0.37392101954852686,0.23419574667313706,0.6688668369168803,0.25952744239745473,-1.130030740457407,0.5310381005282232
1.0,2.0,1.75,4.333333333333333,2.0,3.0,12.0,65.0,1.0,Voted,1,-1.0737302844856529,-0.8035458186625309,0.6688668369168803,-0.8705667371560182,-0.8294271255193882,0.6990084682474077
6.0,5.0,2.75,6.333333333333333,1.0,2.0,16.0,29.0,2.0,Voted,1,0.3258882453885992,0.4417440597402704,-0.8684841111860602,-1.4356138269327547,0.37298733423268726,-1.3166359443828068
4.0,3.0,2.5,5.333333333333333,1.0,7.0,16.0,69.0,2.0,Voted,1,-0.024016387079963866,-0.18090087946113026,-0.8684841111860602,1.3896216219509276,0.37298733423268726,0.9229689585396538
7.0,4.0,2.0,7.333333333333333,1.0,5.0,14.0,41.0,2.0,Voted,1,-0.7238256520170899,1.064388998941671,-0.8684841111860602,0.25952744239745473,-0.22821989564335046,-0.6447544735060686
8.0,7.0,2.0,5.666666666666667,1.0,4.0,16.0,71.0,1.0,Voted,1,-0.7238256520170899,0.026647433606003672,-0.8684841111860602,-0.3055196473792817,0.37298733423268726,1.0349492036857768
7.0,5.0,4.0,6.666666666666667,1.0,6.0,24.0,42.0,1.0,Voted,1,2.0754114077314143,0.6492923728074044,-0.8684841111860602,0.8245745321741912,2.7778162537368383,-0.5887643509330072
5.0,4.0,2.5,6.0,2.0,4.0,19.0,34.0,2.0,Voted,1,-0.024016387079963866,0.23419574667313706,0.6688668369168803,-0.3055196473792817,1.274798179046744,-1.0366853315174993
7.0,0.0,2.25,5.333333333333333,1.0,4.0,17.0,64.0,2.0,Voted,1,-0.37392101954852686,-0.18090087946113026,-0.8684841111860602,-0.3055196473792817,0.6735909491707062,0.6430183456743461
7.0,6.0,3.25,6.666666666666667,1.0,2.0,20.0,28.0,2.0,Voted,1,1.025697510325725,0.6492923728074044,-0.8684841111860602,-1.4356138269327547,1.5754017939847627,-1.3726260669558683
1.0,0.0,1.75,3.6666666666666665,2.0,5.0,14.0,59.0,2.0,Voted,1,-1.0737302844856529,-1.2186424447967978,0.6688668369168803,0.25952744239745473,-0.22821989564335046,0.3630677328090386
7.0,4.0,3.25,7.666666666666667,2.0,6.0,15.0,42.0,1.0,Voted,1,1.025697510325725,1.271937312008805,0.6688668369168803,0.8245745321741912,0.0723837192946684,-0.5887643509330072
5.0,5.0,1.25,6.333333333333333,2.0,3.0,12.0,69.0,1.0,Voted,1,-1.773539549422779,0.4417440597402704,0.6688668369168803,-0.8705667371560182,-0.8294271255193882,0.9229689585396538
6.0,7.0,3.0,2.6666666666666665,2.0,3.0,11.0,33.0,2.0,Voted,1,0.6757928778571621,-1.8412873839981987,0.6688668369168803,-0.8705667371560182,-1.130030740457407,-1.0926754540905608
8.0,8.0,2.75,7.333333333333333,2.0,3.0,13.0,71.0,1.0,Voted,1,0.3258882453885992,1.064388998941671,0.6688668369168803,-0.8705667371560182,-0.5288235105813693,1.0349492036857768
8.0,5.0,3.0,8.0,1.0,4.0,14.0,57.0,2.0,Voted,1,0.6757928778571621,1.4794856250759383,-0.8684841111860602,-0.3055196473792817,-0.22821989564335046,0.2510874876629156
7.0,2.0,2.75,1.3333333333333333,3.0,1.0,10.0,65.0,1.0,Voted,1,0.3258882453885992,-2.671480636266733,2.206217785019821,-2.0006609167094913,-1.430634355395426,0.6990084682474077
8.0,6.0,2.25,7.333333333333333,1.0,4.0,13.0,62.0,2.0,Voted,1,-0.37392101954852686,1.064388998941671,-0.8684841111860602,-0.3055196473792817,-0.5288235105813693,0.5310381005282232
0.0,1.0,2.75,5.0,2.0,7.0,12.0,64.0,1.0,Voted,1,0.3258882453885992,-0.3884491925282636,0.6688668369168803,1.3896216219509276,-0.8294271255193882,0.6430183456743461
1.0,2.0,3.0,4.333333333333333,2.0,8.0,15.0,78.0,1.0,Voted,1,0.6757928778571621,-0.8035458186625309,0.6688668369168803,1.9546687117276642,0.0723837192946684,1.4268800616972073
7.0,6.0,3.75,7.333333333333333,1.0,6.0,16.0,64.0,1.0,Voted,1,1.7255067752628512,1.064388998941671,-0.8684841111860602,0.8245745321741912,0.37298733423268726,0.6430183456743461
5.0,4.0,1.75,7.333333333333333,2.0,5.0,19.0,38.0,1.0,Voted,1,-1.0737302844856529,1.064388998941671,0.6688668369168803,0.25952744239745473,1.274798179046744,-0.8127248412252531
8.0,7.0,3.75,7.666666666666667,1.0,5.0,21.0,47.0,1.0,Voted,1,1.7255067752628512,1.271937312008805,-0.8684841111860602,0.25952744239745473,1.8760054089227816,-0.3088137380676995
3.0,1.0,2.0,5.0,1.0,5.0,11.0,56.0,1.0,Voted,1,-0.7238256520170899,-0.3884491925282636,-0.8684841111860602,0.25952744239745473,-1.130030740457407,0.19509736508985406
8.0,6.0,2.5,6.666666666666667,1.0,5.0,16.0,45.0,2.0,Voted,1,-0.024016387079963866,0.6492923728074044,-0.8684841111860602,0.25952744239745473,0.37298733423268726,-0.42079398321382255
5.0,5.0,2.75,5.333333333333333,1.0,5.0,13.0,22.0,2.0,Voted,1,0.3258882453885992,-0.18090087946113026,-0.8684841111860602,0.25952744239745473,-0.5288235105813693,-1.7085668023942373
9.0,5.0,4.25,5.666666666666667,4.0,3.0,16.0,52.0,1.0,Voted,1,2.425316040199977,0.026647433606003672,3.743568733122761,-0.8705667371560182,0.37298733423268726,-0.028863125202391978
5.0,3.0,2.25,6.666666666666667,2.0,3.0,27.0,52.0,1.0,Voted,1,-0.37392101954852686,0.6492923728074044,0.6688668369168803,-0.8705667371560182,3.679627098550895,-0.028863125202391978
4.0,3.0,2.75,7.333333333333333,1.0,7.0,17.0,45.0,2.0,Voted,1,0.3258882453885992,1.064388998941671,-0.8684841111860602,1.3896216219509276,0.6735909491707062,-0.42079398321382255
4.0,3.0,2.0,6.666666666666667,2.0,2.0,12.0,62.0,2.0,Voted,1,-0.7238256520170899,0.6492923728074044,0.6688668369168803,-1.4356138269327547,-0.8294271255193882,0.5310381005282232
2.0,1.0,1.75,3.6666666666666665,2.0,6.0,15.0,60.0,1.0,Voted,1,-1.0737302844856529,-1.2186424447967978,0.6688668369168803,0.8245745321741912,0.0723837192946684,0.4190578553821001
9.0,6.0,3.25,6.333333333333333,1.0,3.0,17.0,29.0,1.0,Voted,1,1.025697510325725,0.4417440597402704,-0.8684841111860602,-0.8705667371560182,0.6735909491707062,-1.3166359443828068
7.0,3.0,1.5,4.666666666666667,2.0,5.0,11.0,84.0,1.0,Voted,1,-1.423634916954216,-0.595997505595397,0.6688668369168803,0.25952744239745473,-1.130030740457407,1.7628207971355765
4.0,5.0,2.5,7.666666666666667,2.0,5.0,13.0,33.0,2.0,Voted,1,-0.024016387079963866,1.271937312008805,0.6688668369168803,0.25952744239745473,-0.5288235105813693,-1.0926754540905608
9.0,9.0,3.25,7.666666666666667,2.0,1.0,16.0,66.0,2.0,Voted,1,1.025697510325725,1.271937312008805,0.6688668369168803,-2.0006609167094913,0.37298733423268726,0.7549985908204692
7.0,5.0,3.0,4.333333333333333,1.0,5.0,16.0,35.0,1.0,Voted,1,0.6757928778571621,-0.8035458186625309,-0.8684841111860602,0.25952744239745473,0.37298733423268726,-0.9806952089444377
0.0,1.0,3.0,4.666666666666667,1.0,10.0,15.0,30.0,1.0,Voted,1,0.6757928778571621,-0.595997505595397,-0.8684841111860602,3.084762891281137,0.0723837192946684,-1.2606458218097452
6.0,4.0,2.75,6.0,2.0,3.0,15.0,64.0,1.0,Voted,1,0.3258882453885992,0.23419574667313706,0.6688668369168803,-0.8705667371560182,0.0723837192946684,0.6430183456743461
9.0,8.0,3.5,6.666666666666667,1.0,2.0,19.0,82.0,2.0,Voted,1,1.3756021427942882,0.6492923728074044,-0.8684841111860602,-1.4356138269327547,1.274798179046744,1.6508405519894533
2.0,0.0,1.75,3.6666666666666665,2.0,5.0,13.0,50.0,1.0,Did not vote,0,-1.0737302844856529,-1.2186424447967978,0.6688668369168803,0.25952744239745473,-0.5288235105813693,-0.14084337034851502
8.0,5.0,3.5,6.333333333333333,1.0,3.0,18.0,35.0,2.0,Voted,1,1.3756021427942882,0.4417440597402704,-0.8684841111860602,-0.8705667371560182,0.974194564108725,-0.9806952089444377
0.0,4.0,2.25,3.3333333333333335,2.0,5.0,15.0,67.0,1.0,Voted,1,-0.37392101954852686,-1.4261907578639312,0.6688668369168803,0.25952744239745473,0.0723837192946684,0.8109887133935307
8.0,6.0,3.5,7.0,1.0,7.0,16.0,30.0,1.0,Voted,1,1.3756021427942882,0.8568406858745377,-0.8684841111860602,1.3896216219509276,0.37298733423268726,-1.2606458218097452
1.0,4.0,1.75,7.0,2.0,5.0,14.0,46.0,2.0,Voted,1,-1.0737302844856529,0.8568406858745377,0.6688668369168803,0.25952744239745473,-0.22821989564335046,-0.36480386064076104
7.0,7.0,3.0,6.333333333333333,1.0,6.0,12.0,65.0,1.0,Voted,1,0.6757928778571621,0.4417440597402704,-0.8684841111860602,0.8245745321741912,-0.8294271255193882,0.6990084682474077
4.0,6.0,2.5,6.333333333333333,2.0,3.0,12.0,70.0,1.0,Voted,1,-0.024016387079963866,0.4417440597402704,0.6688668369168803,-0.8705667371560182,-0.8294271255193882,0.9789590811127152
8.0,5.0,2.0,7.333333333333333,1.0,4.0,18.0,39.0,1.0,Voted,1,-0.7238256520170899,1.064388998941671,-0.8684841111860602,-0.3055196473792817,0.974194564108725,-0.7567347186521917
6.0,4.0,2.0,5.666666666666667,1.0,4.0,16.0,31.0,2.0,Voted,1,-0.7238256520170899,0.026647433606003672,-0.8684841111860602,-0.3055196473792817,0.37298733423268726,-1.2046556992366837
8.0,5.0,2.75,5.666666666666667,3.0,4.0,13.0,20.0,1.0,Voted,1,0.3258882453885992,0.026647433606003672,2.206217785019821,-0.3055196473792817,-0.5288235105813693,-1.8205470475403605
3.0,2.0,2.5,5.0,1.0,4.0,15.0,57.0,2.0,Voted,1,-0.024016387079963866,-0.3884491925282636,-0.8684841111860602,-0.3055196473792817,0.0723837192946684,0.2510874876629156
8.0,7.0,3.0,6.666666666666667,2.0,3.0,20.0,55.0,1.0,Voted,1,0.6757928778571621,0.6492923728074044,0.6688668369168803,-0.8705667371560182,1.5754017939847627,0.13910724251679257
8.0,6.0,2.25,5.666666666666667,2.0,4.0,14.0,23.0,1.0,Voted,1,-0.37392101954852686,0.026647433606003672,0.6688668369168803,-0.3055196473792817,-0.22821989564335046,-1.6525766798211758
5.0,5.0,3.0,6.333333333333333,1.0,7.0,13.0,59.0,1.0,Voted,1,0.6757928778571621,0.4417440597402704,-0.8684841111860602,1.3896216219509276,-0.5288235105813693,0.3630677328090386
9.0,7.0,3.5,6.666666666666667,1.0,2.0,13.0,69.0,1.0,Voted,1,1.3756021427942882,0.6492923728074044,-0.8684841111860602,-1.4356138269327547,-0.5288235105813693,0.9229689585396538
3.0,4.0,2.0,7.0,3.0,3.0,16.0,44.0,2.0,Voted,1,-0.7238256520170899,0.8568406858745377,2.206217785019821,-0.8705667371560182,0.37298733423268726,-0.47678410578688407
7.0,5.0,3.5,6.666666666666667,1.0,2.0,19.0,29.0,1.0,Voted,1,1.3756021427942882,0.6492923728074044,-0.8684841111860602,-1.4356138269327547,1.274798179046744,-1.3166359443828068
5.0,4.0,3.25,6.0,1.0,7.0,13.0,53.0,1.0,Voted,1,1.025697510325725,0.23419574667313706,-0.8684841111860602,1.3896216219509276,-0.5288235105813693,0.027126997370669537
4.0,5.0,2.5,7.0,2.0,7.0,17.0,40.0,1.0,Voted,1,-0.024016387079963866,0.8568406858745377,0.6688668369168803,1.3896216219509276,0.6735909491707062,-0.7007445960791301
1.0,1.0,2.5,8.333333333333334,1.0,5.0,15.0,67.0,2.0,Voted,1,-0.024016387079963866,1.6870339381430723,-0.8684841111860602,0.25952744239745473,0.0723837192946684,0.8109887133935307
5.0,4.0,2.5,5.333333333333333,2.0,4.0,19.0,63.0,2.0,Voted,1,-0.024016387079963866,-0.18090087946113026,0.6688668369168803,-0.3055196473792817,1.274798179046744,0.5870282231012847
8.0,7.0,3.5,7.333333333333333,1.0,7.0,17.0,60.0,2.0,Voted,1,1.3756021427942882,1.064388998941671,-0.8684841111860602,1.3896216219509276,0.6735909491707062,0.4190578553821001
7.0,6.0,4.0,7.333333333333333,1.0,4.0,17.0,30.0,1.0,Voted,1,2.0754114077314143,1.064388998941671,-0.8684841111860602,-0.3055196473792817,0.6735909491707062,-1.2606458218097452
2.0,0.0,1.5,4.333333333333333,2.0,5.0,11.0,75.0,1.0,Did not vote,0,-1.423634916954216,-0.8035458186625309,0.6688668369168803,0.25952744239745473,-1.130030740457407,1.2589096939780229
8.0,6.0,2.75,8.0,1.0,5.0,18.0,44.0,1.0,Voted,1,0.3258882453885992,1.4794856250759383,-0.8684841111860602,0.25952744239745473,0.974194564108725,-0.47678410578688407
8.0,7.0,4.25,6.333333333333333,1.0,3.0,19.0,39.0,1.0,Voted,1,2.425316040199977,0.4417440597402704,-0.8684841111860602,-0.8705667371560182,1.274798179046744,-0.7567347186521917
8.0,2.0,3.25,7.666666666666667,1.0,3.0,21.0,37.0,2.0,Voted,1,1.025697510325725,1.271937312008805,-0.8684841111860602,-0.8705667371560182,1.8760054089227816,-0.8687149637983147
3.0,2.0,3.0,5.333333333333333,2.0,6.0,15.0,41.0,2.0,Voted,1,0.6757928778571621,-0.18090087946113026,0.6688668369168803,0.8245745321741912,0.0723837192946684,-0.6447544735060686
9.0,4.0,2.0,3.3333333333333335,2.0,7.0,16.0,50.0,1.0,Voted,1,-0.7238256520170899,-1.4261907578639312,0.6688668369168803,1.3896216219509276,0.37298733423268726,-0.14084337034851502
6.0,6.0,3.25,5.666666666666667,1.0,5.0,15.0,35.0,1.0,Voted,1,1.025697510325725,0.026647433606003672,-0.8684841111860602,0.25952744239745473,0.0723837192946684,-0.9806952089444377
5.0,7.0,2.0,7.666666666666667,3.0,4.0,12.0,42.0,2.0,Voted,1,-0.7238256520170899,1.271937312008805,2.206217785019821,-0.3055196473792817,-0.8294271255193882,-0.5887643509330072
7.0,6.0,3.25,7.666666666666667,1.0,4.0,15.0,35.0,2.0,Voted,1,1.025697510325725,1.271937312008805,-0.8684841111860602,-0.3055196473792817,0.0723837192946684,-0.9806952089444377
3.0,0.0,1.25,4.0,2.0,5.0,11.0,71.0,1.0,Voted,1,-1.773539549422779,-1.0110941317296642,0.6688668369168803,0.25952744239745473,-1.130030740457407,1.0349492036857768
8.0,5.0,2.0,7.0,1.0,5.0,12.0,61.0,2.0,Voted,1,-0.7238256520170899,0.8568406858745377,-0.8684841111860602,0.25952744239745473,-0.8294271255193882,0.4750479779551616
7.0,5.0,2.5,5.333333333333333,2.0,3.0,15.0,42.0,1.0,Voted,1,-0.024016387079963866,-0.18090087946113026,0.6688668369168803,-0.8705667371560182,0.0723837192946684,-0.5887643509330072
3.0,4.0,2.5,5.333333333333333,2.0,5.0,15.0,30.0,1.0,Voted,1,-0.024016387079963866,-0.18090087946113026,0.6688668369168803,0.25952744239745473,0.0723837192946684,-1.2606458218097452
7.0,4.0,2.75,3.3333333333333335,1.0,2.0,20.0,31.0,2.0,Voted,1,0.3258882453885992,-1.4261907578639312,-0.8684841111860602,-1.4356138269327547,1.5754017939847627,-1.2046556992366837
8.0,5.0,3.0,5.666666666666667,2.0,4.0,12.0,56.0,2.0,Voted,1,0.6757928778571621,0.026647433606003672,0.6688668369168803,-0.3055196473792817,-0.8294271255193882,0.19509736508985406
8.0,2.0,1.75,7.0,2.0,3.0,12.0,72.0,1.0,Voted,1,-1.0737302844856529,0.8568406858745377,0.6688668369168803,-0.8705667371560182,-0.8294271255193882,1.0909393262588383
7.0,6.0,3.0,7.0,2.0,5.0,13.0,61.0,1.0,Voted,1,0.6757928778571621,0.8568406858745377,0.6688668369168803,0.25952744239745473,-0.5288235105813693,0.4750479779551616
3.0,0.0,1.5,6.0,2.0,7.0,12.0,54.0,1.0,Voted,1,-1.423634916954216,0.23419574667313706,0.6688668369168803,1.3896216219509276,-0.8294271255193882,0.08311711994373105
7.0,1.0,2.0,6.666666666666667,2.0,2.0,16.0,61.0,2.0,Voted,1,-0.7238256520170899,0.6492923728074044,0.6688668369168803,-1.4356138269327547,0.37298733423268726,0.4750479779551616
9.0,8.0,3.25,7.0,1.0,5.0,20.0,56.0,1.0,Voted,1,1.025697510325725,0.8568406858745377,-0.8684841111860602,0.25952744239745473,1.5754017939847627,0.19509736508985406
7.0,6.0,3.0,6.333333333333333,2.0,3.0,12.0,73.0,2.0,Voted,1,0.6757928778571621,0.4417440597402704,0.6688668369168803,-0.8705667371560182,-0.8294271255193882,1.1469294488318997
8.0,5.0,3.75,5.0,1.0,2.0,16.0,53.0,1.0,Voted,1,1.7255067752628512,-0.3884491925282636,-0.8684841111860602,-1.4356138269327547,0.37298733423268726,0.027126997370669537
4.0,5.0,2.75,8.333333333333334,1.0,7.0,15.0,53.0,1.0,Voted,1,0.3258882453885992,1.6870339381430723,-0.8684841111860602,1.3896216219509276,0.0723837192946684,0.027126997370669537
7.0,0.0,3.5,6.333333333333333,2.0,5.0,11.0,55.0,1.0,Voted,1,1.3756021427942882,0.4417440597402704,0.6688668369168803,0.25952744239745473,-1.130030740457407,0.13910724251679257
4.0,4.0,2.5,5.333333333333333,1.0,5.0,16.0,45.0,2.0,Did not vote,0,-0.024016387079963866,-0.18090087946113026,-0.8684841111860602,0.25952744239745473,0.37298733423268726,-0.42079398321382255
7.0,3.0,3.0,5.0,4.0,3.0,19.0,52.0,1.0,Did not vote,0,0.6757928778571621,-0.3884491925282636,3.743568733122761,-0.8705667371560182,1.274798179046744,-0.028863125202391978
8.0,7.0,3.25,7.333333333333333,2.0,1.0,15.0,56.0,2.0,Voted,1,1.025697510325725,1.064388998941671,0.6688668369168803,-2.0006609167094913,0.0723837192946684,0.19509736508985406
6.0,3.0,2.0,4.333333333333333,2.0,2.0,13.0,75.0,1.0,Voted,1,-0.7238256520170899,-0.8035458186625309,0.6688668369168803,-1.4356138269327547,-0.5288235105813693,1.2589096939780229
4.0,2.0,1.25,7.666666666666667,2.0,5.0,8.0,80.0,1.0,Voted,1,-1.773539549422779,1.271937312008805,0.6688668369168803,0.25952744239745473,-2.0318415852714637,1.5388603068433304
7.0,5.0,2.5,6.0,2.0,5.0,13.0,46.0,2.0,Did not vote,0,-0.024016387079963866,0.23419574667313706,0.6688668369168803,0.25952744239745473,-0.5288235105813693,-0.36480386064076104
0.0,2.0,1.25,5.333333333333333,3.0,5.0,12.0,63.0,2.0,Did not vote,0,-1.773539549422779,-0.18090087946113026,2.206217785019821,0.25952744239745473,-0.8294271255193882,0.5870282231012847
3.0,2.0,2.0,2.6666666666666665,2.0,7.0,14.0,53.0,2.0,Voted,1,-0.7238256520170899,-1.8412873839981987,0.6688668369168803,1.3896216219509276,-0.22821989564335046,0.027126997370669537
9.0,7.0,2.5,7.0,2.0,5.0,15.0,22.0,1.0,Voted,1,-0.024016387079963866,0.8568406858745377,0.6688668369168803,0.25952744239745473,0.0723837192946684,-1.7085668023942373
7.0,7.0,2.5,6.333333333333333,2.0,3.0,10.0,49.0,2.0,Voted,1,-0.024016387079963866,0.4417440597402704,0.6688668369168803,-0.8705667371560182,-1.430634355395426,-0.1968334929215765
9.0,8.0,3.0,7.0,1.0,5.0,20.0,43.0,1.0,Voted,1,0.6757928778571621,0.8568406858745377,-0.8684841111860602,0.25952744239745473,1.5754017939847627,-0.5327742283599456
5.0,3.0,1.25,6.333333333333333,2.0,5.0,12.0,35.0,2.0,Voted,1,-1.773539549422779,0.4417440597402704,0.6688668369168803,0.25952744239745473,-0.8294271255193882,-0.9806952089444377
6.0,6.0,3.0,6.0,1.0,5.0,17.0,49.0,2.0,Voted,1,0.6757928778571621,0.23419574667313706,-0.8684841111860602,0.25952744239745473,0.6735909491707062,-0.1968334929215765
5.0,3.0,2.75,7.333333333333333,1.0,2.0,17.0,36.0,1.0,Voted,1,0.3258882453885992,1.064388998941671,-0.8684841111860602,-1.4356138269327547,0.6735909491707062,-0.9247050863713762
6.0,6.0,2.25,3.3333333333333335,1.0,5.0,10.0,33.0,1.0,Did not vote,0,-0.37392101954852686,-1.4261907578639312,-0.8684841111860602,0.25952744239745473,-1.430634355395426,-1.0926754540905608
9.0,8.0,1.75,6.0,1.0,5.0,11.0,85.0,1.0,Voted,1,-1.0737302844856529,0.23419574667313706,-0.8684841111860602,0.25952744239745473,-1.130030740457407,1.818810919708638
6.0,5.0,3.25,7.333333333333333,1.0,4.0,16.0,55.0,2.0,Voted,1,1.025697510325725,1.064388998941671,-0.8684841111860602,-0.3055196473792817,0.37298733423268726,0.13910724251679257
1.0,0.0,1.25,1.3333333333333333,1.0,5.0,13.0,64.0,2.0,Voted,1,-1.773539549422779,-2.671480636266733,-0.8684841111860602,0.25952744239745473,-0.5288235105813693,0.6430183456743461
7.0,6.0,3.25,6.666666666666667,1.0,3.0,20.0,52.0,2.0,Voted,1,1.025697510325725,0.6492923728074044,-0.8684841111860602,-0.8705667371560182,1.5754017939847627,-0.028863125202391978
6.0,4.0,2.25,6.333333333333333,1.0,5.0,14.0,58.0,2.0,Voted,1,-0.37392101954852686,0.4417440597402704,-0.8684841111860602,0.25952744239745473,-0.22821989564335046,0.3070776102359771
7.0,3.0,2.5,5.666666666666667,1.0,0.0,17.0,71.0,1.0,Voted,1,-0.024016387079963866,0.026647433606003672,-0.8684841111860602,-2.5657080064862274,0.6735909491707062,1.0349492036857768
9.0,4.0,4.25,8.333333333333334,1.0,7.0,18.0,41.0,1.0,Voted,1,2.425316040199977,1.6870339381430723,-0.8684841111860602,1.3896216219509276,0.974194564108725,-0.6447544735060686
8.0,2.0,2.25,5.0,2.0,6.0,15.0,52.0,1.0,Voted,1,-0.37392101954852686,-0.3884491925282636,0.6688668369168803,0.8245745321741912,0.0723837192946684,-0.028863125202391978
10.0,8.0,3.5,6.333333333333333,2.0,6.0,16.0,62.0,2.0,Voted,1,1.3756021427942882,0.4417440597402704,0.6688668369168803,0.8245745321741912,0.37298733423268726,0.5310381005282232
5.0,5.0,2.5,6.666666666666667,1.0,5.0,13.0,37.0,2.0,Voted,1,-0.024016387079963866,0.6492923728074044,-0.8684841111860602,0.25952744239745473,-0.5288235105813693,-0.8687149637983147
9.0,5.0,2.0,6.333333333333333,1.0,5.0,13.0,74.0,1.0,Voted,1,-0.7238256520170899,0.4417440597402704,-0.8684841111860602,0.25952744239745473,-0.5288235105813693,1.2029195714049614
4.0,3.0,2.5,4.333333333333333,1.0,5.0,13.0,40.0,2.0,Voted,1,-0.024016387079963866,-0.8035458186625309,-0.8684841111860602,0.25952744239745473,-0.5288235105813693,-0.7007445960791301
4.0,7.0,2.75,5.0,1.0,8.0,15.0,70.0,2.0,Voted,1,0.3258882453885992,-0.3884491925282636,-0.8684841111860602,1.9546687117276642,0.0723837192946684,0.9789590811127152
9.0,7.0,2.0,5.666666666666667,2.0,1.0,12.0,82.0,1.0,Voted,1,-0.7238256520170899,0.026647433606003672,0.6688668369168803,-2.0006609167094913,-0.8294271255193882,1.6508405519894533
7.0,6.0,3.0,7.0,1.0,5.0,19.0,29.0,2.0,Voted,1,0.6757928778571621,0.8568406858745377,-0.8684841111860602,0.25952744239745473,1.274798179046744,-1.3166359443828068
5.0,2.0,3.75,3.3333333333333335,2.0,5.0,16.0,47.0,2.0,Voted,1,1.7255067752628512,-1.4261907578639312,0.6688668369168803,0.25952744239745473,0.37298733423268726,-0.3088137380676995
8.0,5.0,2.5,6.0,1.0,6.0,16.0,23.0,1.0,Voted,1,-0.024016387079963866,0.23419574667313706,-0.8684841111860602,0.8245745321741912,0.37298733423268726,-1.6525766798211758
5.0,5.0,2.75,5.333333333333333,2.0,4.0,17.0,47.0,2.0,Voted,1,0.3258882453885992,-0.18090087946113026,0.6688668369168803,-0.3055196473792817,0.6735909491707062,-0.3088137380676995
8.0,7.0,3.75,6.666666666666667,1.0,4.0,18.0,52.0,2.0,Voted,1,1.7255067752628512,0.6492923728074044,-0.8684841111860602,-0.3055196473792817,0.974194564108725,-0.028863125202391978
6.0,6.0,2.75,7.0,1.0,5.0,12.0,24.0,2.0,Voted,1,0.3258882453885992,0.8568406858745377,-0.8684841111860602,0.25952744239745473,-0.8294271255193882,-1.5965865572481144
1.0,1.0,3.25,3.0,2.0,0.0,15.0,62.0,2.0,Voted,1,1.025697510325725,-1.6337390709310649,0.6688668369168803,-2.5657080064862274,0.0723837192946684,0.5310381005282232
7.0,1.0,2.5,6.333333333333333,1.0,6.0,12.0,50.0,1.0,Did not vote,0,-0.024016387079963866,0.4417440597402704,-0.8684841111860602,0.8245745321741912,-0.8294271255193882,-0.14084337034851502
6.0,2.0,3.5,6.0,1.0,3.0,22.0,45.0,2.0,Voted,1,1.3756021427942882,0.23419574667313706,-0.8684841111860602,-0.8705667371560182,2.1766090238608005,-0.42079398321382255
9.0,6.0,3.0,6.333333333333333,1.0,5.0,15.0,35.0,2.0,Voted,1,0.6757928778571621,0.4417440597402704,-0.8684841111860602,0.25952744239745473,0.0723837192946684,-0.9806952089444377
10.0,5.0,2.75,6.333333333333333,1.0,3.0,13.0,70.0,2.0,Voted,1,0.3258882453885992,0.4417440597402704,-0.8684841111860602,-0.8705667371560182,-0.5288235105813693,0.9789590811127152
1.0,1.0,1.0,6.0,3.0,7.0,14.0,47.0,2.0,Voted,1,-2.123444181891342,0.23419574667313706,2.206217785019821,1.3896216219509276,-0.22821989564335046,-0.3088137380676995
9.0,7.0,4.25,7.333333333333333,1.0,5.0,18.0,29.0,2.0,Voted,1,2.425316040199977,1.064388998941671,-0.8684841111860602,0.25952744239745473,0.974194564108725,-1.3166359443828068
7.0,5.0,3.0,5.0,2.0,3.0,18.0,26.0,1.0,Voted,1,0.6757928778571621,-0.3884491925282636,0.6688668369168803,-0.8705667371560182,0.974194564108725,-1.4846063121019912
8.0,5.0,2.0,4.666666666666667,2.0,6.0,12.0,76.0,1.0,Voted,1,-0.7238256520170899,-0.595997505595397,0.6688668369168803,0.8245745321741912,-0.8294271255193882,1.3148998165510843
7.0,4.0,3.25,6.333333333333333,2.0,5.0,14.0,22.0,2.0,Voted,1,1.025697510325725,0.4417440597402704,0.6688668369168803,0.25952744239745473,-0.22821989564335046,-1.7085668023942373
9.0,7.0,4.75,6.666666666666667,3.0,1.0,17.0,60.0,2.0,Voted,1,3.1251253051371033,0.6492923728074044,2.206217785019821,-2.0006609167094913,0.6735909491707062,0.4190578553821001
2.0,4.0,2.5,8.333333333333334,2.0,5.0,15.0,25.0,1.0,Voted,1,-0.024016387079963866,1.6870339381430723,0.6688668369168803,0.25952744239745473,0.0723837192946684,-1.540596434675053
9.0,6.0,3.5,6.0,1.0,4.0,19.0,34.0,1.0,Voted,1,1.3756021427942882,0.23419574667313706,-0.8684841111860602,-0.3055196473792817,1.274798179046744,-1.0366853315174993
3.0,3.0,1.5,5.0,2.0,4.0,12.0,73.0,1.0,Voted,1,-1.423634916954216,-0.3884491925282636,0.6688668369168803,-0.3055196473792817,-0.8294271255193882,1.1469294488318997
6.0,7.0,1.75,6.333333333333333,1.0,5.0,9.0,16.0,2.0,Did not vote,0,-1.0737302844856529,0.4417440597402704,-0.8684841111860602,0.25952744239745473,-1.7312379703334448,-2.0445075378326063
6.0,3.0,2.0,5.333333333333333,2.0,5.0,12.0,51.0,2.0,Voted,1,-0.7238256520170899,-0.18090087946113026,0.6688668369168803,0.25952744239745473,-0.8294271255193882,-0.08485324777545349
4.0,1.0,2.5,6.333333333333333,2.0,3.0,13.0,59.0,2.0,Voted,1,-0.024016387079963866,0.4417440597402704,0.6688668369168803,-0.8705667371560182,-0.5288235105813693,0.3630677328090386
0.0,2.0,2.25,1.6666666666666667,4.0,5.0,15.0,67.0,2.0,Voted,1,-0.37392101954852686,-2.463932323199599,3.743568733122761,0.25952744239745473,0.0723837192946684,0.8109887133935307
6.0,5.0,2.5,7.333333333333333,2.0,3.0,22.0,42.0,1.0,Voted,1,-0.024016387079963866,1.064388998941671,0.6688668369168803,-0.8705667371560182,2.1766090238608005,-0.5887643509330072
4.0,4.0,3.75,7.0,1.0,0.0,21.0,41.0,1.0,Voted,1,1.7255067752628512,0.8568406858745377,-0.8684841111860602,-2.5657080064862274,1.8760054089227816,-0.6447544735060686
9.0,7.0,3.0,6.666666666666667,1.0,6.0,14.0,38.0,1.0,Voted,1,0.6757928778571621,0.6492923728074044,-0.8684841111860602,0.8245745321741912,-0.22821989564335046,-0.8127248412252531
7.0,6.0,3.0,6.333333333333333,3.0,4.0,18.0,32.0,1.0,Voted,1,0.6757928778571621,0.4417440597402704,2.206217785019821,-0.3055196473792817,0.974194564108725,-1.1486655766636222
8.0,4.0,3.0,7.0,2.0,5.0,14.0,58.0,2.0,Voted,1,0.6757928778571621,0.8568406858745377,0.6688668369168803,0.25952744239745473,-0.22821989564335046,0.3070776102359771
8.0,3.0,5.0,8.0,1.0,5.0,20.0,51.0,1.0,Voted,1,3.475029937605666,1.4794856250759383,-0.8684841111860602,0.25952744239745473,1.5754017939847627,-0.08485324777545349
7.0,4.0,3.0,7.333333333333333,1.0,5.0,12.0,40.0,2.0,Voted,1,0.6757928778571621,1.064388998941671,-0.8684841111860602,0.25952744239745473,-0.8294271255193882,-0.7007445960791301
2.0,3.0,2.75,4.333333333333333,3.0,3.0,11.0,18.0,1.0,Did not vote,0,0.3258882453885992,-0.8035458186625309,2.206217785019821,-0.8705667371560182,-1.130030740457407,-1.9325272926864834
6.0,7.0,4.25,4.666666666666667,1.0,6.0,19.0,49.0,1.0,Voted,1,2.425316040199977,-0.595997505595397,-0.8684841111860602,0.8245745321741912,1.274798179046744,-0.1968334929215765
7.0,6.0,3.0,6.0,2.0,4.0,17.0,24.0,1.0,Voted,1,0.6757928778571621,0.23419574667313706,0.6688668369168803,-0.3055196473792817,0.6735909491707062,-1.5965865572481144
8.0,2.0,2.25,7.0,2.0,5.0,13.0,63.0,1.0,Voted,1,-0.37392101954852686,0.8568406858745377,0.6688668369168803,0.25952744239745473,-0.5288235105813693,0.5870282231012847
7.0,3.0,3.25,5.666666666666667,1.0,5.0,17.0,62.0,1.0,Voted,1,1.025697510325725,0.026647433606003672,-0.8684841111860602,0.25952744239745473,0.6735909491707062,0.5310381005282232
1.0,0.0,1.75,3.3333333333333335,1.0,4.0,12.0,67.0,2.0,Voted,1,-1.0737302844856529,-1.4261907578639312,-0.8684841111860602,-0.3055196473792817,-0.8294271255193882,0.8109887133935307
1.0,2.0,2.75,5.666666666666667,2.0,6.0,19.0,33.0,1.0,Voted,1,0.3258882453885992,0.026647433606003672,0.6688668369168803,0.8245745321741912,1.274798179046744,-1.0926754540905608
10.0,4.0,1.5,8.666666666666666,1.0,5.0,14.0,68.0,1.0,Voted,1,-1.423634916954216,1.894582251210205,-0.8684841111860602,0.25952744239745473,-0.22821989564335046,0.8669788359665922
9.0,8.0,3.25,8.666666666666666,2.0,5.0,17.0,53.0,2.0,Voted,1,1.025697510325725,1.894582251210205,0.6688668369168803,0.25952744239745473,0.6735909491707062,0.027126997370669537
7.0,3.0,2.5,5.666666666666667,1.0,5.0,20.0,31.0,2.0,Voted,1,-0.024016387079963866,0.026647433606003672,-0.8684841111860602,0.25952744239745473,1.5754017939847627,-1.2046556992366837
3.0,1.0,2.0,5.666666666666667,2.0,1.0,15.0,62.0,1.0,Did not vote,0,-0.7238256520170899,0.026647433606003672,0.6688668369168803,-2.0006609167094913,0.0723837192946684,0.5310381005282232
4.0,3.0,2.5,8.666666666666666,1.0,8.0,12.0,57.0,2.0,Voted,1,-0.024016387079963866,1.894582251210205,-0.8684841111860602,1.9546687117276642,-0.8294271255193882,0.2510874876629156
7.0,5.0,2.25,6.666666666666667,2.0,4.0,18.0,60.0,1.0,Voted,1,-0.37392101954852686,0.6492923728074044,0.6688668369168803,-0.3055196473792817,0.974194564108725,0.4190578553821001
6.0,4.0,2.5,5.333333333333333,1.0,4.0,20.0,32.0,2.0,Voted,1,-0.024016387079963866,-0.18090087946113026,-0.8684841111860602,-0.3055196473792817,1.5754017939847627,-1.1486655766636222
4.0,3.0,1.5,5.0,3.0,5.0,13.0,46.0,2.0,Voted,1,-1.423634916954216,-0.3884491925282636,2.206217785019821,0.25952744239745473,-0.5288235105813693,-0.36480386064076104
5.0,3.0,1.75,4.0,2.0,5.0,12.0,62.0,1.0,Did not vote,0,-1.0737302844856529,-1.0110941317296642,0.6688668369168803,0.25952744239745473,-0.8294271255193882,0.5310381005282232
1.0,2.0,3.0,3.0,1.0,7.0,17.0,24.0,1.0,Voted,1,0.6757928778571621,-1.6337390709310649,-0.8684841111860602,1.3896216219509276,0.6735909491707062,-1.5965865572481144
4.0,4.0,2.25,6.333333333333333,2.0,5.0,11.0,56.0,2.0,Voted,1,-0.37392101954852686,0.4417440597402704,0.6688668369168803,0.25952744239745473,-1.130030740457407,0.19509736508985406
9.0,5.0,2.0,4.0,1.0,5.0,10.0,47.0,1.0,Voted,1,-0.7238256520170899,-1.0110941317296642,-0.8684841111860602,0.25952744239745473,-1.430634355395426,-0.3088137380676995
2.0,0.0,1.5,5.0,1.0,5.0,10.0,60.0,2.0,Voted,1,-1.423634916954216,-0.3884491925282636,-0.8684841111860602,0.25952744239745473,-1.430634355395426,0.4190578553821001
8.0,6.0,2.5,6.333333333333333,2.0,5.0,8.0,63.0,1.0,Did not vote,0,-0.024016387079963866,0.4417440597402704,0.6688668369168803,0.25952744239745473,-2.0318415852714637,0.5870282231012847
8.0,1.0,2.75,7.666666666666667,2.0,5.0,14.0,46.0,1.0,Did not vote,0,0.3258882453885992,1.271937312008805,0.6688668369168803,0.25952744239745473,-0.22821989564335046,-0.36480386064076104
6.0,5.0,2.5,7.333333333333333,1.0,5.0,17.0,68.0,2.0,Voted,1,-0.024016387079963866,1.064388998941671,-0.8684841111860602,0.25952744239745473,0.6735909491707062,0.8669788359665922
3.0,0.0,3.0,5.333333333333333,1.0,5.0,15.0,55.0,1.0,Voted,1,0.6757928778571621,-0.18090087946113026,-0.8684841111860602,0.25952744239745473,0.0723837192946684,0.13910724251679257
8.0,4.0,1.75,6.0,1.0,5.0,13.0,84.0,2.0,Did not vote,0,-1.0737302844856529,0.23419574667313706,-0.8684841111860602,0.25952744239745473,-0.5288235105813693,1.7628207971355765
5.0,5.0,2.0,6.666666666666667,1.0,3.0,11.0,80.0,2.0,Voted,1,-0.7238256520170899,0.6492923728074044,-0.8684841111860602,-0.8705667371560182,-1.130030740457407,1.5388603068433304
6.0,3.0,2.0,5.666666666666667,1.0,3.0,20.0,42.0,2.0,Voted,1,-0.7238256520170899,0.026647433606003672,-0.8684841111860602,-0.8705667371560182,1.5754017939847627,-0.5887643509330072
8.0,5.0,2.75,6.666666666666667,1.0,5.0,15.0,54.0,2.0,Voted,1,0.3258882453885992,0.6492923728074044,-0.8684841111860602,0.25952744239745473,0.0723837192946684,0.08311711994373105
6.0,6.0,2.25,3.3333333333333335,2.0,5.0,9.0,37.0,2.0,Did not vote,0,-0.37392101954852686,-1.4261907578639312,0.6688668369168803,0.25952744239745473,-1.7312379703334448,-0.8687149637983147
7.0,5.0,2.5,5.0,2.0,6.0,20.0,57.0,1.0,Voted,1,-0.024016387079963866,-0.3884491925282636,0.6688668369168803,0.8245745321741912,1.5754017939847627,0.2510874876629156
9.0,7.0,2.75,6.0,2.0,5.0,14.0,58.0,2.0,Voted,1,0.3258882453885992,0.23419574667313706,0.6688668369168803,0.25952744239745473,-0.22821989564335046,0.3070776102359771
4.0,3.0,2.0,7.0,2.0,5.0,11.0,69.0,2.0,Voted,1,-0.7238256520170899,0.8568406858745377,0.6688668369168803,0.25952744239745473,-1.130030740457407,0.9229689585396538
5.0,5.0,3.5,4.0,1.0,5.0,16.0,21.0,1.0,Voted,1,1.3756021427942882,-1.0110941317296642,-0.8684841111860602,0.25952744239745473,0.37298733423268726,-1.764556924967299
9.0,6.0,3.0,5.666666666666667,1.0,6.0,16.0,25.0,1.0,Voted,1,0.6757928778571621,0.026647433606003672,-0.8684841111860602,0.8245745321741912,0.37298733423268726,-1.540596434675053
7.0,6.0,4.0,5.333333333333333,1.0,2.0,13.0,51.0,2.0,Voted,1,2.0754114077314143,-0.18090087946113026,-0.8684841111860602,-1.4356138269327547,-0.5288235105813693,-0.08485324777545349
6.0,3.0,3.0,6.0,1.0,5.0,19.0,81.0,2.0,Voted,1,0.6757928778571621,0.23419574667313706,-0.8684841111860602,0.25952744239745473,1.274798179046744,1.5948504294163919
7.0,1.0,2.5,6.333333333333333,1.0,8.0,17.0,31.0,1.0,Voted,1,-0.024016387079963866,0.4417440597402704,-0.8684841111860602,1.9546687117276642,0.6735909491707062,-1.2046556992366837
6.0,4.0,2.75,6.0,2.0,6.0,18.0,27.0,1.0,Voted,1,0.3258882453885992,0.23419574667313706,0.6688668369168803,0.8245745321741912,0.974194564108725,-1.4286161895289298
3.0,5.0,2.25,4.0,1.0,5.0,13.0,90.0,1.0,Voted,1,-0.37392101954852686,-1.0110941317296642,-0.8684841111860602,0.25952744239745473,-0.5288235105813693,2.0987615325739455
3.0,3.0,2.25,3.6666666666666665,1.0,6.0,16.0,24.0,2.0,Voted,1,-0.37392101954852686,-1.2186424447967978,-0.8684841111860602,0.8245745321741912,0.37298733423268726,-1.5965865572481144
8.0,7.0,2.5,6.333333333333333,1.0,2.0,17.0,66.0,1.0,Voted,1,-0.024016387079963866,0.4417440597402704,-0.8684841111860602,-1.4356138269327547,0.6735909491707062,0.7549985908204692
9.0,7.0,3.25,7.333333333333333,1.0,3.0,12.0,56.0,1.0,Voted,1,1.025697510325725,1.064388998941671,-0.8684841111860602,-0.8705667371560182,-0.8294271255193882,0.19509736508985406
10.0,7.0,2.75,5.666666666666667,3.0,7.0,16.0,22.0,2.0,Voted,1,0.3258882453885992,0.026647433606003672,2.206217785019821,1.3896216219509276,0.37298733423268726,-1.7085668023942373
5.0,2.0,2.75,6.0,2.0,2.0,15.0,30.0,2.0,Voted,1,0.3258882453885992,0.23419574667313706,0.6688668369168803,-1.4356138269327547,0.0723837192946684,-1.2606458218097452
5.0,3.0,3.0,7.666666666666667,3.0,5.0,13.0,66.0,1.0,Voted,1,0.6757928778571621,1.271937312008805,2.206217785019821,0.25952744239745473,-0.5288235105813693,0.7549985908204692
3.0,5.0,2.0,7.0,2.0,5.0,11.0,58.0,1.0,Voted,1,-0.7238256520170899,0.8568406858745377,0.6688668369168803,0.25952744239745473,-1.130030740457407,0.3070776102359771
7.0,3.0,3.0,7.333333333333333,1.0,5.0,23.0,51.0,2.0,Voted,1,0.6757928778571621,1.064388998941671,-0.8684841111860602,0.25952744239745473,2.4772126387988194,-0.08485324777545349
2.0,0.0,1.5,3.3333333333333335,2.0,7.0,20.0,69.0,1.0,Voted,1,-1.423634916954216,-1.4261907578639312,0.6688668369168803,1.3896216219509276,1.5754017939847627,0.9229689585396538
7.0,4.0,3.0,4.0,2.0,5.0,15.0,21.0,1.0,Voted,1,0.6757928778571621,-1.0110941317296642,0.6688668369168803,0.25952744239745473,0.0723837192946684,-1.764556924967299
4.0,2.0,2.0,6.0,2.0,6.0,12.0,60.0,2.0,Voted,1,-0.7238256520170899,0.23419574667313706,0.6688668369168803,0.8245745321741912,-0.8294271255193882,0.4190578553821001
8.0,6.0,3.25,5.333333333333333,1.0,3.0,19.0,67.0,1.0,Voted,1,1.025697510325725,-0.18090087946113026,-0.8684841111860602,-0.8705667371560182,1.274798179046744,0.8109887133935307
7.0,5.0,2.75,7.0,1.0,3.0,19.0,30.0,2.0,Voted,1,0.3258882453885992,0.8568406858745377,-0.8684841111860602,-0.8705667371560182,1.274798179046744,-1.2606458218097452
8.0,3.0,2.25,6.333333333333333,1.0,5.0,11.0,73.0,1.0,Voted,1,-0.37392101954852686,0.4417440597402704,-0.8684841111860602,0.25952744239745473,-1.130030740457407,1.1469294488318997
4.0,3.0,1.75,4.0,1.0,6.0,18.0,30.0,1.0,Voted,1,-1.0737302844856529,-1.0110941317296642,-0.8684841111860602,0.8245745321741912,0.974194564108725,-1.2606458218097452
5.0,4.0,2.0,4.666666666666667,2.0,5.0,11.0,70.0,1.0,Voted,1,-0.7238256520170899,-0.595997505595397,0.6688668369168803,0.25952744239745473,-1.130030740457407,0.9789590811127152
7.0,5.0,2.5,5.333333333333333,2.0,5.0,14.0,21.0,2.0,Voted,1,-0.024016387079963866,-0.18090087946113026,0.6688668369168803,0.25952744239745473,-0.22821989564335046,-1.764556924967299
7.0,4.0,2.0,5.0,1.0,5.0,17.0,59.0,2.0,Voted,1,-0.7238256520170899,-0.3884491925282636,-0.8684841111860602,0.25952744239745473,0.6735909491707062,0.3630677328090386
8.0,5.0,3.25,6.0,1.0,5.0,23.0,62.0,1.0,Voted,1,1.025697510325725,0.23419574667313706,-0.8684841111860602,0.25952744239745473,2.4772126387988194,0.5310381005282232
3.0,5.0,3.0,5.0,2.0,7.0,22.0,46.0,1.0,Voted,1,0.6757928778571621,-0.3884491925282636,0.6688668369168803,1.3896216219509276,2.1766090238608005,-0.36480386064076104
5.0,1.0,2.25,5.0,2.0,3.0,15.0,80.0,1.0,Voted,1,-0.37392101954852686,-0.3884491925282636,0.6688668369168803,-0.8705667371560182,0.0723837192946684,1.5388603068433304
3.0,3.0,1.75,5.666666666666667,2.0,3.0,13.0,30.0,2.0,Did not vote,0,-1.0737302844856529,0.026647433606003672,0.6688668369168803,-0.8705667371560182,-0.5288235105813693,-1.2606458218097452
4.0,3.0,3.0,4.333333333333333,1.0,4.0,17.0,76.0,1.0,Voted,1,0.6757928778571621,-0.8035458186625309,-0.8684841111860602,-0.3055196473792817,0.6735909491707062,1.3148998165510843
3.0,0.0,2.0,3.3333333333333335,1.0,5.0,14.0,34.0,2.0,Voted,1,-0.7238256520170899,-1.4261907578639312,-0.8684841111860602,0.25952744239745473,-0.22821989564335046,-1.0366853315174993
8.0,3.0,2.5,5.333333333333333,2.0,5.0,14.0,54.0,1.0,Voted,1,-0.024016387079963866,-0.18090087946113026,0.6688668369168803,0.25952744239745473,-0.22821989564335046,0.08311711994373105
4.0,4.0,2.25,6.0,2.0,4.0,18.0,58.0,2.0,Voted,1,-0.37392101954852686,0.23419574667313706,0.6688668369168803,-0.3055196473792817,0.974194564108725,0.3070776102359771
6.0,2.0,1.75,5.0,2.0,4.0,12.0,69.0,2.0,Voted,1,-1.0737302844856529,-0.3884491925282636,0.6688668369168803,-0.3055196473792817,-0.8294271255193882,0.9229689585396538
2.0,2.0,1.0,2.6666666666666665,2.0,0.0,14.0,63.0,1.0,Did not vote,0,-2.123444181891342,-1.8412873839981987,0.6688668369168803,-2.5657080064862274,-0.22821989564335046,0.5870282231012847
3.0,2.0,2.25,6.0,1.0,8.0,17.0,37.0,1.0,Voted,1,-0.37392101954852686,0.23419574667313706,-0.8684841111860602,1.9546687117276642,0.6735909491707062,-0.8687149637983147
0.0,0.0,1.75,6.666666666666667,2.0,5.0,12.0,62.0,2.0,Voted,1,-1.0737302844856529,0.6492923728074044,0.6688668369168803,0.25952744239745473,-0.8294271255193882,0.5310381005282232
6.0,5.0,3.0,6.666666666666667,2.0,4.0,24.0,51.0,1.0,Voted,1,0.6757928778571621,0.6492923728074044,0.6688668369168803,-0.3055196473792817,2.7778162537368383,-0.08485324777545349
7.0,6.0,2.75,5.666666666666667,1.0,5.0,12.0,76.0,1.0,Voted,1,0.3258882453885992,0.026647433606003672,-0.8684841111860602,0.25952744239745473,-0.8294271255193882,1.3148998165510843
6.0,0.0,3.25,5.333333333333333,1.0,7.0,16.0,74.0,1.0,Voted,1,1.025697510325725,-0.18090087946113026,-0.8684841111860602,1.3896216219509276,0.37298733423268726,1.2029195714049614
5.0,1.0,1.25,2.6666666666666665,3.0,1.0,11.0,61.0,2.0,Voted,1,-1.773539549422779,-1.8412873839981987,2.206217785019821,-2.0006609167094913,-1.130030740457407,0.4750479779551616
10.0,5.0,3.25,5.0,1.0,5.0,15.0,36.0,1.0,Voted,1,1.025697510325725,-0.3884491925282636,-0.8684841111860602,0.25952744239745473,0.0723837192946684,-0.9247050863713762
8.0,4.0,3.25,7.333333333333333,3.0,3.0,16.0,66.0,1.0,Voted,1,1.025697510325725,1.064388998941671,2.206217785019821,-0.8705667371560182,0.37298733423268726,0.7549985908204692
7.0,6.0,3.0,3.6666666666666665,2.0,5.0,15.0,38.0,1.0,Voted,1,0.6757928778571621,-1.2186424447967978,0.6688668369168803,0.25952744239745473,0.0723837192946684,-0.8127248412252531
5.0,5.0,3.0,7.333333333333333,1.0,7.0,14.0,60.0,1.0,Voted,1,0.6757928778571621,1.064388998941671,-0.8684841111860602,1.3896216219509276,-0.22821989564335046,0.4190578553821001
4.0,3.0,2.25,6.333333333333333,1.0,6.0,13.0,77.0,1.0,Voted,1,-0.37392101954852686,0.4417440597402704,-0.8684841111860602,0.8245745321741912,-0.5288235105813693,1.3708899391241458
6.0,5.0,3.25,3.3333333333333335,2.0,3.0,14.0,69.0,2.0,Voted,1,1.025697510325725,-1.4261907578639312,0.6688668369168803,-0.8705667371560182,-0.22821989564335046,0.9229689585396538
7.0,7.0,3.75,7.333333333333333,1.0,4.0,18.0,33.0,1.0,Voted,1,1.7255067752628512,1.064388998941671,-0.8684841111860602,-0.3055196473792817,0.974194564108725,-1.0926754540905608
4.0,3.0,2.5,4.666666666666667,3.0,5.0,13.0,60.0,1.0,Voted,1,-0.024016387079963866,-0.595997505595397,2.206217785019821,0.25952744239745473,-0.5288235105813693,0.4190578553821001
10.0,7.0,3.5,5.0,1.0,5.0,12.0,70.0,1.0,Voted,1,1.3756021427942882,-0.3884491925282636,-0.8684841111860602,0.25952744239745473,-0.8294271255193882,0.9789590811127152
8.0,7.0,2.5,3.6666666666666665,1.0,5.0,15.0,40.0,2.0,Voted,1,-0.024016387079963866,-1.2186424447967978,-0.8684841111860602,0.25952744239745473,0.0723837192946684,-0.7007445960791301
7.0,4.0,2.75,6.333333333333333,1.0,2.0,16.0,72.0,1.0,Voted,1,0.3258882453885992,0.4417440597402704,-0.8684841111860602,-1.4356138269327547,0.37298733423268726,1.0909393262588383
8.0,5.0,2.25,6.333333333333333,2.0,5.0,13.0,67.0,1.0,Voted,1,-0.37392101954852686,0.4417440597402704,0.6688668369168803,0.25952744239745473,-0.5288235105813693,0.8109887133935307
0.0,0.0,1.5,3.3333333333333335,2.0,0.0,13.0,42.0,2.0,Did not vote,0,-1.423634916954216,-1.4261907578639312,0.6688668369168803,-2.5657080064862274,-0.5288235105813693,-0.5887643509330072
3.0,3.0,2.75,5.333333333333333,2.0,5.0,13.0,63.0,2.0,Voted,1,0.3258882453885992,-0.18090087946113026,0.6688668369168803,0.25952744239745473,-0.5288235105813693,0.5870282231012847
6.0,3.0,2.25,5.0,2.0,5.0,14.0,68.0,2.0,Voted,1,-0.37392101954852686,-0.3884491925282636,0.6688668369168803,0.25952744239745473,-0.22821989564335046,0.8669788359665922
7.0,6.0,2.25,5.0,2.0,5.0,16.0,22.0,2.0,Voted,1,-0.37392101954852686,-0.3884491925282636,0.6688668369168803,0.25952744239745473,0.37298733423268726,-1.7085668023942373
9.0,7.0,3.5,6.666666666666667,1.0,2.0,12.0,20.0,2.0,Voted,1,1.3756021427942882,0.6492923728074044,-0.8684841111860602,-1.4356138269327547,-0.8294271255193882,-1.8205470475403605
3.0,3.0,2.0,5.333333333333333,2.0,5.0,9.0,30.0,2.0,Did not vote,0,-0.7238256520170899,-0.18090087946113026,0.6688668369168803,0.25952744239745473,-1.7312379703334448,-1.2606458218097452
0.0,0.0,1.25,0.3333333333333333,3.0,5.0,8.0,66.0,1.0,Voted,1,-1.773539549422779,-3.294125575468134,2.206217785019821,0.25952744239745473,-2.0318415852714637,0.7549985908204692
6.0,7.0,2.25,5.0,2.0,5.0,13.0,43.0,2.0,Voted,1,-0.37392101954852686,-0.3884491925282636,0.6688668369168803,0.25952744239745473,-0.5288235105813693,-0.5327742283599456
4.0,2.0,1.75,7.0,2.0,5.0,13.0,43.0,2.0,Voted,1,-1.0737302844856529,0.8568406858745377,0.6688668369168803,0.25952744239745473,-0.5288235105813693,-0.5327742283599456
7.0,0.0,1.75,5.0,2.0,0.0,11.0,45.0,2.0,Did not vote,0,-1.0737302844856529,-0.3884491925282636,0.6688668369168803,-2.5657080064862274,-1.130030740457407,-0.42079398321382255
4.0,2.0,2.75,3.6666666666666665,1.0,5.0,13.0,31.0,2.0,Voted,1,0.3258882453885992,-1.2186424447967978,-0.8684841111860602,0.25952744239745473,-0.5288235105813693,-1.2046556992366837
0.0,0.0,2.0,5.0,1.0,6.0,16.0,35.0,1.0,Voted,1,-0.7238256520170899,-0.3884491925282636,-0.8684841111860602,0.8245745321741912,0.37298733423268726,-0.9806952089444377
8.0,4.0,3.0,6.333333333333333,1.0,3.0,19.0,33.0,1.0,Voted,1,0.6757928778571621,0.4417440597402704,-0.8684841111860602,-0.8705667371560182,1.274798179046744,-1.0926754540905608
6.0,5.0,2.0,5.666666666666667,2.0,5.0,12.0,72.0,1.0,Voted,1,-0.7238256520170899,0.026647433606003672,0.6688668369168803,0.25952744239745473,-0.8294271255193882,1.0909393262588383
9.0,5.0,3.5,6.333333333333333,3.0,5.0,15.0,28.0,2.0,Voted,1,1.3756021427942882,0.4417440597402704,2.206217785019821,0.25952744239745473,0.0723837192946684,-1.3726260669558683
6.0,4.0,2.75,7.0,1.0,3.0,20.0,80.0,2.0,Voted,1,0.3258882453885992,0.8568406858745377,-0.8684841111860602,-0.8705667371560182,1.5754017939847627,1.5388603068433304
7.0,6.0,3.5,6.333333333333333,2.0,4.0,18.0,40.0,2.0,Voted,1,1.3756021427942882,0.4417440597402704,0.6688668369168803,-0.3055196473792817,0.974194564108725,-0.7007445960791301
10.0,6.0,4.5,6.0,1.0,3.0,19.0,41.0,1.0,Voted,1,2.7752206726685404,0.23419574667313706,-0.8684841111860602,-0.8705667371560182,1.274798179046744,-0.6447544735060686
3.0,0.0,2.0,4.666666666666667,1.0,5.0,12.0,59.0,2.0,Did not vote,0,-0.7238256520170899,-0.595997505595397,-0.8684841111860602,0.25952744239745473,-0.8294271255193882,0.3630677328090386
0.0,1.0,1.5,2.3333333333333335,2.0,2.0,12.0,53.0,1.0,Voted,1,-1.423634916954216,-2.048835697065332,0.6688668369168803,-1.4356138269327547,-0.8294271255193882,0.027126997370669537
7.0,5.0,3.5,6.666666666666667,1.0,6.0,18.0,72.0,1.0,Voted,1,1.3756021427942882,0.6492923728074044,-0.8684841111860602,0.8245745321741912,0.974194564108725,1.0909393262588383
8.0,5.0,2.5,5.666666666666667,1.0,3.0,12.0,67.0,2.0,Voted,1,-0.024016387079963866,0.026647433606003672,-0.8684841111860602,-0.8705667371560182,-0.8294271255193882,0.8109887133935307
6.0,4.0,2.25,6.0,2.0,4.0,12.0,66.0,2.0,Voted,1,-0.37392101954852686,0.23419574667313706,0.6688668369168803,-0.3055196473792817,-0.8294271255193882,0.7549985908204692
2.0,5.0,2.5,6.0,1.0,7.0,5.0,59.0,1.0,Voted,1,-0.024016387079963866,0.23419574667313706,-0.8684841111860602,1.3896216219509276,-2.9336524300855205,0.3630677328090386
5.0,3.0,2.0,6.666666666666667,1.0,7.0,20.0,38.0,1.0,Voted,1,-0.7238256520170899,0.6492923728074044,-0.8684841111860602,1.3896216219509276,1.5754017939847627,-0.8127248412252531
6.0,3.0,3.5,6.666666666666667,1.0,5.0,18.0,67.0,1.0,Voted,1,1.3756021427942882,0.6492923728074044,-0.8684841111860602,0.25952744239745473,0.974194564108725,0.8109887133935307
9.0,7.0,3.5,9.0,1.0,3.0,12.0,54.0,1.0,Voted,1,1.3756021427942882,2.102130564277339,-0.8684841111860602,-0.8705667371560182,-0.8294271255193882,0.08311711994373105
6.0,5.0,3.0,4.333333333333333,1.0,7.0,28.0,84.0,1.0,Voted,1,0.6757928778571621,-0.8035458186625309,-0.8684841111860602,1.3896216219509276,3.980230713488914,1.7628207971355765
6.0,3.0,1.5,7.0,2.0,7.0,11.0,81.0,2.0,Voted,1,-1.423634916954216,0.8568406858745377,0.6688668369168803,1.3896216219509276,-1.130030740457407,1.5948504294163919
6.0,4.0,2.25,4.0,2.0,5.0,10.0,22.0,2.0,Did not vote,0,-0.37392101954852686,-1.0110941317296642,0.6688668369168803,0.25952744239745473,-1.430634355395426,-1.7085668023942373
4.0,2.0,2.0,6.333333333333333,2.0,6.0,14.0,48.0,2.0,Voted,1,-0.7238256520170899,0.4417440597402704,0.6688668369168803,0.8245745321741912,-0.22821989564335046,-0.25282361549463805
8.0,4.0,3.25,5.0,1.0,5.0,18.0,80.0,2.0,Voted,1,1.025697510325725,-0.3884491925282636,-0.8684841111860602,0.25952744239745473,0.974194564108725,1.5388603068433304
8.0,4.0,2.25,2.0,2.0,7.0,14.0,66.0,1.0,Voted,1,-0.37392101954852686,-2.2563840101324657,0.6688668369168803,1.3896216219509276,-0.22821989564335046,0.7549985908204692
0.0,0.0,1.0,5.666666666666667,2.0,5.0,12.0,69.0,1.0,Did not vote,0,-2.123444181891342,0.026647433606003672,0.6688668369168803,0.25952744239745473,-0.8294271255193882,0.9229689585396538
9.0,5.0,3.75,4.0,2.0,5.0,11.0,19.0,1.0,Did not vote,0,1.7255067752628512,-1.0110941317296642,0.6688668369168803,0.25952744239745473,-1.130030740457407,-1.876537170113422
8.0,6.0,2.75,5.666666666666667,1.0,4.0,17.0,43.0,1.0,Voted,1,0.3258882453885992,0.026647433606003672,-0.8684841111860602,-0.3055196473792817,0.6735909491707062,-0.5327742283599456
8.0,6.0,3.5,5.666666666666667,1.0,4.0,13.0,59.0,2.0,Voted,1,1.3756021427942882,0.026647433606003672,-0.8684841111860602,-0.3055196473792817,-0.5288235105813693,0.3630677328090386
0.0,0.0,2.5,4.333333333333333,1.0,6.0,14.0,48.0,1.0,Voted,1,-0.024016387079963866,-0.8035458186625309,-0.8684841111860602,0.8245745321741912,-0.22821989564335046,-0.25282361549463805
6.0,2.0,2.25,5.0,2.0,3.0,13.0,72.0,1.0,Voted,1,-0.37392101954852686,-0.3884491925282636,0.6688668369168803,-0.8705667371560182,-0.5288235105813693,1.0909393262588383
8.0,5.0,3.5,4.333333333333333,1.0,5.0,19.0,57.0,1.0,Voted,1,1.3756021427942882,-0.8035458186625309,-0.8684841111860602,0.25952744239745473,1.274798179046744,0.2510874876629156
5.0,6.0,2.25,6.0,2.0,4.0,15.0,27.0,1.0,Voted,1,-0.37392101954852686,0.23419574667313706,0.6688668369168803,-0.3055196473792817,0.0723837192946684,-1.4286161895289298
6.0,6.0,3.25,6.666666666666667,2.0,3.0,12.0,26.0,2.0,Voted,1,1.025697510325725,0.6492923728074044,0.6688668369168803,-0.8705667371560182,-0.8294271255193882,-1.4846063121019912
6.0,5.0,2.25,9.666666666666666,1.0,2.0,17.0,45.0,2.0,Voted,1,-0.37392101954852686,2.5172271904116057,-0.8684841111860602,-1.4356138269327547,0.6735909491707062,-0.42079398321382255
5.0,2.0,3.0,5.333333333333333,1.0,5.0,13.0,49.0,1.0,Voted,1,0.6757928778571621,-0.18090087946113026,-0.8684841111860602,0.25952744239745473,-0.5288235105813693,-0.1968334929215765
4.0,3.0,2.5,4.666666666666667,1.0,4.0,14.0,62.0,1.0,Voted,1,-0.024016387079963866,-0.595997505595397,-0.8684841111860602,-0.3055196473792817,-0.22821989564335046,0.5310381005282232
2.0,0.0,2.0,8.0,1.0,5.0,13.0,81.0,1.0,Voted,1,-0.7238256520170899,1.4794856250759383,-0.8684841111860602,0.25952744239745473,-0.5288235105813693,1.5948504294163919
2.0,0.0,3.0,5.666666666666667,2.0,7.0,12.0,29.0,1.0,Voted,1,0.6757928778571621,0.026647433606003672,0.6688668369168803,1.3896216219509276,-0.8294271255193882,-1.3166359443828068
5.0,4.0,2.5,5.0,1.0,3.0,17.0,29.0,2.0,Voted,1,-0.024016387079963866,-0.3884491925282636,-0.8684841111860602,-0.8705667371560182,0.6735909491707062,-1.3166359443828068
9.0,4.0,2.25,7.0,2.0,6.0,11.0,73.0,2.0,Voted,1,-0.37392101954852686,0.8568406858745377,0.6688668369168803,0.8245745321741912,-1.130030740457407,1.1469294488318997
8.0,5.0,2.75,6.0,1.0,4.0,12.0,62.0,2.0,Voted,1,0.3258882453885992,0.23419574667313706,-0.8684841111860602,-0.3055196473792817,-0.8294271255193882,0.5310381005282232
8.0,6.0,2.75,5.333333333333333,1.0,6.0,12.0,19.0,2.0,Voted,1,0.3258882453885992,-0.18090087946113026,-0.8684841111860602,0.8245745321741912,-0.8294271255193882,-1.876537170113422
4.0,1.0,1.25,6.333333333333333,3.0,5.0,15.0,65.0,2.0,Voted,1,-1.773539549422779,0.4417440597402704,2.206217785019821,0.25952744239745473,0.0723837192946684,0.6990084682474077
5.0,4.0,1.5,6.333333333333333,2.0,2.0,14.0,36.0,2.0,Voted,1,-1.423634916954216,0.4417440597402704,0.6688668369168803,-1.4356138269327547,-0.22821989564335046,-0.9247050863713762
8.0,5.0,2.5,6.333333333333333,2.0,3.0,16.0,60.0,2.0,Voted,1,-0.024016387079963866,0.4417440597402704,0.6688668369168803,-0.8705667371560182,0.37298733423268726,0.4190578553821001
9.0,4.0,2.5,6.666666666666667,1.0,3.0,14.0,51.0,2.0,Voted,1,-0.024016387079963866,0.6492923728074044,-0.8684841111860602,-0.8705667371560182,-0.22821989564335046,-0.08485324777545349
8.0,8.0,3.0,6.333333333333333,1.0,8.0,14.0,20.0,2.0,Voted,1,0.6757928778571621,0.4417440597402704,-0.8684841111860602,1.9546687117276642,-0.22821989564335046,-1.8205470475403605
3.0,1.0,2.5,4.666666666666667,2.0,2.0,16.0,63.0,2.0,Voted,1,-0.024016387079963866,-0.595997505595397,0.6688668369168803,-1.4356138269327547,0.37298733423268726,0.5870282231012847
6.0,4.0,1.5,7.0,2.0,3.0,15.0,82.0,2.0,Voted,1,-1.423634916954216,0.8568406858745377,0.6688668369168803,-0.8705667371560182,0.0723837192946684,1.6508405519894533
8.0,5.0,1.5,8.0,1.0,3.0,10.0,86.0,2.0,Voted,1,-1.423634916954216,1.4794856250759383,-0.8684841111860602,-0.8705667371560182,-1.430634355395426,1.8748010422816994
8.0,5.0,3.0,7.0,1.0,3.0,13.0,47.0,2.0,Voted,1,0.6757928778571621,0.8568406858745377,-0.8684841111860602,-0.8705667371560182,-0.5288235105813693,-0.3088137380676995
6.0,4.0,2.0,6.666666666666667,2.0,5.0,19.0,37.0,1.0,Voted,1,-0.7238256520170899,0.6492923728074044,0.6688668369168803,0.25952744239745473,1.274798179046744,-0.8687149637983147
3.0,7.0,1.75,6.666666666666667,2.0,3.0,15.0,54.0,2.0,Voted,1,-1.0737302844856529,0.6492923728074044,0.6688668369168803,-0.8705667371560182,0.0723837192946684,0.08311711994373105
9.0,5.0,3.25,6.333333333333333,1.0,3.0,18.0,58.0,1.0,Voted,1,1.025697510325725,0.4417440597402704,-0.8684841111860602,-0.8705667371560182,0.974194564108725,0.3070776102359771
6.0,4.0,2.5,6.0,1.0,8.0,13.0,74.0,1.0,Voted,1,-0.024016387079963866,0.23419574667313706,-0.8684841111860602,1.9546687117276642,-0.5288235105813693,1.2029195714049614
9.0,2.0,3.0,5.0,1.0,5.0,18.0,38.0,1.0,Did not vote,0,0.6757928778571621,-0.3884491925282636,-0.8684841111860602,0.25952744239745473,0.974194564108725,-0.8127248412252531
4.0,3.0,2.5,6.333333333333333,2.0,6.0,17.0,38.0,1.0,Voted,1,-0.024016387079963866,0.4417440597402704,0.6688668369168803,0.8245745321741912,0.6735909491707062,-0.8127248412252531
7.0,3.0,2.75,4.333333333333333,2.0,5.0,12.0,82.0,1.0,Voted,1,0.3258882453885992,-0.8035458186625309,0.6688668369168803,0.25952744239745473,-0.8294271255193882,1.6508405519894533
6.0,6.0,3.0,6.333333333333333,1.0,3.0,19.0,79.0,1.0,Voted,1,0.6757928778571621,0.4417440597402704,-0.8684841111860602,-0.8705667371560182,1.274798179046744,1.482870184270269
9.0,7.0,2.75,6.666666666666667,1.0,5.0,19.0,33.0,2.0,Voted,1,0.3258882453885992,0.6492923728074044,-0.8684841111860602,0.25952744239745473,1.274798179046744,-1.0926754540905608
4.0,1.0,2.75,7.333333333333333,1.0,6.0,13.0,74.0,2.0,Voted,1,0.3258882453885992,1.064388998941671,-0.8684841111860602,0.8245745321741912,-0.5288235105813693,1.2029195714049614
8.0,8.0,3.0,3.0,3.0,1.0,11.0,75.0,2.0,Voted,1,0.6757928778571621,-1.6337390709310649,2.206217785019821,-2.0006609167094913,-1.130030740457407,1.2589096939780229
8.0,2.0,2.5,3.3333333333333335,1.0,7.0,15.0,62.0,1.0,Voted,1,-0.024016387079963866,-1.4261907578639312,-0.8684841111860602,1.3896216219509276,0.0723837192946684,0.5310381005282232
4.0,5.0,1.75,4.0,2.0,6.0,18.0,27.0,1.0,Did not vote,0,-1.0737302844856529,-1.0110941317296642,0.6688668369168803,0.8245745321741912,0.974194564108725,-1.4286161895289298
4.0,1.0,1.5,8.0,1.0,5.0,11.0,48.0,2.0,Did not vote,0,-1.423634916954216,1.4794856250759383,-0.8684841111860602,0.25952744239745473,-1.130030740457407,-0.25282361549463805
7.0,7.0,2.5,3.3333333333333335,1.0,2.0,16.0,23.0,2.0,Voted,1,-0.024016387079963866,-1.4261907578639312,-0.8684841111860602,-1.4356138269327547,0.37298733423268726,-1.6525766798211758
6.0,5.0,2.25,5.333333333333333,1.0,5.0,18.0,78.0,2.0,Voted,1,-0.37392101954852686,-0.18090087946113026,-0.8684841111860602,0.25952744239745473,0.974194564108725,1.4268800616972073
3.0,1.0,1.75,5.0,2.0,7.0,17.0,41.0,2.0,Voted,1,-1.0737302844856529,-0.3884491925282636,0.6688668369168803,1.3896216219509276,0.6735909491707062,-0.6447544735060686
2.0,0.0,2.75,4.0,1.0,5.0,18.0,29.0,1.0,Voted,1,0.3258882453885992,-1.0110941317296642,-0.8684841111860602,0.25952744239745473,0.974194564108725,-1.3166359443828068
8.0,7.0,2.25,8.0,1.0,5.0,13.0,70.0,1.0,Voted,1,-0.37392101954852686,1.4794856250759383,-0.8684841111860602,0.25952744239745473,-0.5288235105813693,0.9789590811127152
9.0,4.0,2.75,4.333333333333333,1.0,3.0,13.0,56.0,2.0,Voted,1,0.3258882453885992,-0.8035458186625309,-0.8684841111860602,-0.8705667371560182,-0.5288235105813693,0.19509736508985406
8.0,5.0,2.25,6.333333333333333,1.0,2.0,9.0,78.0,1.0,Voted,1,-0.37392101954852686,0.4417440597402704,-0.8684841111860602,-1.4356138269327547,-1.7312379703334448,1.4268800616972073
3.0,2.0,2.5,3.3333333333333335,2.0,8.0,14.0,59.0,1.0,Voted,1,-0.024016387079963866,-1.4261907578639312,0.6688668369168803,1.9546687117276642,-0.22821989564335046,0.3630677328090386
1.0,0.0,3.25,4.333333333333333,1.0,1.0,16.0,58.0,2.0,Voted,1,1.025697510325725,-0.8035458186625309,-0.8684841111860602,-2.0006609167094913,0.37298733423268726,0.3070776102359771
8.0,6.0,2.75,7.333333333333333,1.0,3.0,22.0,29.0,1.0,Voted,1,0.3258882453885992,1.064388998941671,-0.8684841111860602,-0.8705667371560182,2.1766090238608005,-1.3166359443828068
5.0,6.0,3.75,6.666666666666667,1.0,6.0,25.0,58.0,1.0,Voted,1,1.7255067752628512,0.6492923728074044,-0.8684841111860602,0.8245745321741912,3.078419868674857,0.3070776102359771
7.0,4.0,1.5,4.333333333333333,1.0,7.0,14.0,73.0,2.0,Voted,1,-1.423634916954216,-0.8035458186625309,-0.8684841111860602,1.3896216219509276,-0.22821989564335046,1.1469294488318997
3.0,4.0,1.75,4.0,2.0,2.0,11.0,76.0,1.0,Voted,1,-1.0737302844856529,-1.0110941317296642,0.6688668369168803,-1.4356138269327547,-1.130030740457407,1.3148998165510843
6.0,4.0,3.5,5.333333333333333,1.0,6.0,15.0,27.0,2.0,Voted,1,1.3756021427942882,-0.18090087946113026,-0.8684841111860602,0.8245745321741912,0.0723837192946684,-1.4286161895289298
5.0,2.0,2.75,4.333333333333333,2.0,5.0,13.0,41.0,2.0,Voted,1,0.3258882453885992,-0.8035458186625309,0.6688668369168803,0.25952744239745473,-0.5288235105813693,-0.6447544735060686
6.0,4.0,2.0,5.333333333333333,1.0,5.0,16.0,23.0,2.0,Voted,1,-0.7238256520170899,-0.18090087946113026,-0.8684841111860602,0.25952744239745473,0.37298733423268726,-1.6525766798211758
9.0,1.0,2.25,4.0,2.0,8.0,12.0,57.0,2.0,Voted,1,-0.37392101954852686,-1.0110941317296642,0.6688668369168803,1.9546687117276642,-0.8294271255193882,0.2510874876629156
10.0,10.0,5.0,4.333333333333333,1.0,3.0,17.0,58.0,2.0,Voted,1,3.475029937605666,-0.8035458186625309,-0.8684841111860602,-0.8705667371560182,0.6735909491707062,0.3070776102359771
7.0,6.0,1.75,4.0,2.0,9.0,9.0,89.0,2.0,Voted,1,-1.0737302844856529,-1.0110941317296642,0.6688668369168803,2.5197158015044008,-1.7312379703334448,2.042771410000884
7.0,7.0,1.75,3.0,1.0,7.0,14.0,22.0,1.0,Voted,1,-1.0737302844856529,-1.6337390709310649,-0.8684841111860602,1.3896216219509276,-0.22821989564335046,-1.7085668023942373
3.0,5.0,2.5,7.0,1.0,6.0,18.0,69.0,1.0,Voted,1,-0.024016387079963866,0.8568406858745377,-0.8684841111860602,0.8245745321741912,0.974194564108725,0.9229689585396538
3.0,0.0,2.0,5.0,3.0,5.0,14.0,46.0,2.0,Voted,1,-0.7238256520170899,-0.3884491925282636,2.206217785019821,0.25952744239745473,-0.22821989564335046,-0.36480386064076104
5.0,4.0,2.25,5.666666666666667,1.0,3.0,17.0,56.0,2.0,Voted,1,-0.37392101954852686,0.026647433606003672,-0.8684841111860602,-0.8705667371560182,0.6735909491707062,0.19509736508985406
3.0,5.0,2.0,4.666666666666667,1.0,5.0,14.0,19.0,2.0,Did not vote,0,-0.7238256520170899,-0.595997505595397,-0.8684841111860602,0.25952744239745473,-0.22821989564335046,-1.876537170113422
7.0,0.0,1.5,4.666666666666667,1.0,5.0,11.0,70.0,1.0,Voted,1,-1.423634916954216,-0.595997505595397,-0.8684841111860602,0.25952744239745473,-1.130030740457407,0.9789590811127152
7.0,5.0,3.25,8.666666666666666,1.0,7.0,17.0,59.0,2.0,Voted,1,1.025697510325725,1.894582251210205,-0.8684841111860602,1.3896216219509276,0.6735909491707062,0.3630677328090386
7.0,6.0,3.0,7.333333333333333,2.0,2.0,13.0,47.0,1.0,Voted,1,0.6757928778571621,1.064388998941671,0.6688668369168803,-1.4356138269327547,-0.5288235105813693,-0.3088137380676995
1.0,0.0,1.25,4.333333333333333,2.0,5.0,12.0,65.0,2.0,Voted,1,-1.773539549422779,-0.8035458186625309,0.6688668369168803,0.25952744239745473,-0.8294271255193882,0.6990084682474077
8.0,3.0,2.0,8.333333333333334,1.0,8.0,12.0,58.0,2.0,Voted,1,-0.7238256520170899,1.6870339381430723,-0.8684841111860602,1.9546687117276642,-0.8294271255193882,0.3070776102359771
6.0,4.0,2.0,5.666666666666667,2.0,2.0,24.0,44.0,2.0,Voted,1,-0.7238256520170899,0.026647433606003672,0.6688668369168803,-1.4356138269327547,2.7778162537368383,-0.47678410578688407
2.0,2.0,1.75,6.666666666666667,1.0,5.0,13.0,63.0,2.0,Voted,1,-1.0737302844856529,0.6492923728074044,-0.8684841111860602,0.25952744239745473,-0.5288235105813693,0.5870282231012847
8.0,6.0,2.25,6.0,1.0,4.0,16.0,67.0,2.0,Voted,1,-0.37392101954852686,0.23419574667313706,-0.8684841111860602,-0.3055196473792817,0.37298733423268726,0.8109887133935307
8.0,4.0,2.0,5.666666666666667,2.0,5.0,12.0,51.0,2.0,Voted,1,-0.7238256520170899,0.026647433606003672,0.6688668369168803,0.25952744239745473,-0.8294271255193882,-0.08485324777545349
4.0,4.0,2.25,5.0,2.0,5.0,13.0,23.0,1.0,Voted,1,-0.37392101954852686,-0.3884491925282636,0.6688668369168803,0.25952744239745473,-0.5288235105813693,-1.6525766798211758
5.0,4.0,2.75,6.0,2.0,7.0,13.0,62.0,1.0,Voted,1,0.3258882453885992,0.23419574667313706,0.6688668369168803,1.3896216219509276,-0.5288235105813693,0.5310381005282232
8.0,5.0,1.0,1.6666666666666667,2.0,10.0,11.0,85.0,1.0,Voted,1,-2.123444181891342,-2.463932323199599,0.6688668369168803,3.084762891281137,-1.130030740457407,1.818810919708638
5.0,5.0,3.25,5.666666666666667,1.0,5.0,15.0,68.0,1.0,Voted,1,1.025697510325725,0.026647433606003672,-0.8684841111860602,0.25952744239745473,0.0723837192946684,0.8669788359665922
6.0,3.0,2.75,7.0,3.0,7.0,11.0,47.0,2.0,Voted,1,0.3258882453885992,0.8568406858745377,2.206217785019821,1.3896216219509276,-1.130030740457407,-0.3088137380676995
6.0,3.0,2.25,2.6666666666666665,1.0,0.0,13.0,23.0,2.0,Voted,1,-0.37392101954852686,-1.8412873839981987,-0.8684841111860602,-2.5657080064862274,-0.5288235105813693,-1.6525766798211758
7.0,6.0,2.5,5.666666666666667,2.0,2.0,17.0,25.0,2.0,Voted,1,-0.024016387079963866,0.026647433606003672,0.6688668369168803,-1.4356138269327547,0.6735909491707062,-1.540596434675053
2.0,2.0,1.5,5.666666666666667,1.0,5.0,13.0,45.0,2.0,Voted,1,-1.423634916954216,0.026647433606003672,-0.8684841111860602,0.25952744239745473,-0.5288235105813693,-0.42079398321382255
5.0,3.0,3.25,6.0,1.0,6.0,17.0,52.0,1.0,Voted,1,1.025697510325725,0.23419574667313706,-0.8684841111860602,0.8245745321741912,0.6735909491707062,-0.028863125202391978
5.0,0.0,1.75,3.6666666666666665,1.0,5.0,11.0,72.0,1.0,Voted,1,-1.0737302844856529,-1.2186424447967978,-0.8684841111860602,0.25952744239745473,-1.130030740457407,1.0909393262588383
6.0,3.0,2.5,7.333333333333333,2.0,5.0,14.0,31.0,2.0,Voted,1,-0.024016387079963866,1.064388998941671,0.6688668369168803,0.25952744239745473,-0.22821989564335046,-1.2046556992366837
8.0,6.0,2.25,6.666666666666667,2.0,4.0,18.0,60.0,2.0,Voted,1,-0.37392101954852686,0.6492923728074044,0.6688668369168803,-0.3055196473792817,0.974194564108725,0.4190578553821001
7.0,4.0,2.5,6.0,1.0,4.0,15.0,24.0,1.0,Voted,1,-0.024016387079963866,0.23419574667313706,-0.8684841111860602,-0.3055196473792817,0.0723837192946684,-1.5965865572481144
4.0,5.0,1.75,6.666666666666667,1.0,5.0,12.0,56.0,2.0,Voted,1,-1.0737302844856529,0.6492923728074044,-0.8684841111860602,0.25952744239745473,-0.8294271255193882,0.19509736508985406
2.0,2.0,2.25,3.6666666666666665,1.0,8.0,12.0,27.0,1.0,Voted,1,-0.37392101954852686,-1.2186424447967978,-0.8684841111860602,1.9546687117276642,-0.8294271255193882,-1.4286161895289298
8.0,6.0,2.75,7.0,1.0,6.0,14.0,61.0,2.0,Voted,1,0.3258882453885992,0.8568406858745377,-0.8684841111860602,0.8245745321741912,-0.22821989564335046,0.4750479779551616
6.0,5.0,2.0,5.666666666666667,3.0,5.0,8.0,89.0,2.0,Voted,1,-0.7238256520170899,0.026647433606003672,2.206217785019821,0.25952744239745473,-2.0318415852714637,2.042771410000884
4.0,6.0,3.5,7.666666666666667,1.0,3.0,19.0,47.0,2.0,Voted,1,1.3756021427942882,1.271937312008805,-0.8684841111860602,-0.8705667371560182,1.274798179046744,-0.3088137380676995
9.0,7.0,3.75,4.666666666666667,2.0,4.0,13.0,20.0,1.0,Voted,1,1.7255067752628512,-0.595997505595397,0.6688668369168803,-0.3055196473792817,-0.5288235105813693,-1.8205470475403605
3.0,1.0,3.5,4.666666666666667,1.0,5.0,24.0,36.0,1.0,Voted,1,1.3756021427942882,-0.595997505595397,-0.8684841111860602,0.25952744239745473,2.7778162537368383,-0.9247050863713762
3.0,0.0,1.75,3.3333333333333335,1.0,5.0,10.0,51.0,2.0,Did not vote,0,-1.0737302844856529,-1.4261907578639312,-0.8684841111860602,0.25952744239745473,-1.430634355395426,-0.08485324777545349
8.0,7.0,3.25,6.0,2.0,2.0,19.0,45.0,2.0,Voted,1,1.025697510325725,0.23419574667313706,0.6688668369168803,-1.4356138269327547,1.274798179046744,-0.42079398321382255
10.0,4.0,3.0,7.333333333333333,2.0,7.0,14.0,82.0,1.0,Voted,1,0.6757928778571621,1.064388998941671,0.6688668369168803,1.3896216219509276,-0.22821989564335046,1.6508405519894533
8.0,5.0,3.0,6.333333333333333,1.0,4.0,23.0,32.0,1.0,Voted,1,0.6757928778571621,0.4417440597402704,-0.8684841111860602,-0.3055196473792817,2.4772126387988194,-1.1486655766636222
2.0,1.0,1.75,4.0,2.0,7.0,13.0,46.0,1.0,Voted,1,-1.0737302844856529,-1.0110941317296642,0.6688668369168803,1.3896216219509276,-0.5288235105813693,-0.36480386064076104
4.0,0.0,1.25,5.333333333333333,1.0,5.0,11.0,54.0,1.0,Voted,1,-1.773539549422779,-0.18090087946113026,-0.8684841111860602,0.25952744239745473,-1.130030740457407,0.08311711994373105
6.0,4.0,2.5,6.0,1.0,6.0,11.0,78.0,1.0,Voted,1,-0.024016387079963866,0.23419574667313706,-0.8684841111860602,0.8245745321741912,-1.130030740457407,1.4268800616972073
5.0,0.0,1.25,3.6666666666666665,2.0,5.0,12.0,60.0,1.0,Voted,1,-1.773539549422779,-1.2186424447967978,0.6688668369168803,0.25952744239745473,-0.8294271255193882,0.4190578553821001
7.0,5.0,1.25,4.333333333333333,1.0,5.0,16.0,79.0,2.0,Voted,1,-1.773539549422779,-0.8035458186625309,-0.8684841111860602,0.25952744239745473,0.37298733423268726,1.482870184270269
5.0,3.0,2.5,3.3333333333333335,2.0,2.0,13.0,21.0,2.0,Voted,1,-0.024016387079963866,-1.4261907578639312,0.6688668369168803,-1.4356138269327547,-0.5288235105813693,-1.764556924967299
1.0,0.0,1.5,3.0,2.0,5.0,12.0,52.0,1.0,Did not vote,0,-1.423634916954216,-1.6337390709310649,0.6688668369168803,0.25952744239745473,-0.8294271255193882,-0.028863125202391978
7.0,4.0,2.75,7.333333333333333,2.0,5.0,13.0,66.0,1.0,Voted,1,0.3258882453885992,1.064388998941671,0.6688668369168803,0.25952744239745473,-0.5288235105813693,0.7549985908204692
7.0,5.0,2.5,7.666666666666667,2.0,3.0,17.0,24.0,2.0,Voted,1,-0.024016387079963866,1.271937312008805,0.6688668369168803,-0.8705667371560182,0.6735909491707062,-1.5965865572481144
3.0,7.0,3.0,4.0,2.0,5.0,18.0,69.0,1.0,Voted,1,0.6757928778571621,-1.0110941317296642,0.6688668369168803,0.25952744239745473,0.974194564108725,0.9229689585396538
3.0,0.0,3.25,3.6666666666666665,2.0,10.0,13.0,58.0,1.0,Voted,1,1.025697510325725,-1.2186424447967978,0.6688668369168803,3.084762891281137,-0.5288235105813693,0.3070776102359771
2.0,2.0,1.5,4.333333333333333,1.0,5.0,18.0,38.0,1.0,Voted,1,-1.423634916954216,-0.8035458186625309,-0.8684841111860602,0.25952744239745473,0.974194564108725,-0.8127248412252531
4.0,2.0,2.25,5.0,1.0,7.0,20.0,37.0,2.0,Voted,1,-0.37392101954852686,-0.3884491925282636,-0.8684841111860602,1.3896216219509276,1.5754017939847627,-0.8687149637983147
0.0,1.0,1.75,5.666666666666667,1.0,9.0,16.0,29.0,1.0,Voted,1,-1.0737302844856529,0.026647433606003672,-0.8684841111860602,2.5197158015044008,0.37298733423268726,-1.3166359443828068
6.0,5.0,2.75,4.666666666666667,2.0,7.0,11.0,55.0,1.0,Voted,1,0.3258882453885992,-0.595997505595397,0.6688668369168803,1.3896216219509276,-1.130030740457407,0.13910724251679257
3.0,5.0,2.5,5.666666666666667,1.0,5.0,17.0,54.0,2.0,Voted,1,-0.024016387079963866,0.026647433606003672,-0.8684841111860602,0.25952744239745473,0.6735909491707062,0.08311711994373105
3.0,1.0,2.75,4.0,2.0,5.0,14.0,59.0,1.0,Voted,1,0.3258882453885992,-1.0110941317296642,0.6688668369168803,0.25952744239745473,-0.22821989564335046,0.3630677328090386
1.0,1.0,2.5,2.0,2.0,8.0,16.0,47.0,1.0,Did not vote,0,-0.024016387079963866,-2.2563840101324657,0.6688668369168803,1.9546687117276642,0.37298733423268726,-0.3088137380676995
0.0,0.0,1.3333333333333333,2.0,1.0,5.0,12.0,61.0,2.0,Voted,1,-1.656904671933258,-2.2563840101324657,-0.8684841111860602,0.25952744239745473,-0.8294271255193882,0.4750479779551616
4.0,1.0,1.75,2.0,2.0,5.0,16.0,66.0,1.0,Voted,1,-1.0737302844856529,-2.2563840101324657,0.6688668369168803,0.25952744239745473,0.37298733423268726,0.7549985908204692
6.0,6.0,2.25,7.666666666666667,1.0,5.0,13.0,21.0,1.0,Voted,1,-0.37392101954852686,1.271937312008805,-0.8684841111860602,0.25952744239745473,-0.5288235105813693,-1.764556924967299
9.0,6.0,3.25,5.0,1.0,3.0,14.0,43.0,1.0,Voted,1,1.025697510325725,-0.3884491925282636,-0.8684841111860602,-0.8705667371560182,-0.22821989564335046,-0.5327742283599456
6.0,5.0,2.75,5.333333333333333,1.0,6.0,12.0,63.0,1.0,Voted,1,0.3258882453885992,-0.18090087946113026,-0.8684841111860602,0.8245745321741912,-0.8294271255193882,0.5870282231012847
7.0,7.0,2.25,7.666666666666667,2.0,5.0,12.0,70.0,2.0,Voted,1,-0.37392101954852686,1.271937312008805,0.6688668369168803,0.25952744239745473,-0.8294271255193882,0.9789590811127152
2.0,2.0,2.5,4.333333333333333,2.0,4.0,16.0,41.0,2.0,Voted,1,-0.024016387079963866,-0.8035458186625309,0.6688668369168803,-0.3055196473792817,0.37298733423268726,-0.6447544735060686
5.0,2.0,1.75,1.6666666666666667,2.0,0.0,12.0,75.0,1.0,Voted,1,-1.0737302844856529,-2.463932323199599,0.6688668369168803,-2.5657080064862274,-0.8294271255193882,1.2589096939780229
7.0,5.0,2.25,0.0,1.0,5.0,15.0,56.0,2.0,Voted,1,-0.37392101954852686,-3.501673888535267,-0.8684841111860602,0.25952744239745473,0.0723837192946684,0.19509736508985406
8.0,6.0,3.25,6.666666666666667,1.0,7.0,17.0,64.0,1.0,Voted,1,1.025697510325725,0.6492923728074044,-0.8684841111860602,1.3896216219509276,0.6735909491707062,0.6430183456743461
8.0,2.0,2.75,7.666666666666667,2.0,4.0,19.0,60.0,1.0,Voted,1,0.3258882453885992,1.271937312008805,0.6688668369168803,-0.3055196473792817,1.274798179046744,0.4190578553821001
7.0,5.0,1.5,5.0,2.0,5.0,14.0,26.0,2.0,Did not vote,0,-1.423634916954216,-0.3884491925282636,0.6688668369168803,0.25952744239745473,-0.22821989564335046,-1.4846063121019912
2.0,3.0,2.25,4.666666666666667,1.0,6.0,13.0,34.0,1.0,Voted,1,-0.37392101954852686,-0.595997505595397,-0.8684841111860602,0.8245745321741912,-0.5288235105813693,-1.0366853315174993
8.0,3.0,2.25,6.333333333333333,2.0,6.0,20.0,69.0,1.0,Voted,1,-0.37392101954852686,0.4417440597402704,0.6688668369168803,0.8245745321741912,1.5754017939847627,0.9229689585396538
5.0,4.0,3.0,5.0,2.0,5.0,12.0,43.0,2.0,Voted,1,0.6757928778571621,-0.3884491925282636,0.6688668369168803,0.25952744239745473,-0.8294271255193882,-0.5327742283599456
9.0,7.0,4.25,5.333333333333333,1.0,5.0,13.0,62.0,1.0,Voted,1,2.425316040199977,-0.18090087946113026,-0.8684841111860602,0.25952744239745473,-0.5288235105813693,0.5310381005282232
7.0,3.0,1.5,5.0,2.0,5.0,11.0,72.0,1.0,Did not vote,0,-1.423634916954216,-0.3884491925282636,0.6688668369168803,0.25952744239745473,-1.130030740457407,1.0909393262588383
7.0,5.0,2.0,6.0,1.0,9.0,14.0,59.0,1.0,Voted,1,-0.7238256520170899,0.23419574667313706,-0.8684841111860602,2.5197158015044008,-0.22821989564335046,0.3630677328090386
8.0,3.0,2.0,5.333333333333333,1.0,5.0,17.0,64.0,1.0,Voted,1,-0.7238256520170899,-0.18090087946113026,-0.8684841111860602,0.25952744239745473,0.6735909491707062,0.6430183456743461
7.0,3.0,2.5,7.0,1.0,5.0,19.0,76.0,1.0,Voted,1,-0.024016387079963866,0.8568406858745377,-0.8684841111860602,0.25952744239745473,1.274798179046744,1.3148998165510843
7.0,6.0,4.25,6.666666666666667,2.0,6.0,19.0,52.0,1.0,Voted,1,2.425316040199977,0.6492923728074044,0.6688668369168803,0.8245745321741912,1.274798179046744,-0.028863125202391978
5.0,2.0,1.25,7.0,2.0,5.0,12.0,59.0,1.0,Voted,1,-1.773539549422779,0.8568406858745377,0.6688668369168803,0.25952744239745473,-0.8294271255193882,0.3630677328090386
7.0,5.0,2.5,7.0,2.0,5.0,15.0,31.0,2.0,Voted,1,-0.024016387079963866,0.8568406858745377,0.6688668369168803,0.25952744239745473,0.0723837192946684,-1.2046556992366837
8.0,5.0,3.0,6.666666666666667,1.0,4.0,18.0,45.0,1.0,Voted,1,0.6757928778571621,0.6492923728074044,-0.8684841111860602,-0.3055196473792817,0.974194564108725,-0.42079398321382255
8.0,8.0,4.0,8.666666666666666,1.0,6.0,21.0,90.0,1.0,Voted,1,2.0754114077314143,1.894582251210205,-0.8684841111860602,0.8245745321741912,1.8760054089227816,2.0987615325739455
8.0,7.0,2.5,7.0,1.0,5.0,11.0,60.0,2.0,Voted,1,-0.024016387079963866,0.8568406858745377,-0.8684841111860602,0.25952744239745473,-1.130030740457407,0.4190578553821001
8.0,6.0,2.75,7.666666666666667,2.0,5.0,11.0,76.0,1.0,Voted,1,0.3258882453885992,1.271937312008805,0.6688668369168803,0.25952744239745473,-1.130030740457407,1.3148998165510843
8.0,5.0,3.25,8.333333333333334,1.0,3.0,13.0,38.0,1.0,Voted,1,1.025697510325725,1.6870339381430723,-0.8684841111860602,-0.8705667371560182,-0.5288235105813693,-0.8127248412252531
8.0,8.0,3.0,5.0,2.0,7.0,17.0,30.0,2.0,Did not vote,0,0.6757928778571621,-0.3884491925282636,0.6688668369168803,1.3896216219509276,0.6735909491707062,-1.2606458218097452
3.0,3.0,2.75,4.666666666666667,2.0,5.0,17.0,37.0,1.0,Voted,1,0.3258882453885992,-0.595997505595397,0.6688668369168803,0.25952744239745473,0.6735909491707062,-0.8687149637983147
4.0,3.0,2.0,4.333333333333333,1.0,5.0,15.0,53.0,1.0,Voted,1,-0.7238256520170899,-0.8035458186625309,-0.8684841111860602,0.25952744239745473,0.0723837192946684,0.027126997370669537
2.0,0.0,2.75,9.333333333333334,3.0,5.0,19.0,66.0,2.0,Voted,1,0.3258882453885992,2.309678877344473,2.206217785019821,0.25952744239745473,1.274798179046744,0.7549985908204692
9.0,5.0,2.25,5.666666666666667,2.0,0.0,13.0,56.0,2.0,Voted,1,-0.37392101954852686,0.026647433606003672,0.6688668369168803,-2.5657080064862274,-0.5288235105813693,0.19509736508985406
10.0,7.0,3.5,7.333333333333333,2.0,6.0,17.0,61.0,1.0,Voted,1,1.3756021427942882,1.064388998941671,0.6688668369168803,0.8245745321741912,0.6735909491707062,0.4750479779551616
8.0,6.0,2.5,4.333333333333333,1.0,4.0,13.0,37.0,1.0,Voted,1,-0.024016387079963866,-0.8035458186625309,-0.8684841111860602,-0.3055196473792817,-0.5288235105813693,-0.8687149637983147
9.0,3.0,2.5,2.6666666666666665,1.0,7.0,15.0,47.0,2.0,Voted,1,-0.024016387079963866,-1.8412873839981987,-0.8684841111860602,1.3896216219509276,0.0723837192946684,-0.3088137380676995
5.0,4.0,2.0,6.0,1.0,7.0,13.0,22.0,1.0,Voted,1,-0.7238256520170899,0.23419574667313706,-0.8684841111860602,1.3896216219509276,-0.5288235105813693,-1.7085668023942373
6.0,4.0,2.75,2.0,1.0,5.0,14.0,71.0,2.0,Voted,1,0.3258882453885992,-2.2563840101324657,-0.8684841111860602,0.25952744239745473,-0.22821989564335046,1.0349492036857768
8.0,6.0,3.5,6.666666666666667,1.0,2.0,13.0,64.0,1.0,Voted,1,1.3756021427942882,0.6492923728074044,-0.8684841111860602,-1.4356138269327547,-0.5288235105813693,0.6430183456743461
3.0,6.0,2.5,5.0,2.0,4.0,14.0,52.0,2.0,Voted,1,-0.024016387079963866,-0.3884491925282636,0.6688668369168803,-0.3055196473792817,-0.22821989564335046,-0.028863125202391978
5.0,3.0,2.25,7.666666666666667,2.0,3.0,16.0,50.0,2.0,Voted,1,-0.37392101954852686,1.271937312008805,0.6688668369168803,-0.8705667371560182,0.37298733423268726,-0.14084337034851502
0.0,0.0,2.25,3.0,2.0,5.0,15.0,73.0,1.0,Voted,1,-0.37392101954852686,-1.6337390709310649,0.6688668369168803,0.25952744239745473,0.0723837192946684,1.1469294488318997
5.0,3.0,2.0,4.0,2.0,4.0,12.0,61.0,1.0,Voted,1,-0.7238256520170899,-1.0110941317296642,0.6688668369168803,-0.3055196473792817,-0.8294271255193882,0.4750479779551616
7.0,5.0,3.25,5.666666666666667,2.0,4.0,18.0,50.0,2.0,Voted,1,1.025697510325725,0.026647433606003672,0.6688668369168803,-0.3055196473792817,0.974194564108725,-0.14084337034851502
7.0,4.0,3.25,7.333333333333333,1.0,5.0,16.0,44.0,2.0,Voted,1,1.025697510325725,1.064388998941671,-0.8684841111860602,0.25952744239745473,0.37298733423268726,-0.47678410578688407
5.0,3.0,2.0,4.666666666666667,1.0,5.0,11.0,74.0,2.0,Voted,1,-0.7238256520170899,-0.595997505595397,-0.8684841111860602,0.25952744239745473,-1.130030740457407,1.2029195714049614
3.0,5.0,2.75,7.333333333333333,2.0,8.0,19.0,58.0,1.0,Voted,1,0.3258882453885992,1.064388998941671,0.6688668369168803,1.9546687117276642,1.274798179046744,0.3070776102359771
5.0,4.0,2.0,4.666666666666667,3.0,6.0,15.0,28.0,2.0,Voted,1,-0.7238256520170899,-0.595997505595397,2.206217785019821,0.8245745321741912,0.0723837192946684,-1.3726260669558683
5.0,4.0,1.5,4.333333333333333,1.0,0.0,18.0,47.0,2.0,Did not vote,0,-1.423634916954216,-0.8035458186625309,-0.8684841111860602,-2.5657080064862274,0.974194564108725,-0.3088137380676995
5.0,5.0,3.25,7.333333333333333,2.0,5.0,15.0,40.0,1.0,Voted,1,1.025697510325725,1.064388998941671,0.6688668369168803,0.25952744239745473,0.0723837192946684,-0.7007445960791301
6.0,3.0,2.75,3.6666666666666665,2.0,0.0,14.0,44.0,1.0,Voted,1,0.3258882453885992,-1.2186424447967978,0.6688668369168803,-2.5657080064862274,-0.22821989564335046,-0.47678410578688407
3.0,3.0,1.5,5.333333333333333,2.0,4.0,12.0,54.0,1.0,Did not vote,0,-1.423634916954216,-0.18090087946113026,0.6688668369168803,-0.3055196473792817,-0.8294271255193882,0.08311711994373105
6.0,7.0,2.75,8.333333333333334,1.0,6.0,20.0,38.0,1.0,Voted,1,0.3258882453885992,1.6870339381430723,-0.8684841111860602,0.8245745321741912,1.5754017939847627,-0.8127248412252531
8.0,5.0,3.75,7.666666666666667,1.0,3.0,19.0,55.0,1.0,Voted,1,1.7255067752628512,1.271937312008805,-0.8684841111860602,-0.8705667371560182,1.274798179046744,0.13910724251679257
3.0,1.0,2.25,3.6666666666666665,2.0,5.0,10.0,36.0,2.0,Did not vote,0,-0.37392101954852686,-1.2186424447967978,0.6688668369168803,0.25952744239745473,-1.430634355395426,-0.9247050863713762
8.0,6.0,2.5,6.0,1.0,4.0,20.0,35.0,1.0,Voted,1,-0.024016387079963866,0.23419574667313706,-0.8684841111860602,-0.3055196473792817,1.5754017939847627,-0.9806952089444377
2.0,2.0,3.25,5.666666666666667,1.0,3.0,18.0,41.0,1.0,Voted,1,1.025697510325725,0.026647433606003672,-0.8684841111860602,-0.8705667371560182,0.974194564108725,-0.6447544735060686
8.0,8.0,2.75,8.333333333333334,1.0,5.0,19.0,39.0,2.0,Voted,1,0.3258882453885992,1.6870339381430723,-0.8684841111860602,0.25952744239745473,1.274798179046744,-0.7567347186521917
9.0,3.0,3.0,5.0,1.0,4.0,14.0,53.0,1.0,Voted,1,0.6757928778571621,-0.3884491925282636,-0.8684841111860602,-0.3055196473792817,-0.22821989564335046,0.027126997370669537
4.0,4.0,1.75,5.0,2.0,5.0,12.0,63.0,2.0,Did not vote,0,-1.0737302844856529,-0.3884491925282636,0.6688668369168803,0.25952744239745473,-0.8294271255193882,0.5870282231012847
2.0,1.0,2.25,6.0,2.0,7.0,13.0,29.0,1.0,Voted,1,-0.37392101954852686,0.23419574667313706,0.6688668369168803,1.3896216219509276,-0.5288235105813693,-1.3166359443828068
7.0,7.0,2.5,6.666666666666667,2.0,2.0,18.0,46.0,2.0,Voted,1,-0.024016387079963866,0.6492923728074044,0.6688668369168803,-1.4356138269327547,0.974194564108725,-0.36480386064076104
0.0,3.0,2.25,6.333333333333333,1.0,5.0,14.0,28.0,1.0,Did not vote,0,-0.37392101954852686,0.4417440597402704,-0.8684841111860602,0.25952744239745473,-0.22821989564335046,-1.3726260669558683
4.0,4.0,1.5,6.0,2.0,7.0,14.0,64.0,2.0,Voted,1,-1.423634916954216,0.23419574667313706,0.6688668369168803,1.3896216219509276,-0.22821989564335046,0.6430183456743461
5.0,2.0,1.75,5.0,1.0,5.0,12.0,79.0,1.0,Voted,1,-1.0737302844856529,-0.3884491925282636,-0.8684841111860602,0.25952744239745473,-0.8294271255193882,1.482870184270269
7.0,4.0,2.5,4.666666666666667,1.0,4.0,11.0,24.0,1.0,Voted,1,-0.024016387079963866,-0.595997505595397,-0.8684841111860602,-0.3055196473792817,-1.130030740457407,-1.5965865572481144
8.0,5.0,2.75,7.333333333333333,1.0,7.0,13.0,53.0,1.0,Voted,1,0.3258882453885992,1.064388998941671,-0.8684841111860602,1.3896216219509276,-0.5288235105813693,0.027126997370669537
6.0,3.0,3.0,5.333333333333333,1.0,3.0,15.0,45.0,2.0,Voted,1,0.6757928778571621,-0.18090087946113026,-0.8684841111860602,-0.8705667371560182,0.0723837192946684,-0.42079398321382255
1.0,0.0,1.75,3.3333333333333335,2.0,4.0,12.0,75.0,1.0,Voted,1,-1.0737302844856529,-1.4261907578639312,0.6688668369168803,-0.3055196473792817,-0.8294271255193882,1.2589096939780229
7.0,5.0,3.0,5.333333333333333,1.0,5.0,12.0,54.0,1.0,Voted,1,0.6757928778571621,-0.18090087946113026,-0.8684841111860602,0.25952744239745473,-0.8294271255193882,0.08311711994373105
5.0,5.0,2.5,4.333333333333333,1.0,7.0,14.0,32.0,2.0,Voted,1,-0.024016387079963866,-0.8035458186625309,-0.8684841111860602,1.3896216219509276,-0.22821989564335046,-1.1486655766636222
7.0,5.0,3.0,4.0,2.0,5.0,14.0,20.0,2.0,Voted,1,0.6757928778571621,-1.0110941317296642,0.6688668369168803,0.25952744239745473,-0.22821989564335046,-1.8205470475403605
3.0,5.0,2.25,6.333333333333333,1.0,4.0,18.0,41.0,2.0,Voted,1,-0.37392101954852686,0.4417440597402704,-0.8684841111860602,-0.3055196473792817,0.974194564108725,-0.6447544735060686
3.0,5.0,2.0,5.333333333333333,1.0,5.0,14.0,26.0,1.0,Voted,1,-0.7238256520170899,-0.18090087946113026,-0.8684841111860602,0.25952744239745473,-0.22821989564335046,-1.4846063121019912
5.0,5.0,1.3333333333333333,7.666666666666667,2.0,0.0,13.0,78.0,2.0,Voted,1,-1.656904671933258,1.271937312008805,0.6688668369168803,-2.5657080064862274,-0.5288235105813693,1.4268800616972073
8.0,8.0,2.5,2.3333333333333335,2.0,3.0,15.0,67.0,1.0,Voted,1,-0.024016387079963866,-2.048835697065332,0.6688668369168803,-0.8705667371560182,0.0723837192946684,0.8109887133935307
8.0,7.0,3.25,7.666666666666667,1.0,3.0,15.0,33.0,1.0,Voted,1,1.025697510325725,1.271937312008805,-0.8684841111860602,-0.8705667371560182,0.0723837192946684,-1.0926754540905608
5.0,6.0,2.25,5.0,1.0,5.0,11.0,61.0,2.0,Voted,1,-0.37392101954852686,-0.3884491925282636,-0.8684841111860602,0.25952744239745473,-1.130030740457407,0.4750479779551616
9.0,5.0,3.0,7.0,1.0,4.0,18.0,48.0,2.0,Voted,1,0.6757928778571621,0.8568406858745377,-0.8684841111860602,-0.3055196473792817,0.974194564108725,-0.25282361549463805
2.0,2.0,2.5,5.333333333333333,1.0,7.0,14.0,41.0,1.0,Voted,1,-0.024016387079963866,-0.18090087946113026,-0.8684841111860602,1.3896216219509276,-0.22821989564335046,-0.6447544735060686
6.0,2.0,2.0,5.666666666666667,1.0,3.0,13.0,77.0,1.0,Did not vote,0,-0.7238256520170899,0.026647433606003672,-0.8684841111860602,-0.8705667371560182,-0.5288235105813693,1.3708899391241458
3.0,4.0,2.5,8.333333333333334,3.0,1.0,16.0,37.0,2.0,Voted,1,-0.024016387079963866,1.6870339381430723,2.206217785019821,-2.0006609167094913,0.37298733423268726,-0.8687149637983147
8.0,6.0,2.75,5.0,2.0,5.0,26.0,41.0,1.0,Voted,1,0.3258882453885992,-0.3884491925282636,0.6688668369168803,0.25952744239745473,3.379023483612876,-0.6447544735060686
4.0,2.0,2.0,2.3333333333333335,2.0,5.0,11.0,44.0,1.0,Did not vote,0,-0.7238256520170899,-2.048835697065332,0.6688668369168803,0.25952744239745473,-1.130030740457407,-0.47678410578688407
0.0,0.0,2.0,1.6666666666666667,4.0,0.0,12.0,21.0,2.0,Did not vote,0,-0.7238256520170899,-2.463932323199599,3.743568733122761,-2.5657080064862274,-0.8294271255193882,-1.764556924967299
4.0,5.0,1.5,4.666666666666667,4.0,3.0,12.0,65.0,1.0,Voted,1,-1.423634916954216,-0.595997505595397,3.743568733122761,-0.8705667371560182,-0.8294271255193882,0.6990084682474077
0.0,0.0,2.0,8.0,2.0,5.0,13.0,74.0,2.0,Voted,1,-0.7238256520170899,1.4794856250759383,0.6688668369168803,0.25952744239745473,-0.5288235105813693,1.2029195714049614
7.0,3.0,4.0,7.0,1.0,6.0,18.0,37.0,1.0,Voted,1,2.0754114077314143,0.8568406858745377,-0.8684841111860602,0.8245745321741912,0.974194564108725,-0.8687149637983147
3.0,2.0,1.75,4.0,2.0,7.0,11.0,80.0,1.0,Voted,1,-1.0737302844856529,-1.0110941317296642,0.6688668369168803,1.3896216219509276,-1.130030740457407,1.5388603068433304
9.0,7.0,3.5,6.333333333333333,1.0,4.0,16.0,26.0,2.0,Voted,1,1.3756021427942882,0.4417440597402704,-0.8684841111860602,-0.3055196473792817,0.37298733423268726,-1.4846063121019912
8.0,6.0,2.75,6.0,2.0,3.0,13.0,26.0,1.0,Voted,1,0.3258882453885992,0.23419574667313706,0.6688668369168803,-0.8705667371560182,-0.5288235105813693,-1.4846063121019912
3.0,4.0,2.5,5.0,1.0,5.0,13.0,65.0,1.0,Voted,1,-0.024016387079963866,-0.3884491925282636,-0.8684841111860602,0.25952744239745473,-0.5288235105813693,0.6990084682474077
5.0,5.0,2.25,7.333333333333333,1.0,5.0,13.0,59.0,1.0,Voted,1,-0.37392101954852686,1.064388998941671,-0.8684841111860602,0.25952744239745473,-0.5288235105813693,0.3630677328090386
0.0,1.0,1.0,1.6666666666666667,3.0,0.0,12.0,60.0,2.0,Did not vote,0,-2.123444181891342,-2.463932323199599,2.206217785019821,-2.5657080064862274,-0.8294271255193882,0.4190578553821001
0.0,3.0,1.5,1.3333333333333333,1.0,6.0,12.0,66.0,2.0,Voted,1,-1.423634916954216,-2.671480636266733,-0.8684841111860602,0.8245745321741912,-0.8294271255193882,0.7549985908204692
2.0,4.0,1.25,4.0,2.0,5.0,9.0,44.0,2.0,Did not vote,0,-1.773539549422779,-1.0110941317296642,0.6688668369168803,0.25952744239745473,-1.7312379703334448,-0.47678410578688407
7.0,4.0,3.0,6.333333333333333,1.0,5.0,15.0,51.0,2.0,Voted,1,0.6757928778571621,0.4417440597402704,-0.8684841111860602,0.25952744239745473,0.0723837192946684,-0.08485324777545349
10.0,5.0,3.75,7.666666666666667,2.0,4.0,12.0,22.0,1.0,Voted,1,1.7255067752628512,1.271937312008805,0.6688668369168803,-0.3055196473792817,-0.8294271255193882,-1.7085668023942373
3.0,4.0,3.5,4.333333333333333,1.0,6.0,16.0,81.0,1.0,Voted,1,1.3756021427942882,-0.8035458186625309,-0.8684841111860602,0.8245745321741912,0.37298733423268726,1.5948504294163919
8.0,7.0,3.5,7.0,1.0,3.0,15.0,28.0,1.0,Voted,1,1.3756021427942882,0.8568406858745377,-0.8684841111860602,-0.8705667371560182,0.0723837192946684,-1.3726260669558683
5.0,5.0,3.25,6.333333333333333,2.0,4.0,14.0,59.0,1.0,Voted,1,1.025697510325725,0.4417440597402704,0.6688668369168803,-0.3055196473792817,-0.22821989564335046,0.3630677328090386
5.0,3.0,2.75,5.333333333333333,2.0,5.0,13.0,52.0,2.0,Voted,1,0.3258882453885992,-0.18090087946113026,0.6688668369168803,0.25952744239745473,-0.5288235105813693,-0.028863125202391978
2.0,3.0,1.5,4.666666666666667,2.0,7.0,16.0,37.0,2.0,Voted,1,-1.423634916954216,-0.595997505595397,0.6688668369168803,1.3896216219509276,0.37298733423268726,-0.8687149637983147
0.0,0.0,2.0,5.0,2.0,5.0,12.0,53.0,2.0,Did not vote,0,-0.7238256520170899,-0.3884491925282636,0.6688668369168803,0.25952744239745473,-0.8294271255193882,0.027126997370669537
4.0,2.0,3.25,5.333333333333333,2.0,6.0,14.0,20.0,1.0,Voted,1,1.025697510325725,-0.18090087946113026,0.6688668369168803,0.8245745321741912,-0.22821989564335046,-1.8205470475403605
7.0,3.0,1.5,6.666666666666667,1.0,2.0,13.0,44.0,1.0,Voted,1,-1.423634916954216,0.6492923728074044,-0.8684841111860602,-1.4356138269327547,-0.5288235105813693,-0.47678410578688407
8.0,6.0,2.5,6.333333333333333,1.0,6.0,14.0,56.0,2.0,Voted,1,-0.024016387079963866,0.4417440597402704,-0.8684841111860602,0.8245745321741912,-0.22821989564335046,0.19509736508985406
7.0,3.0,3.0,6.666666666666667,1.0,5.0,18.0,31.0,2.0,Voted,1,0.6757928778571621,0.6492923728074044,-0.8684841111860602,0.25952744239745473,0.974194564108725,-1.2046556992366837
10.0,5.0,3.75,5.0,2.0,5.0,13.0,56.0,2.0,Voted,1,1.7255067752628512,-0.3884491925282636,0.6688668369168803,0.25952744239745473,-0.5288235105813693,0.19509736508985406
6.0,6.0,2.25,3.3333333333333335,1.0,3.0,17.0,81.0,1.0,Voted,1,-0.37392101954852686,-1.4261907578639312,-0.8684841111860602,-0.8705667371560182,0.6735909491707062,1.5948504294163919
7.0,6.0,3.0,7.333333333333333,1.0,3.0,17.0,29.0,2.0,Voted,1,0.6757928778571621,1.064388998941671,-0.8684841111860602,-0.8705667371560182,0.6735909491707062,-1.3166359443828068
4.0,2.0,1.25,4.0,2.0,4.0,15.0,84.0,1.0,Voted,1,-1.773539549422779,-1.0110941317296642,0.6688668369168803,-0.3055196473792817,0.0723837192946684,1.7628207971355765
3.0,2.0,2.0,5.666666666666667,1.0,2.0,13.0,69.0,1.0,Voted,1,-0.7238256520170899,0.026647433606003672,-0.8684841111860602,-1.4356138269327547,-0.5288235105813693,0.9229689585396538
9.0,3.0,2.5,4.666666666666667,1.0,4.0,11.0,84.0,2.0,Voted,1,-0.024016387079963866,-0.595997505595397,-0.8684841111860602,-0.3055196473792817,-1.130030740457407,1.7628207971355765
5.0,5.0,1.25,4.666666666666667,2.0,10.0,12.0,66.0,1.0,Voted,1,-1.773539549422779,-0.595997505595397,0.6688668369168803,3.084762891281137,-0.8294271255193882,0.7549985908204692
0.0,2.0,2.0,2.6666666666666665,2.0,5.0,15.0,35.0,2.0,Voted,1,-0.7238256520170899,-1.8412873839981987,0.6688668369168803,0.25952744239745473,0.0723837192946684,-0.9806952089444377
2.0,4.0,1.75,3.3333333333333335,2.0,4.0,15.0,56.0,1.0,Voted,1,-1.0737302844856529,-1.4261907578639312,0.6688668369168803,-0.3055196473792817,0.0723837192946684,0.19509736508985406
4.0,0.0,3.25,5.0,1.0,3.0,15.0,87.0,1.0,Did not vote,0,1.025697510325725,-0.3884491925282636,-0.8684841111860602,-0.8705667371560182,0.0723837192946684,1.9307911648547609
6.0,3.0,3.0,7.333333333333333,2.0,5.0,13.0,29.0,1.0,Voted,1,0.6757928778571621,1.064388998941671,0.6688668369168803,0.25952744239745473,-0.5288235105813693,-1.3166359443828068
3.0,4.0,2.75,5.0,3.0,5.0,10.0,39.0,1.0,Did not vote,0,0.3258882453885992,-0.3884491925282636,2.206217785019821,0.25952744239745473,-1.430634355395426,-0.7567347186521917
3.0,3.0,2.25,3.6666666666666665,2.0,4.0,15.0,52.0,2.0,Voted,1,-0.37392101954852686,-1.2186424447967978,0.6688668369168803,-0.3055196473792817,0.0723837192946684,-0.028863125202391978
6.0,7.0,3.25,7.333333333333333,2.0,3.0,12.0,29.0,1.0,Voted,1,1.025697510325725,1.064388998941671,0.6688668369168803,-0.8705667371560182,-0.8294271255193882,-1.3166359443828068
3.0,2.0,2.0,3.6666666666666665,2.0,5.0,12.0,52.0,2.0,Did not vote,0,-0.7238256520170899,-1.2186424447967978,0.6688668369168803,0.25952744239745473,-0.8294271255193882,-0.028863125202391978
4.0,4.0,3.5,5.666666666666667,1.0,3.0,19.0,58.0,1.0,Voted,1,1.3756021427942882,0.026647433606003672,-0.8684841111860602,-0.8705667371560182,1.274798179046744,0.3070776102359771
9.0,5.0,3.5,9.0,3.0,3.0,19.0,60.0,2.0,Voted,1,1.3756021427942882,2.102130564277339,2.206217785019821,-0.8705667371560182,1.274798179046744,0.4190578553821001
7.0,2.0,2.0,3.0,1.0,5.0,14.0,22.0,1.0,Did not vote,0,-0.7238256520170899,-1.6337390709310649,-0.8684841111860602,0.25952744239745473,-0.22821989564335046,-1.7085668023942373
1.0,2.0,1.75,6.666666666666667,1.0,4.0,17.0,32.0,2.0,Voted,1,-1.0737302844856529,0.6492923728074044,-0.8684841111860602,-0.3055196473792817,0.6735909491707062,-1.1486655766636222
9.0,6.0,3.25,6.666666666666667,2.0,1.0,16.0,54.0,1.0,Voted,1,1.025697510325725,0.6492923728074044,0.6688668369168803,-2.0006609167094913,0.37298733423268726,0.08311711994373105
10.0,6.0,3.25,9.333333333333334,1.0,6.0,19.0,84.0,1.0,Voted,1,1.025697510325725,2.309678877344473,-0.8684841111860602,0.8245745321741912,1.274798179046744,1.7628207971355765
2.0,2.0,2.25,3.0,1.0,9.0,15.0,60.0,1.0,Voted,1,-0.37392101954852686,-1.6337390709310649,-0.8684841111860602,2.5197158015044008,0.0723837192946684,0.4190578553821001
9.0,6.0,3.0,8.0,1.0,4.0,14.0,65.0,2.0,Voted,1,0.6757928778571621,1.4794856250759383,-0.8684841111860602,-0.3055196473792817,-0.22821989564335046,0.6990084682474077
3.0,3.0,2.25,5.333333333333333,3.0,5.0,13.0,50.0,1.0,Voted,1,-0.37392101954852686,-0.18090087946113026,2.206217785019821,0.25952744239745473,-0.5288235105813693,-0.14084337034851502
0.0,0.0,2.0,3.3333333333333335,4.0,5.0,13.0,54.0,2.0,Voted,1,-0.7238256520170899,-1.4261907578639312,3.743568733122761,0.25952744239745473,-0.5288235105813693,0.08311711994373105
5.0,0.0,2.5,3.6666666666666665,4.0,5.0,14.0,41.0,2.0,Voted,1,-0.024016387079963866,-1.2186424447967978,3.743568733122761,0.25952744239745473,-0.22821989564335046,-0.6447544735060686
4.0,5.0,2.75,5.0,2.0,4.0,12.0,24.0,2.0,Did not vote,0,0.3258882453885992,-0.3884491925282636,0.6688668369168803,-0.3055196473792817,-0.8294271255193882,-1.5965865572481144
9.0,8.0,1.75,8.0,1.0,7.0,13.0,83.0,2.0,Voted,1,-1.0737302844856529,1.4794856250759383,-0.8684841111860602,1.3896216219509276,-0.5288235105813693,1.706830674562515
5.0,4.0,1.75,5.333333333333333,2.0,7.0,11.0,30.0,1.0,Voted,1,-1.0737302844856529,-0.18090087946113026,0.6688668369168803,1.3896216219509276,-1.130030740457407,-1.2606458218097452
8.0,4.0,3.75,5.333333333333333,2.0,1.0,16.0,67.0,1.0,Voted,1,1.7255067752628512,-0.18090087946113026,0.6688668369168803,-2.0006609167094913,0.37298733423268726,0.8109887133935307
5.0,5.0,2.0,7.333333333333333,1.0,5.0,12.0,56.0,1.0,Voted,1,-0.7238256520170899,1.064388998941671,-0.8684841111860602,0.25952744239745473,-0.8294271255193882,0.19509736508985406
3.0,3.0,2.75,5.0,1.0,2.0,20.0,68.0,1.0,Voted,1,0.3258882453885992,-0.3884491925282636,-0.8684841111860602,-1.4356138269327547,1.5754017939847627,0.8669788359665922
5.0,5.0,2.0,6.333333333333333,1.0,5.0,16.0,74.0,2.0,Voted,1,-0.7238256520170899,0.4417440597402704,-0.8684841111860602,0.25952744239745473,0.37298733423268726,1.2029195714049614
1.0,1.0,2.75,5.0,2.0,5.0,13.0,21.0,1.0,Voted,1,0.3258882453885992,-0.3884491925282636,0.6688668369168803,0.25952744239745473,-0.5288235105813693,-1.764556924967299
4.0,1.0,1.25,5.666666666666667,2.0,3.0,12.0,55.0,2.0,Voted,1,-1.773539549422779,0.026647433606003672,0.6688668369168803,-0.8705667371560182,-0.8294271255193882,0.13910724251679257
8.0,6.0,1.5,5.0,2.0,5.0,18.0,39.0,1.0,Voted,1,-1.423634916954216,-0.3884491925282636,0.6688668369168803,0.25952744239745473,0.974194564108725,-0.7567347186521917
8.0,6.0,2.0,7.0,1.0,3.0,13.0,72.0,2.0,Voted,1,-0.7238256520170899,0.8568406858745377,-0.8684841111860602,-0.8705667371560182,-0.5288235105813693,1.0909393262588383
4.0,2.0,2.0,6.333333333333333,2.0,4.0,14.0,70.0,2.0,Voted,1,-0.7238256520170899,0.4417440597402704,0.6688668369168803,-0.3055196473792817,-0.22821989564335046,0.9789590811127152
8.0,0.0,3.5,5.0,1.0,5.0,20.0,41.0,1.0,Voted,1,1.3756021427942882,-0.3884491925282636,-0.8684841111860602,0.25952744239745473,1.5754017939847627,-0.6447544735060686
8.0,4.0,3.0,5.333333333333333,1.0,4.0,16.0,25.0,2.0,Voted,1,0.6757928778571621,-0.18090087946113026,-0.8684841111860602,-0.3055196473792817,0.37298733423268726,-1.540596434675053
6.0,3.0,2.5,5.333333333333333,1.0,3.0,16.0,46.0,2.0,Voted,1,-0.024016387079963866,-0.18090087946113026,-0.8684841111860602,-0.8705667371560182,0.37298733423268726,-0.36480386064076104
8.0,6.0,3.25,6.333333333333333,3.0,3.0,17.0,26.0,2.0,Voted,1,1.025697510325725,0.4417440597402704,2.206217785019821,-0.8705667371560182,0.6735909491707062,-1.4846063121019912
7.0,5.0,2.25,6.0,2.0,4.0,13.0,78.0,1.0,Voted,1,-0.37392101954852686,0.23419574667313706,0.6688668369168803,-0.3055196473792817,-0.5288235105813693,1.4268800616972073
9.0,7.0,3.25,6.333333333333333,2.0,5.0,12.0,68.0,2.0,Voted,1,1.025697510325725,0.4417440597402704,0.6688668369168803,0.25952744239745473,-0.8294271255193882,0.8669788359665922
8.0,5.0,4.0,7.333333333333333,1.0,2.0,22.0,39.0,1.0,Voted,1,2.0754114077314143,1.064388998941671,-0.8684841111860602,-1.4356138269327547,2.1766090238608005,-0.7567347186521917
3.0,4.0,3.0,7.333333333333333,1.0,0.0,15.0,25.0,2.0,Voted,1,0.6757928778571621,1.064388998941671,-0.8684841111860602,-2.5657080064862274,0.0723837192946684,-1.540596434675053
5.0,2.0,2.75,6.333333333333333,1.0,5.0,14.0,60.0,2.0,Voted,1,0.3258882453885992,0.4417440597402704,-0.8684841111860602,0.25952744239745473,-0.22821989564335046,0.4190578553821001
7.0,7.0,2.5,6.333333333333333,1.0,4.0,18.0,33.0,1.0,Voted,1,-0.024016387079963866,0.4417440597402704,-0.8684841111860602,-0.3055196473792817,0.974194564108725,-1.0926754540905608
5.0,3.0,1.75,5.666666666666667,2.0,2.0,12.0,55.0,1.0,Voted,1,-1.0737302844856529,0.026647433606003672,0.6688668369168803,-1.4356138269327547,-0.8294271255193882,0.13910724251679257
3.0,2.0,2.5,6.333333333333333,2.0,3.0,20.0,68.0,2.0,Voted,1,-0.024016387079963866,0.4417440597402704,0.6688668369168803,-0.8705667371560182,1.5754017939847627,0.8669788359665922
7.0,3.0,2.5,4.666666666666667,1.0,5.0,17.0,56.0,1.0,Voted,1,-0.024016387079963866,-0.595997505595397,-0.8684841111860602,0.25952744239745473,0.6735909491707062,0.19509736508985406
9.0,5.0,2.5,4.666666666666667,2.0,5.0,6.0,39.0,1.0,Did not vote,0,-0.024016387079963866,-0.595997505595397,0.6688668369168803,0.25952744239745473,-2.6330488151475016,-0.7567347186521917
3.0,2.0,2.0,5.666666666666667,2.0,6.0,12.0,55.0,2.0,Voted,1,-0.7238256520170899,0.026647433606003672,0.6688668369168803,0.8245745321741912,-0.8294271255193882,0.13910724251679257
8.0,6.0,2.75,6.666666666666667,1.0,3.0,14.0,21.0,2.0,Voted,1,0.3258882453885992,0.6492923728074044,-0.8684841111860602,-0.8705667371560182,-0.22821989564335046,-1.764556924967299
6.0,5.0,3.0,6.333333333333333,3.0,2.0,19.0,32.0,2.0,Voted,1,0.6757928778571621,0.4417440597402704,2.206217785019821,-1.4356138269327547,1.274798179046744,-1.1486655766636222
7.0,8.0,3.75,8.333333333333334,1.0,3.0,23.0,69.0,2.0,Voted,1,1.7255067752628512,1.6870339381430723,-0.8684841111860602,-0.8705667371560182,2.4772126387988194,0.9229689585396538
7.0,5.0,1.0,5.666666666666667,1.0,4.0,14.0,84.0,2.0,Voted,1,-2.123444181891342,0.026647433606003672,-0.8684841111860602,-0.3055196473792817,-0.22821989564335046,1.7628207971355765
7.0,5.0,2.0,5.0,1.0,8.0,13.0,60.0,1.0,Voted,1,-0.7238256520170899,-0.3884491925282636,-0.8684841111860602,1.9546687117276642,-0.5288235105813693,0.4190578553821001
5.0,5.0,2.25,5.0,1.0,5.0,12.0,57.0,2.0,Voted,1,-0.37392101954852686,-0.3884491925282636,-0.8684841111860602,0.25952744239745473,-0.8294271255193882,0.2510874876629156
8.0,4.0,2.75,6.333333333333333,1.0,3.0,16.0,78.0,1.0,Voted,1,0.3258882453885992,0.4417440597402704,-0.8684841111860602,-0.8705667371560182,0.37298733423268726,1.4268800616972073
8.0,7.0,3.5,7.333333333333333,4.0,4.0,18.0,53.0,2.0,Voted,1,1.3756021427942882,1.064388998941671,3.743568733122761,-0.3055196473792817,0.974194564108725,0.027126997370669537
9.0,7.0,2.5,8.333333333333334,1.0,2.0,14.0,65.0,2.0,Voted,1,-0.024016387079963866,1.6870339381430723,-0.8684841111860602,-1.4356138269327547,-0.22821989564335046,0.6990084682474077
1.0,2.0,2.5,2.0,1.0,5.0,15.0,46.0,1.0,Did not vote,0,-0.024016387079963866,-2.2563840101324657,-0.8684841111860602,0.25952744239745473,0.0723837192946684,-0.36480386064076104
3.0,2.0,2.25,6.333333333333333,2.0,5.0,13.0,58.0,1.0,Voted,1,-0.37392101954852686,0.4417440597402704,0.6688668369168803,0.25952744239745473,-0.5288235105813693,0.3070776102359771
7.0,3.0,2.5,6.0,1.0,6.0,16.0,59.0,2.0,Voted,1,-0.024016387079963866,0.23419574667313706,-0.8684841111860602,0.8245745321741912,0.37298733423268726,0.3630677328090386
7.0,4.0,2.25,5.666666666666667,1.0,3.0,16.0,43.0,2.0,Voted,1,-0.37392101954852686,0.026647433606003672,-0.8684841111860602,-0.8705667371560182,0.37298733423268726,-0.5327742283599456
5.0,4.0,2.75,7.0,1.0,4.0,14.0,43.0,2.0,Voted,1,0.3258882453885992,0.8568406858745377,-0.8684841111860602,-0.3055196473792817,-0.22821989564335046,-0.5327742283599456
3.0,4.0,2.0,5.666666666666667,2.0,6.0,15.0,68.0,1.0,Voted,1,-0.7238256520170899,0.026647433606003672,0.6688668369168803,0.8245745321741912,0.0723837192946684,0.8669788359665922
9.0,8.0,4.25,8.0,1.0,3.0,33.0,54.0,2.0,Voted,1,2.425316040199977,1.4794856250759383,-0.8684841111860602,-0.8705667371560182,5.483248788179009,0.08311711994373105
8.0,2.0,2.75,5.0,2.0,2.0,17.0,26.0,2.0,Voted,1,0.3258882453885992,-0.3884491925282636,0.6688668369168803,-1.4356138269327547,0.6735909491707062,-1.4846063121019912
6.0,3.0,1.75,4.0,2.0,3.0,11.0,66.0,2.0,Did not vote,0,-1.0737302844856529,-1.0110941317296642,0.6688668369168803,-0.8705667371560182,-1.130030740457407,0.7549985908204692
6.0,5.0,1.75,7.666666666666667,1.0,0.0,12.0,39.0,1.0,Voted,1,-1.0737302844856529,1.271937312008805,-0.8684841111860602,-2.5657080064862274,-0.8294271255193882,-0.7567347186521917
6.0,5.0,1.75,6.333333333333333,1.0,4.0,14.0,26.0,2.0,Voted,1,-1.0737302844856529,0.4417440597402704,-0.8684841111860602,-0.3055196473792817,-0.22821989564335046,-1.4846063121019912
7.0,4.0,3.25,5.0,1.0,5.0,14.0,73.0,1.0,Voted,1,1.025697510325725,-0.3884491925282636,-0.8684841111860602,0.25952744239745473,-0.22821989564335046,1.1469294488318997
5.0,4.0,2.25,6.333333333333333,1.0,5.0,14.0,61.0,2.0,Voted,1,-0.37392101954852686,0.4417440597402704,-0.8684841111860602,0.25952744239745473,-0.22821989564335046,0.4750479779551616
3.0,3.0,1.25,3.6666666666666665,2.0,0.0,13.0,35.0,2.0,Did not vote,0,-1.773539549422779,-1.2186424447967978,0.6688668369168803,-2.5657080064862274,-0.5288235105813693,-0.9806952089444377
7.0,4.0,1.5,3.3333333333333335,2.0,7.0,11.0,88.0,2.0,Voted,1,-1.423634916954216,-1.4261907578639312,0.6688668369168803,1.3896216219509276,-1.130030740457407,1.9867812874278226
2.0,0.0,2.0,3.3333333333333335,4.0,8.0,17.0,42.0,2.0,Did not vote,0,-0.7238256520170899,-1.4261907578639312,3.743568733122761,1.9546687117276642,0.6735909491707062,-0.5887643509330072
8.0,3.0,2.5,5.0,1.0,3.0,11.0,72.0,2.0,Voted,1,-0.024016387079963866,-0.3884491925282636,-0.8684841111860602,-0.8705667371560182,-1.130030740457407,1.0909393262588383
5.0,2.0,2.5,7.0,2.0,5.0,12.0,61.0,1.0,Voted,1,-0.024016387079963866,0.8568406858745377,0.6688668369168803,0.25952744239745473,-0.8294271255193882,0.4750479779551616
9.0,6.0,4.5,6.333333333333333,1.0,5.0,21.0,36.0,1.0,Voted,1,2.7752206726685404,0.4417440597402704,-0.8684841111860602,0.25952744239745473,1.8760054089227816,-0.9247050863713762
5.0,4.0,2.75,5.0,2.0,5.0,19.0,39.0,2.0,Voted,1,0.3258882453885992,-0.3884491925282636,0.6688668369168803,0.25952744239745473,1.274798179046744,-0.7567347186521917
3.0,2.0,2.5,3.3333333333333335,1.0,8.0,16.0,52.0,1.0,Voted,1,-0.024016387079963866,-1.4261907578639312,-0.8684841111860602,1.9546687117276642,0.37298733423268726,-0.028863125202391978
8.0,7.0,2.5,7.333333333333333,2.0,4.0,15.0,78.0,2.0,Voted,1,-0.024016387079963866,1.064388998941671,0.6688668369168803,-0.3055196473792817,0.0723837192946684,1.4268800616972073
5.0,1.0,2.0,7.0,2.0,5.0,15.0,87.0,1.0,Voted,1,-0.7238256520170899,0.8568406858745377,0.6688668369168803,0.25952744239745473,0.0723837192946684,1.9307911648547609
4.0,9.0,3.5,7.333333333333333,2.0,5.0,13.0,90.0,2.0,Voted,1,1.3756021427942882,1.064388998941671,0.6688668369168803,0.25952744239745473,-0.5288235105813693,2.0987615325739455
2.0,5.0,2.25,5.333333333333333,3.0,5.0,14.0,75.0,2.0,Voted,1,-0.37392101954852686,-0.18090087946113026,2.206217785019821,0.25952744239745473,-0.22821989564335046,1.2589096939780229
7.0,3.0,2.5,5.0,1.0,4.0,14.0,58.0,1.0,Voted,1,-0.024016387079963866,-0.3884491925282636,-0.8684841111860602,-0.3055196473792817,-0.22821989564335046,0.3070776102359771
5.0,5.0,2.25,0.3333333333333333,2.0,5.0,12.0,22.0,2.0,Voted,1,-0.37392101954852686,-3.294125575468134,0.6688668369168803,0.25952744239745473,-0.8294271255193882,-1.7085668023942373
7.0,4.0,1.75,4.0,2.0,5.0,13.0,51.0,2.0,Voted,1,-1.0737302844856529,-1.0110941317296642,0.6688668369168803,0.25952744239745473,-0.5288235105813693,-0.08485324777545349
8.0,7.0,3.75,7.0,1.0,3.0,13.0,71.0,2.0,Voted,1,1.7255067752628512,0.8568406858745377,-0.8684841111860602,-0.8705667371560182,-0.5288235105813693,1.0349492036857768
7.0,3.0,1.75,6.333333333333333,1.0,6.0,15.0,63.0,1.0,Voted,1,-1.0737302844856529,0.4417440597402704,-0.8684841111860602,0.8245745321741912,0.0723837192946684,0.5870282231012847
6.0,7.0,2.75,6.333333333333333,1.0,4.0,22.0,48.0,1.0,Voted,1,0.3258882453885992,0.4417440597402704,-0.8684841111860602,-0.3055196473792817,2.1766090238608005,-0.25282361549463805
4.0,2.0,2.5,6.666666666666667,2.0,6.0,13.0,76.0,1.0,Voted,1,-0.024016387079963866,0.6492923728074044,0.6688668369168803,0.8245745321741912,-0.5288235105813693,1.3148998165510843
3.0,3.0,2.25,5.0,1.0,6.0,12.0,64.0,1.0,Voted,1,-0.37392101954852686,-0.3884491925282636,-0.8684841111860602,0.8245745321741912,-0.8294271255193882,0.6430183456743461
3.0,1.0,2.75,3.3333333333333335,1.0,5.0,16.0,36.0,2.0,Voted,1,0.3258882453885992,-1.4261907578639312,-0.8684841111860602,0.25952744239745473,0.37298733423268726,-0.9247050863713762
1.0,3.0,2.75,5.0,2.0,4.0,13.0,49.0,2.0,Voted,1,0.3258882453885992,-0.3884491925282636,0.6688668369168803,-0.3055196473792817,-0.5288235105813693,-0.1968334929215765
8.0,3.0,4.0,5.0,1.0,5.0,15.0,59.0,1.0,Voted,1,2.0754114077314143,-0.3884491925282636,-0.8684841111860602,0.25952744239745473,0.0723837192946684,0.3630677328090386
10.0,0.0,2.5,5.666666666666667,1.0,3.0,16.0,55.0,1.0,Voted,1,-0.024016387079963866,0.026647433606003672,-0.8684841111860602,-0.8705667371560182,0.37298733423268726,0.13910724251679257
5.0,3.0,1.5,8.0,2.0,4.0,12.0,51.0,2.0,Voted,1,-1.423634916954216,1.4794856250759383,0.6688668369168803,-0.3055196473792817,-0.8294271255193882,-0.08485324777545349
9.0,7.0,4.0,7.666666666666667,2.0,1.0,14.0,20.0,1.0,Voted,1,2.0754114077314143,1.271937312008805,0.6688668369168803,-2.0006609167094913,-0.22821989564335046,-1.8205470475403605
7.0,6.0,2.5,7.0,1.0,5.0,15.0,47.0,2.0,Voted,1,-0.024016387079963866,0.8568406858745377,-0.8684841111860602,0.25952744239745473,0.0723837192946684,-0.3088137380676995
1.0,1.0,2.75,5.666666666666667,1.0,5.0,13.0,33.0,1.0,Voted,1,0.3258882453885992,0.026647433606003672,-0.8684841111860602,0.25952744239745473,-0.5288235105813693,-1.0926754540905608
4.0,1.0,1.25,3.0,1.0,5.0,13.0,41.0,2.0,Voted,1,-1.773539549422779,-1.6337390709310649,-0.8684841111860602,0.25952744239745473,-0.5288235105813693,-0.6447544735060686
0.0,0.0,2.75,3.0,2.0,5.0,15.0,45.0,1.0,Did not vote,0,0.3258882453885992,-1.6337390709310649,0.6688668369168803,0.25952744239745473,0.0723837192946684,-0.42079398321382255
6.0,4.0,2.5,6.333333333333333,2.0,3.0,18.0,73.0,1.0,Voted,1,-0.024016387079963866,0.4417440597402704,0.6688668369168803,-0.8705667371560182,0.974194564108725,1.1469294488318997
5.0,4.0,2.75,6.333333333333333,2.0,3.0,19.0,29.0,2.0,Voted,1,0.3258882453885992,0.4417440597402704,0.6688668369168803,-0.8705667371560182,1.274798179046744,-1.3166359443828068
7.0,4.0,3.5,4.666666666666667,1.0,5.0,12.0,63.0,1.0,Voted,1,1.3756021427942882,-0.595997505595397,-0.8684841111860602,0.25952744239745473,-0.8294271255193882,0.5870282231012847
6.0,5.0,2.5,6.0,2.0,5.0,17.0,32.0,1.0,Voted,1,-0.024016387079963866,0.23419574667313706,0.6688668369168803,0.25952744239745473,0.6735909491707062,-1.1486655766636222
5.0,8.0,3.0,4.0,1.0,3.0,14.0,79.0,1.0,Voted,1,0.6757928778571621,-1.0110941317296642,-0.8684841111860602,-0.8705667371560182,-0.22821989564335046,1.482870184270269
2.0,3.0,2.75,6.333333333333333,1.0,0.0,16.0,72.0,2.0,Voted,1,0.3258882453885992,0.4417440597402704,-0.8684841111860602,-2.5657080064862274,0.37298733423268726,1.0909393262588383
8.0,9.0,4.0,7.333333333333333,2.0,3.0,25.0,41.0,1.0,Voted,1,2.0754114077314143,1.064388998941671,0.6688668369168803,-0.8705667371560182,3.078419868674857,-0.6447544735060686
0.0,1.0,1.75,4.0,2.0,10.0,9.0,74.0,2.0,Voted,1,-1.0737302844856529,-1.0110941317296642,0.6688668369168803,3.084762891281137,-1.7312379703334448,1.2029195714049614
6.0,4.0,2.75,6.333333333333333,1.0,4.0,17.0,67.0,1.0,Voted,1,0.3258882453885992,0.4417440597402704,-0.8684841111860602,-0.3055196473792817,0.6735909491707062,0.8109887133935307
7.0,7.0,2.25,6.666666666666667,1.0,3.0,13.0,51.0,2.0,Voted,1,-0.37392101954852686,0.6492923728074044,-0.8684841111860602,-0.8705667371560182,-0.5288235105813693,-0.08485324777545349
8.0,5.0,2.5,4.333333333333333,1.0,5.0,17.0,66.0,1.0,Voted,1,-0.024016387079963866,-0.8035458186625309,-0.8684841111860602,0.25952744239745473,0.6735909491707062,0.7549985908204692
0.0,0.0,1.0,3.6666666666666665,4.0,5.0,13.0,54.0,2.0,Voted,1,-2.123444181891342,-1.2186424447967978,3.743568733122761,0.25952744239745473,-0.5288235105813693,0.08311711994373105
6.0,4.0,1.5,4.666666666666667,2.0,5.0,13.0,35.0,1.0,Voted,1,-1.423634916954216,-0.595997505595397,0.6688668369168803,0.25952744239745473,-0.5288235105813693,-0.9806952089444377
0.0,0.0,1.25,5.0,1.0,5.0,8.0,90.0,2.0,Voted,1,-1.773539549422779,-0.3884491925282636,-0.8684841111860602,0.25952744239745473,-2.0318415852714637,2.0987615325739455
6.0,6.0,2.5,8.0,1.0,5.0,13.0,23.0,1.0,Voted,1,-0.024016387079963866,1.4794856250759383,-0.8684841111860602,0.25952744239745473,-0.5288235105813693,-1.6525766798211758
7.0,8.0,3.5,6.0,1.0,3.0,16.0,83.0,2.0,Voted,1,1.3756021427942882,0.23419574667313706,-0.8684841111860602,-0.8705667371560182,0.37298733423268726,1.706830674562515
7.0,7.0,3.5,7.333333333333333,1.0,5.0,19.0,49.0,1.0,Voted,1,1.3756021427942882,1.064388998941671,-0.8684841111860602,0.25952744239745473,1.274798179046744,-0.1968334929215765
2.0,2.0,2.0,5.333333333333333,2.0,5.0,12.0,68.0,1.0,Voted,1,-0.7238256520170899,-0.18090087946113026,0.6688668369168803,0.25952744239745473,-0.8294271255193882,0.8669788359665922
7.0,6.0,4.25,6.0,1.0,5.0,19.0,34.0,2.0,Voted,1,2.425316040199977,0.23419574667313706,-0.8684841111860602,0.25952744239745473,1.274798179046744,-1.0366853315174993
7.0,6.0,3.0,4.333333333333333,1.0,5.0,15.0,58.0,1.0,Voted,1,0.6757928778571621,-0.8035458186625309,-0.8684841111860602,0.25952744239745473,0.0723837192946684,0.3070776102359771
8.0,6.0,2.5,6.0,2.0,4.0,18.0,67.0,2.0,Voted,1,-0.024016387079963866,0.23419574667313706,0.6688668369168803,-0.3055196473792817,0.974194564108725,0.8109887133935307
7.0,4.0,2.75,4.0,1.0,8.0,14.0,66.0,1.0,Voted,1,0.3258882453885992,-1.0110941317296642,-0.8684841111860602,1.9546687117276642,-0.22821989564335046,0.7549985908204692
8.0,6.0,2.5,4.666666666666667,2.0,5.0,13.0,38.0,2.0,Voted,1,-0.024016387079963866,-0.595997505595397,0.6688668369168803,0.25952744239745473,-0.5288235105813693,-0.8127248412252531
8.0,7.0,3.25,5.666666666666667,1.0,6.0,17.0,60.0,1.0,Voted,1,1.025697510325725,0.026647433606003672,-0.8684841111860602,0.8245745321741912,0.6735909491707062,0.4190578553821001
4.0,4.0,2.0,7.333333333333333,2.0,5.0,17.0,60.0,1.0,Voted,1,-0.7238256520170899,1.064388998941671,0.6688668369168803,0.25952744239745473,0.6735909491707062,0.4190578553821001
7.0,2.0,2.5,4.0,2.0,5.0,10.0,53.0,1.0,Voted,1,-0.024016387079963866,-1.0110941317296642,0.6688668369168803,0.25952744239745473,-1.430634355395426,0.027126997370669537
7.0,7.0,2.5,6.333333333333333,2.0,4.0,12.0,70.0,1.0,Voted,1,-0.024016387079963866,0.4417440597402704,0.6688668369168803,-0.3055196473792817,-0.8294271255193882,0.9789590811127152
6.0,4.0,3.0,6.0,1.0,5.0,19.0,42.0,2.0,Voted,1,0.6757928778571621,0.23419574667313706,-0.8684841111860602,0.25952744239745473,1.274798179046744,-0.5887643509330072
6.0,2.0,3.0,4.333333333333333,2.0,5.0,13.0,66.0,1.0,Voted,1,0.6757928778571621,-0.8035458186625309,0.6688668369168803,0.25952744239745473,-0.5288235105813693,0.7549985908204692
7.0,4.0,3.25,7.0,1.0,0.0,17.0,23.0,1.0,Voted,1,1.025697510325725,0.8568406858745377,-0.8684841111860602,-2.5657080064862274,0.6735909491707062,-1.6525766798211758
8.0,5.0,3.25,7.333333333333333,1.0,6.0,12.0,59.0,2.0,Voted,1,1.025697510325725,1.064388998941671,-0.8684841111860602,0.8245745321741912,-0.8294271255193882,0.3630677328090386
4.0,3.0,2.75,5.666666666666667,1.0,5.0,13.0,48.0,2.0,Voted,1,0.3258882453885992,0.026647433606003672,-0.8684841111860602,0.25952744239745473,-0.5288235105813693,-0.25282361549463805
7.0,4.0,2.5,5.0,1.0,3.0,12.0,61.0,1.0,Voted,1,-0.024016387079963866,-0.3884491925282636,-0.8684841111860602,-0.8705667371560182,-0.8294271255193882,0.4750479779551616
7.0,5.0,3.0,8.333333333333334,1.0,5.0,13.0,83.0,1.0,Voted,1,0.6757928778571621,1.6870339381430723,-0.8684841111860602,0.25952744239745473,-0.5288235105813693,1.706830674562515
2.0,1.0,2.5,2.0,2.0,5.0,13.0,38.0,2.0,Voted,1,-0.024016387079963866,-2.2563840101324657,0.6688668369168803,0.25952744239745473,-0.5288235105813693,-0.8127248412252531
8.0,5.0,2.0,7.0,2.0,5.0,12.0,58.0,2.0,Voted,1,-0.7238256520170899,0.8568406858745377,0.6688668369168803,0.25952744239745473,-0.8294271255193882,0.3070776102359771
10.0,8.0,3.0,7.333333333333333,1.0,5.0,21.0,68.0,1.0,Voted,1,0.6757928778571621,1.064388998941671,-0.8684841111860602,0.25952744239745473,1.8760054089227816,0.8669788359665922
4.0,5.0,2.0,6.0,2.0,6.0,15.0,39.0,1.0,Voted,1,-0.7238256520170899,0.23419574667313706,0.6688668369168803,0.8245745321741912,0.0723837192946684,-0.7567347186521917
5.0,1.0,2.0,5.333333333333333,2.0,5.0,12.0,71.0,1.0,Voted,1,-0.7238256520170899,-0.18090087946113026,0.6688668369168803,0.25952744239745473,-0.8294271255193882,1.0349492036857768
7.0,0.0,1.0,2.3333333333333335,1.0,5.0,12.0,75.0,1.0,Voted,1,-2.123444181891342,-2.048835697065332,-0.8684841111860602,0.25952744239745473,-0.8294271255193882,1.2589096939780229
6.0,6.0,3.0,6.333333333333333,2.0,4.0,17.0,48.0,2.0,Voted,1,0.6757928778571621,0.4417440597402704,0.6688668369168803,-0.3055196473792817,0.6735909491707062,-0.25282361549463805
4.0,2.0,3.0,7.333333333333333,1.0,7.0,16.0,50.0,1.0,Voted,1,0.6757928778571621,1.064388998941671,-0.8684841111860602,1.3896216219509276,0.37298733423268726,-0.14084337034851502
9.0,2.0,2.5,7.0,2.0,3.0,16.0,54.0,2.0,Voted,1,-0.024016387079963866,0.8568406858745377,0.6688668369168803,-0.8705667371560182,0.37298733423268726,0.08311711994373105
0.0,0.0,2.0,6.333333333333333,2.0,6.0,16.0,49.0,2.0,Voted,1,-0.7238256520170899,0.4417440597402704,0.6688668369168803,0.8245745321741912,0.37298733423268726,-0.1968334929215765
7.0,3.0,2.5,4.333333333333333,2.0,8.0,13.0,24.0,1.0,Voted,1,-0.024016387079963866,-0.8035458186625309,0.6688668369168803,1.9546687117276642,-0.5288235105813693,-1.5965865572481144
4.0,3.0,3.0,2.6666666666666665,1.0,4.0,11.0,21.0,2.0,Voted,1,0.6757928778571621,-1.8412873839981987,-0.8684841111860602,-0.3055196473792817,-1.130030740457407,-1.764556924967299
4.0,3.0,2.75,5.666666666666667,1.0,5.0,19.0,29.0,2.0,Voted,1,0.3258882453885992,0.026647433606003672,-0.8684841111860602,0.25952744239745473,1.274798179046744,-1.3166359443828068
4.0,1.0,1.75,4.0,1.0,5.0,13.0,58.0,2.0,Voted,1,-1.0737302844856529,-1.0110941317296642,-0.8684841111860602,0.25952744239745473,-0.5288235105813693,0.3070776102359771
7.0,5.0,2.5,7.0,2.0,4.0,16.0,40.0,2.0,Voted,1,-0.024016387079963866,0.8568406858745377,0.6688668369168803,-0.3055196473792817,0.37298733423268726,-0.7007445960791301
